target_gene	probe_count	annotated_ensembl_isoform_count	matched_probe_count	unmatched_probe_count	hit_isoform_count	hit_isoforms	common_to_all_probes_count	common_to_all_probes	distinct_probe_isoform_sets	classification
AATK	5	16	5	0	15	ENST00000326724.9,ENST00000374792.6,ENST00000417379.6,ENST00000570932.5,ENST00000572339.5,ENST00000573441.1,ENST00000573469.1,ENST00000575363.1,ENST00000576053.1,ENST00000650574.1,ENST00000867059.2,ENST00001055851.1,ENST00001055852.1,ENST00001126497.1,ENST00001142819.1	7	ENST00000326724.9,ENST00000417379.6,ENST00000867059.2,ENST00001055851.1,ENST00001055852.1,ENST00001126497.1,ENST00001142819.1	5	multiple_isoforms_differential_probe_coverage
ABL1	5	9	5	0	8	ENST00000318560.6,ENST00000372348.9,ENST00000929253.1,ENST00000929254.1,ENST00000929255.2,ENST00001067205.1,ENST00001067206.1,ENST00001067207.1	8	ENST00000318560.6,ENST00000372348.9,ENST00000929253.1,ENST00000929254.1,ENST00000929255.2,ENST00001067205.1,ENST00001067206.1,ENST00001067207.1	1	multiple_isoforms_same_probe_coverage
ABL2	5	14	5	0	14	ENST00000344730.8,ENST00000367623.8,ENST00000502732.6,ENST00000504324.1,ENST00000504405.5,ENST00000507173.5,ENST00000508127.1,ENST00000509520.5,ENST00000511413.5,ENST00000512653.6,ENST00000659126.1,ENST00000660584.1,ENST00000662960.1,ENST00000668691.1	8	ENST00000344730.8,ENST00000367623.8,ENST00000502732.6,ENST00000504405.5,ENST00000507173.5,ENST00000511413.5,ENST00000512653.6,ENST00000668691.1	4	multiple_isoforms_differential_probe_coverage
ACE	5	33	5	0	26	ENST00000290863.11,ENST00000290866.10,ENST00000413513.8,ENST00000428043.6,ENST00000577418.5,ENST00000578839.5,ENST00000579204.1,ENST00000579314.5,ENST00000579726.5,ENST00000582005.5,ENST00000582244.1,ENST00000582678.5,ENST00000582761.1,ENST00000584865.5,ENST00000884274.2,ENST00000884275.2,ENST00000884276.2,ENST00000884277.2,ENST00000884278.2,ENST00000884279.2,ENST00000884280.2,ENST00000884281.2,ENST00000953328.2,ENST00001038909.1,ENST00001108863.1,ENST00001135621.1	13	ENST00000290863.11,ENST00000290866.10,ENST00000413513.8,ENST00000428043.6,ENST00000579314.5,ENST00000884274.2,ENST00000884277.2,ENST00000884278.2,ENST00000884279.2,ENST00000884280.2,ENST00000884281.2,ENST00000953328.2,ENST00001135621.1	5	multiple_isoforms_differential_probe_coverage
ACE2	5	19	5	0	19	ENST00000252519.8,ENST00000427411.2,ENST00000471548.5,ENST00000473851.1,ENST00000677282.1,ENST00000678046.2,ENST00000678073.1,ENST00000679162.2,ENST00000679212.2,ENST00000679278.2,ENST00000680121.1,ENST00000871928.2,ENST00000871929.2,ENST00000871930.2,ENST00000871931.2,ENST00000954330.2,ENST00000954331.2,ENST00001016425.1,ENST00001016427.1	16	ENST00000252519.8,ENST00000427411.2,ENST00000678046.2,ENST00000678073.1,ENST00000679162.2,ENST00000679212.2,ENST00000679278.2,ENST00000680121.1,ENST00000871928.2,ENST00000871929.2,ENST00000871930.2,ENST00000871931.2,ENST00000954330.2,ENST00000954331.2,ENST00001016425.1,ENST00001016427.1	3	multiple_isoforms_differential_probe_coverage
ACKR1	5	8	5	0	8	ENST00000368121.6,ENST00000368122.4,ENST00000435307.2,ENST00000714112.2,ENST00000851528.2,ENST00000960790.2,ENST00000960791.2,ENST00000960792.2	7	ENST00000368121.6,ENST00000368122.4,ENST00000435307.2,ENST00000851528.2,ENST00000960790.2,ENST00000960791.2,ENST00000960792.2	2	multiple_isoforms_differential_probe_coverage
ACKR3	5	10	5	0	10	ENST00000272928.4,ENST00000447924.1,ENST00000929731.2,ENST00000946093.2,ENST00000946094.2,ENST00000946095.2,ENST00000946096.2,ENST00000946097.1,ENST00000946098.2,ENST00001142521.1	9	ENST00000272928.4,ENST00000929731.2,ENST00000946093.2,ENST00000946094.2,ENST00000946095.2,ENST00000946096.2,ENST00000946097.1,ENST00000946098.2,ENST00001142521.1	2	multiple_isoforms_differential_probe_coverage
ACKR4	5	5	5	0	5	ENST00000249887.3,ENST00000509820.1,ENST00000878670.2,ENST00000964709.2,ENST00001145271.1	4	ENST00000249887.3,ENST00000878670.2,ENST00000964709.2,ENST00001145271.1	2	multiple_isoforms_differential_probe_coverage
ACTA2	5	45	5	0	45	ENST00000224784.10,ENST00000415557.3,ENST00000458159.7,ENST00000480297.6,ENST00000482085.2,ENST00000488967.5,ENST00000713597.2,ENST00000713598.2,ENST00000713599.2,ENST00000713600.2,ENST00000713601.2,ENST00000713602.2,ENST00000713603.1,ENST00000903375.2,ENST00000903376.2,ENST00000903377.2,ENST00000946937.2,ENST00000946938.2,ENST00000946939.2,ENST00000946940.2,ENST00000946941.2,ENST00000946942.2,ENST00000946943.2,ENST00000946944.2,ENST00000946945.2,ENST00000946946.2,ENST00000946947.2,ENST00000946948.2,ENST00000946949.2,ENST00000946950.2,ENST00000946951.2,ENST00000946952.2,ENST00000946953.2,ENST00001007111.1,ENST00001013881.1,ENST00001013892.1,ENST00001013897.1,ENST00001013903.1,ENST00001092789.1,ENST00001092790.1,ENST00001092791.1,ENST00001092792.1,ENST00001092793.1,ENST00001124794.1,ENST00001142517.1	36	ENST00000224784.10,ENST00000415557.3,ENST00000458159.7,ENST00000480297.6,ENST00000713597.2,ENST00000713598.2,ENST00000713599.2,ENST00000713600.2,ENST00000713602.2,ENST00000713603.1,ENST00000903375.2,ENST00000903377.2,ENST00000946937.2,ENST00000946938.2,ENST00000946939.2,ENST00000946940.2,ENST00000946941.2,ENST00000946942.2,ENST00000946943.2,ENST00000946944.2,ENST00000946945.2,ENST00000946947.2,ENST00000946948.2,ENST00000946949.2,ENST00000946950.2,ENST00000946951.2,ENST00000946952.2,ENST00000946953.2,ENST00001013881.1,ENST00001013892.1,ENST00001013897.1,ENST00001013903.1,ENST00001092789.1,ENST00001092792.1,ENST00001124794.1,ENST00001142517.1	5	multiple_isoforms_differential_probe_coverage
ACTG2	5	38	5	0	38	ENST00000345517.8,ENST00000409624.2,ENST00000409731.7,ENST00000409918.6,ENST00000429756.5,ENST00000438902.6,ENST00000442912.5,ENST00000468543.5,ENST00000473016.1,ENST00000880127.2,ENST00000880128.2,ENST00000880129.2,ENST00000880130.2,ENST00000880131.2,ENST00000880132.2,ENST00000958362.2,ENST00000958363.2,ENST00000958364.2,ENST00000958365.2,ENST00000958366.2,ENST00000958367.2,ENST00000958368.2,ENST00000958369.2,ENST00000958370.2,ENST00000958371.2,ENST00000958372.2,ENST00000958373.2,ENST00001002269.1,ENST00001002270.1,ENST00001019386.1,ENST00001019387.1,ENST00001098411.1,ENST00001098412.1,ENST00001098413.1,ENST00001112653.1,ENST00001126380.1,ENST00001129169.1,ENST00001140083.1	22	ENST00000345517.8,ENST00000409624.2,ENST00000409731.7,ENST00000880128.2,ENST00000880129.2,ENST00000880130.2,ENST00000880131.2,ENST00000880132.2,ENST00000958362.2,ENST00000958363.2,ENST00000958364.2,ENST00000958365.2,ENST00000958366.2,ENST00000958367.2,ENST00000958368.2,ENST00000958369.2,ENST00000958370.2,ENST00000958371.2,ENST00000958372.2,ENST00000958373.2,ENST00001098411.1,ENST00001140083.1	5	multiple_isoforms_differential_probe_coverage
ACVR1	5	54	5	0	53	ENST00000263640.8,ENST00000409283.7,ENST00000410057.7,ENST00000412025.5,ENST00000424669.7,ENST00000434821.7,ENST00000440523.5,ENST00000487456.1,ENST00000539637.7,ENST00000672582.2,ENST00000681995.1,ENST00000682025.2,ENST00000682300.2,ENST00000682690.1,ENST00000683404.1,ENST00000683426.2,ENST00000683441.2,ENST00000683487.2,ENST00000683514.1,ENST00000683820.2,ENST00000684104.1,ENST00000684348.2,ENST00000684567.1,ENST00000684595.2,ENST00000864651.2,ENST00000864652.2,ENST00000864653.2,ENST00000864654.2,ENST00000864655.2,ENST00000864656.2,ENST00000864657.2,ENST00000864658.2,ENST00000864659.2,ENST00000864660.2,ENST00000864661.2,ENST00000864662.2,ENST00000864663.2,ENST00000864664.2,ENST00000933462.2,ENST00000945751.2,ENST00000945752.2,ENST00000945753.2,ENST00000945754.2,ENST00000945755.2,ENST00000945756.2,ENST00000945757.2,ENST00000945758.2,ENST00000945759.2,ENST00000945760.2,ENST00000945761.2,ENST00001042656.1,ENST00001042657.1,ENST00001145287.1	42	ENST00000263640.8,ENST00000409283.7,ENST00000410057.7,ENST00000424669.7,ENST00000434821.7,ENST00000539637.7,ENST00000672582.2,ENST00000682025.2,ENST00000682300.2,ENST00000682690.1,ENST00000683404.1,ENST00000683426.2,ENST00000683441.2,ENST00000683487.2,ENST00000683820.2,ENST00000684348.2,ENST00000684595.2,ENST00000864651.2,ENST00000864652.2,ENST00000864653.2,ENST00000864654.2,ENST00000864655.2,ENST00000864656.2,ENST00000864657.2,ENST00000864658.2,ENST00000864659.2,ENST00000864660.2,ENST00000864661.2,ENST00000864662.2,ENST00000864663.2,ENST00000864664.2,ENST00000945751.2,ENST00000945753.2,ENST00000945754.2,ENST00000945755.2,ENST00000945756.2,ENST00000945758.2,ENST00000945759.2,ENST00000945760.2,ENST00000945761.2,ENST00001042657.1,ENST00001145287.1	4	multiple_isoforms_differential_probe_coverage
ACVR1B	5	17	5	0	16	ENST00000257963.9,ENST00000415850.6,ENST00000426655.7,ENST00000536420.5,ENST00000541224.6,ENST00000542485.2,ENST00000900345.1,ENST00000900346.2,ENST00000900347.2,ENST00000900348.2,ENST00000900349.2,ENST00000900350.2,ENST00000916256.2,ENST00000994361.1,ENST00000994362.1,ENST00001135057.1	12	ENST00000257963.9,ENST00000415850.6,ENST00000426655.7,ENST00000541224.6,ENST00000542485.2,ENST00000900347.2,ENST00000900348.2,ENST00000900350.2,ENST00000916256.2,ENST00000994361.1,ENST00000994362.1,ENST00001135057.1	2	multiple_isoforms_differential_probe_coverage
ACVR2A	5	15	5	0	15	ENST00000241416.12,ENST00000404590.2,ENST00000462659.1,ENST00000465329.1,ENST00000487959.5,ENST00000495775.1,ENST00000535787.6,ENST00000873789.2,ENST00000935938.2,ENST00000943648.2,ENST00000943649.2,ENST00000943650.2,ENST00000943651.2,ENST00000943652.2,ENST00001144234.1	11	ENST00000241416.12,ENST00000404590.2,ENST00000535787.6,ENST00000873789.2,ENST00000935938.2,ENST00000943648.2,ENST00000943649.2,ENST00000943650.2,ENST00000943651.2,ENST00000943652.2,ENST00001144234.1	4	multiple_isoforms_differential_probe_coverage
ACVRL1	5	31	5	0	30	ENST00000388922.9,ENST00000419526.7,ENST00000547400.6,ENST00000547632.1,ENST00000550683.6,ENST00000551576.6,ENST00000552678.3,ENST00000713618.1,ENST00000713619.2,ENST00000910197.2,ENST00000910198.2,ENST00000910199.1,ENST00000910200.2,ENST00000910201.2,ENST00000910202.2,ENST00000910203.2,ENST00000910204.2,ENST00000910205.2,ENST00000942784.2,ENST00000942785.2,ENST00000942786.2,ENST00000942787.2,ENST00000981456.1,ENST00000981458.1,ENST00000981459.1,ENST00001027687.1,ENST00001027688.1,ENST00001027689.1,ENST00001102168.1,ENST00001119516.1	20	ENST00000388922.9,ENST00000547400.6,ENST00000550683.6,ENST00000551576.6,ENST00000910197.2,ENST00000910198.2,ENST00000910199.1,ENST00000910201.2,ENST00000910202.2,ENST00000910203.2,ENST00000910205.2,ENST00000942784.2,ENST00000981456.1,ENST00000981458.1,ENST00000981459.1,ENST00001027687.1,ENST00001027688.1,ENST00001027689.1,ENST00001102168.1,ENST00001119516.1	5	multiple_isoforms_differential_probe_coverage
ADGRA2	5	8	5	0	8	ENST00000315215.12,ENST00000412232.3,ENST00000428068.5,ENST00000875442.2,ENST00000923347.2,ENST00000947409.2,ENST00000947410.2,ENST00001136629.1	7	ENST00000315215.12,ENST00000412232.3,ENST00000875442.2,ENST00000923347.2,ENST00000947409.2,ENST00000947410.2,ENST00001136629.1	2	multiple_isoforms_differential_probe_coverage
ADGRA3	5	33	5	0	28	ENST00000282943.9,ENST00000334304.10,ENST00000502482.2,ENST00000506133.5,ENST00000506155.1,ENST00000508133.5,ENST00000511051.5,ENST00000514129.5,ENST00000878434.2,ENST00000878435.2,ENST00000878436.2,ENST00000983489.1,ENST00001029708.1,ENST00001029709.1,ENST00001029710.1,ENST00001029711.1,ENST00001029712.1,ENST00001029713.1,ENST00001059942.1,ENST00001059943.1,ENST00001059945.1,ENST00001059946.1,ENST00001108903.1,ENST00001108904.1,ENST00001115902.1,ENST00001115903.1,ENST00001115904.1,ENST00001134779.1	18	ENST00000282943.9,ENST00000334304.10,ENST00000878434.2,ENST00000878435.2,ENST00000878436.2,ENST00001029708.1,ENST00001029709.1,ENST00001029710.1,ENST00001029711.1,ENST00001029712.1,ENST00001029713.1,ENST00001059942.1,ENST00001059943.1,ENST00001059945.1,ENST00001108903.1,ENST00001115902.1,ENST00001115903.1,ENST00001134779.1	4	multiple_isoforms_differential_probe_coverage
ADGRB2	5	15	5	0	13	ENST00000373655.6,ENST00000373658.8,ENST00000398538.6,ENST00000398542.5,ENST00000398547.5,ENST00000398556.7,ENST00000420125.5,ENST00000465256.5,ENST00000466109.1,ENST00000527361.6,ENST00000530134.5,ENST00000530999.1,ENST00000533175.1	7	ENST00000373655.6,ENST00000373658.8,ENST00000398538.6,ENST00000398542.5,ENST00000398547.5,ENST00000398556.7,ENST00000527361.6	5	multiple_isoforms_differential_probe_coverage
ADGRB3	5	9	5	0	9	ENST00000238918.13,ENST00000370598.6,ENST00000546190.5,ENST00000603207.1,ENST00000604969.1,ENST00000684661.1,ENST00001108876.1,ENST00001112577.1,ENST00001135200.1	4	ENST00000370598.6,ENST00000546190.5,ENST00000684661.1,ENST00001135200.1	3	multiple_isoforms_differential_probe_coverage
ADGRD1	5	42	5	0	22	ENST00000261654.10,ENST00000335486.11,ENST00000376682.8,ENST00000446583.6,ENST00000535015.6,ENST00000543617.2,ENST00000544673.5,ENST00000545900.5,ENST00000881059.2,ENST00000881060.2,ENST00000881061.2,ENST00000881062.2,ENST00000881063.2,ENST00000964278.2,ENST00001014126.1,ENST00001112481.1,ENST00001112482.1,ENST00001112483.1,ENST00001124014.1,ENST00001124015.1,ENST00001124016.1,ENST00001138586.1	13	ENST00000261654.10,ENST00000535015.6,ENST00000881059.2,ENST00000881060.2,ENST00000881061.2,ENST00000881062.2,ENST00000881063.2,ENST00000964278.2,ENST00001014126.1,ENST00001112481.1,ENST00001124014.1,ENST00001124015.1,ENST00001138586.1	3	multiple_isoforms_differential_probe_coverage
ADGRE1	5	9	5	0	9	ENST00000250572.13,ENST00000312053.9,ENST00000381404.9,ENST00000381407.10,ENST00000450315.8,ENST00000595026.1,ENST00000596944.1,ENST00000601198.5,ENST00001141768.1	6	ENST00000250572.13,ENST00000312053.9,ENST00000381404.9,ENST00000381407.10,ENST00000450315.8,ENST00001141768.1	3	multiple_isoforms_differential_probe_coverage
ADGRE2	5	24	5	0	21	ENST00000315576.8,ENST00000360222.8,ENST00000392962.3,ENST00000392965.8,ENST00000594076.5,ENST00000594294.5,ENST00000595208.5,ENST00000595839.5,ENST00000596991.6,ENST00000601345.6,ENST00000904386.2,ENST00000904387.2,ENST00000904388.2,ENST00000904389.2,ENST00000904390.2,ENST00000938770.2,ENST00000938771.2,ENST00000944172.2,ENST00001107022.1,ENST00001131168.1,ENST00001138424.1	17	ENST00000315576.8,ENST00000360222.8,ENST00000392965.8,ENST00000594076.5,ENST00000594294.5,ENST00000595839.5,ENST00000596991.6,ENST00000601345.6,ENST00000904386.2,ENST00000904387.2,ENST00000904388.2,ENST00000904389.2,ENST00000904390.2,ENST00000938770.2,ENST00000938771.2,ENST00000944172.2,ENST00001138424.1	4	multiple_isoforms_differential_probe_coverage
ADGRE5	5	34	5	0	21	ENST00000242786.6,ENST00000357355.8,ENST00000358600.8,ENST00000877688.1,ENST00000877689.2,ENST00000877690.2,ENST00000922282.2,ENST00000952179.2,ENST00000952180.2,ENST00000952181.2,ENST00000952182.2,ENST00000952183.2,ENST00000952184.2,ENST00000989638.1,ENST00001054956.1,ENST00001054957.1,ENST00001054958.1,ENST00001054961.1,ENST00001054963.1,ENST00001054965.1,ENST00001135852.1	11	ENST00000242786.6,ENST00000357355.8,ENST00000358600.8,ENST00000877688.1,ENST00000877689.2,ENST00000952179.2,ENST00000952181.2,ENST00000952182.2,ENST00001054956.1,ENST00001054957.1,ENST00001135852.1	5	multiple_isoforms_differential_probe_coverage
ADGRF1	5	17	5	0	15	ENST00000371243.3,ENST00000371253.7,ENST00000419892.6,ENST00000449332.6,ENST00000471487.5,ENST00000474800.1,ENST00000475745.5,ENST00000477771.5,ENST00000487323.5,ENST00000491283.5,ENST00000493249.5,ENST00000890243.2,ENST00000890244.2,ENST00001109948.1,ENST00001137052.1	4	ENST00000371243.3,ENST00000371253.7,ENST00001109948.1,ENST00001137052.1	4	multiple_isoforms_differential_probe_coverage
ADGRF3	5	11	5	0	8	ENST00000311519.5,ENST00000333478.11,ENST00000421160.6,ENST00000435303.1,ENST00000447444.5,ENST00000459892.5,ENST00000651242.2,ENST00001140925.1	8	ENST00000311519.5,ENST00000333478.11,ENST00000421160.6,ENST00000435303.1,ENST00000447444.5,ENST00000459892.5,ENST00000651242.2,ENST00001140925.1	1	multiple_isoforms_same_probe_coverage
ADGRF4	5	8	5	0	8	ENST00000283303.3,ENST00000327753.8,ENST00000371220.5,ENST00000863460.2,ENST00000863461.2,ENST00000959108.2,ENST00001095715.1,ENST00001133553.1	5	ENST00000283303.3,ENST00000327753.8,ENST00000371220.5,ENST00000863461.2,ENST00001133553.1	2	multiple_isoforms_differential_probe_coverage
ADGRF5	5	43	5	0	37	ENST00000265417.8,ENST00000283296.12,ENST00000888944.2,ENST00000888945.1,ENST00000888946.2,ENST00000888947.2,ENST00000888948.2,ENST00000888949.2,ENST00000888950.2,ENST00000888951.2,ENST00000888952.2,ENST00000888954.2,ENST00000888955.2,ENST00000888957.2,ENST00000888959.2,ENST00000888961.2,ENST00000888963.2,ENST00000888965.2,ENST00000888966.2,ENST00000888967.2,ENST00000969000.2,ENST00000969001.2,ENST00000969002.2,ENST00000969003.2,ENST00000973388.1,ENST00000973389.1,ENST00000973390.1,ENST00000973391.1,ENST00000973392.1,ENST00000973393.1,ENST00000973394.1,ENST00000973395.1,ENST00000973396.1,ENST00001044232.1,ENST00001044233.1,ENST00001044234.1,ENST00001140468.1	36	ENST00000265417.8,ENST00000283296.12,ENST00000888944.2,ENST00000888945.1,ENST00000888946.2,ENST00000888947.2,ENST00000888948.2,ENST00000888949.2,ENST00000888950.2,ENST00000888951.2,ENST00000888952.2,ENST00000888954.2,ENST00000888955.2,ENST00000888957.2,ENST00000888959.2,ENST00000888961.2,ENST00000888963.2,ENST00000888965.2,ENST00000888966.2,ENST00000888967.2,ENST00000969000.2,ENST00000969001.2,ENST00000969002.2,ENST00000969003.2,ENST00000973388.1,ENST00000973389.1,ENST00000973390.1,ENST00000973391.1,ENST00000973392.1,ENST00000973393.1,ENST00000973394.1,ENST00000973395.1,ENST00001044232.1,ENST00001044233.1,ENST00001044234.1,ENST00001140468.1	2	multiple_isoforms_differential_probe_coverage
ADGRG1	5	128	5	0	61	ENST00000388813.10,ENST00000456916.6,ENST00000540164.7,ENST00000561988.5,ENST00000562558.7,ENST00000562631.7,ENST00000564907.5,ENST00000565391.1,ENST00000565505.1,ENST00000565539.5,ENST00000565976.7,ENST00000567835.6,ENST00000568908.6,ENST00000568909.6,ENST00000672974.1,ENST00000673126.3,ENST00000678252.1,ENST00000860530.2,ENST00000860534.2,ENST00000860536.2,ENST00000860538.2,ENST00000860540.2,ENST00000860541.2,ENST00000860542.2,ENST00000860543.2,ENST00000860544.2,ENST00000860545.2,ENST00000860546.2,ENST00000860547.2,ENST00000860548.2,ENST00000860549.2,ENST00000860550.2,ENST00000860551.2,ENST00000860552.2,ENST00000860553.2,ENST00000860554.2,ENST00000860555.2,ENST00000860556.2,ENST00000860557.2,ENST00000860558.2,ENST00000860559.2,ENST00000860560.2,ENST00000860561.2,ENST00000860562.2,ENST00000860563.2,ENST00000860564.2,ENST00000923220.2,ENST00000972394.2,ENST00000972395.2,ENST00000972396.2,ENST00000972397.2,ENST00000972398.2,ENST00000972399.2,ENST00000972400.2,ENST00000972401.2,ENST00000972402.2,ENST00000972403.2,ENST00000972404.2,ENST00000972405.2,ENST00001027723.1,ENST00001138021.1	56	ENST00000388813.10,ENST00000456916.6,ENST00000540164.7,ENST00000562558.7,ENST00000562631.7,ENST00000564907.5,ENST00000565539.5,ENST00000565976.7,ENST00000567835.6,ENST00000568908.6,ENST00000568909.6,ENST00000673126.3,ENST00000860530.2,ENST00000860534.2,ENST00000860536.2,ENST00000860538.2,ENST00000860540.2,ENST00000860541.2,ENST00000860542.2,ENST00000860543.2,ENST00000860544.2,ENST00000860545.2,ENST00000860546.2,ENST00000860547.2,ENST00000860548.2,ENST00000860549.2,ENST00000860550.2,ENST00000860551.2,ENST00000860552.2,ENST00000860553.2,ENST00000860554.2,ENST00000860555.2,ENST00000860556.2,ENST00000860557.2,ENST00000860558.2,ENST00000860559.2,ENST00000860560.2,ENST00000860561.2,ENST00000860562.2,ENST00000860563.2,ENST00000860564.2,ENST00000923220.2,ENST00000972394.2,ENST00000972395.2,ENST00000972396.2,ENST00000972397.2,ENST00000972398.2,ENST00000972399.2,ENST00000972400.2,ENST00000972401.2,ENST00000972402.2,ENST00000972403.2,ENST00000972404.2,ENST00000972405.2,ENST00001027723.1,ENST00001138021.1	4	multiple_isoforms_differential_probe_coverage
ADGRG2	5	26	5	0	25	ENST00000340581.4,ENST00000354791.8,ENST00000356606.9,ENST00000357544.8,ENST00000357991.8,ENST00000360279.9,ENST00000379869.8,ENST00000379873.7,ENST00000379876.6,ENST00000379878.8,ENST00000869010.2,ENST00000916544.2,ENST00000916545.2,ENST00000916546.2,ENST00000916547.2,ENST00000916548.2,ENST00000916549.2,ENST00000916550.2,ENST00000916551.2,ENST00000916552.2,ENST00000916553.2,ENST00000916554.2,ENST00000916555.2,ENST00000971549.2,ENST00001132056.1	20	ENST00000356606.9,ENST00000357544.8,ENST00000357991.8,ENST00000360279.9,ENST00000379869.8,ENST00000379873.7,ENST00000379876.6,ENST00000379878.8,ENST00000869010.2,ENST00000916544.2,ENST00000916545.2,ENST00000916546.2,ENST00000916549.2,ENST00000916550.2,ENST00000916551.2,ENST00000916552.2,ENST00000916553.2,ENST00000916554.2,ENST00000971549.2,ENST00001132056.1	2	multiple_isoforms_differential_probe_coverage
ADGRG3	5	13	5	0	13	ENST00000333493.9,ENST00000450388.8,ENST00000565579.5,ENST00000565902.1,ENST00000567991.5,ENST00000568245.5,ENST00000569977.1,ENST00000858859.2,ENST00000945139.2,ENST00001051208.1,ENST00001120294.1,ENST00001127308.1,ENST00001137411.1	8	ENST00000333493.9,ENST00000450388.8,ENST00000567991.5,ENST00000858859.2,ENST00000945139.2,ENST00001051208.1,ENST00001127308.1,ENST00001137411.1	3	multiple_isoforms_differential_probe_coverage
ADGRG5	5	14	5	0	13	ENST00000340339.5,ENST00000349457.8,ENST00000394361.8,ENST00000564607.1,ENST00000564983.5,ENST00000615867.5,ENST00000897109.2,ENST00001087318.1,ENST00001087320.1,ENST00001087321.1,ENST00001087322.1,ENST00001087323.1,ENST00001139424.1	11	ENST00000340339.5,ENST00000349457.8,ENST00000394361.8,ENST00000564607.1,ENST00000897109.2,ENST00001087318.1,ENST00001087320.1,ENST00001087321.1,ENST00001087322.1,ENST00001087323.1,ENST00001139424.1	3	multiple_isoforms_differential_probe_coverage
ADGRG6	5	24	5	0	18	ENST00000230173.11,ENST00000296932.14,ENST00000367608.7,ENST00000367609.8,ENST00000415128.6,ENST00000435011.6,ENST00000541199.5,ENST00000545477.1,ENST00000968517.2,ENST00000968518.2,ENST00001042393.1,ENST00001108355.1,ENST00001108356.1,ENST00001108357.1,ENST00001108358.1,ENST00001108359.1,ENST00001120004.1,ENST00001137718.1	8	ENST00000230173.11,ENST00000296932.14,ENST00000367608.7,ENST00000367609.8,ENST00000968517.2,ENST00000968518.2,ENST00001042393.1,ENST00001137718.1	5	multiple_isoforms_differential_probe_coverage
ADGRL1	5	19	5	0	9	ENST00000340736.11,ENST00000361434.8,ENST00000591528.1,ENST00000672030.1,ENST00000672190.1,ENST00000673576.1,ENST00000963580.2,ENST00000963581.2,ENST00001139358.1	7	ENST00000340736.11,ENST00000361434.8,ENST00000672190.1,ENST00000673576.1,ENST00000963580.2,ENST00000963581.2,ENST00001139358.1	2	multiple_isoforms_differential_probe_coverage
ADGRL2	5	101	5	0	89	ENST00000319517.11,ENST00000359929.8,ENST00000370713.6,ENST00000370715.6,ENST00000370717.7,ENST00000370721.6,ENST00000370723.6,ENST00000370725.6,ENST00000370727.6,ENST00000370728.6,ENST00000370730.6,ENST00000449420.5,ENST00000464775.6,ENST00000468283.1,ENST00000627151.3,ENST00000674168.2,ENST00000674198.1,ENST00000674208.2,ENST00000674209.2,ENST00000674307.2,ENST00000674367.1,ENST00000674373.1,ENST00000674393.2,ENST00000674407.2,ENST00000674410.1,ENST00000674419.2,ENST00000674442.2,ENST00000674464.1,ENST00000674489.2,ENST00000674492.1,ENST00000686636.1,ENST00000855565.2,ENST00000855566.2,ENST00000855567.2,ENST00000855568.2,ENST00000855569.2,ENST00000855570.2,ENST00000855571.2,ENST00000855572.2,ENST00000855573.2,ENST00000855574.2,ENST00000855575.2,ENST00000855576.2,ENST00000855577.2,ENST00000926499.1,ENST00000926500.2,ENST00000926501.2,ENST00000926502.2,ENST00000926503.2,ENST00000926504.2,ENST00000926505.2,ENST00000926506.2,ENST00000926507.2,ENST00000941333.2,ENST00000941334.2,ENST00000941335.2,ENST00000941336.2,ENST00000941337.2,ENST00000941338.2,ENST00000941339.2,ENST00000941340.2,ENST00000941341.2,ENST00000941342.2,ENST00000941343.2,ENST00000941344.2,ENST00000941345.2,ENST00000941346.2,ENST00000941347.2,ENST00000941348.2,ENST00000941349.2,ENST00000941350.2,ENST00000941351.2,ENST00000941352.2,ENST00000941353.2,ENST00000979169.1,ENST00000979170.1,ENST00000979171.1,ENST00000979172.1,ENST00000979173.1,ENST00000979174.1,ENST00001010636.1,ENST00001010637.1,ENST00001010638.1,ENST00001010639.1,ENST00001080295.1,ENST00001114920.1,ENST00001114921.1,ENST00001129358.1,ENST00001142561.1	75	ENST00000319517.11,ENST00000359929.8,ENST00000370713.6,ENST00000370715.6,ENST00000370717.7,ENST00000370723.6,ENST00000370725.6,ENST00000370727.6,ENST00000370728.6,ENST00000370730.6,ENST00000449420.5,ENST00000627151.3,ENST00000674168.2,ENST00000674208.2,ENST00000674209.2,ENST00000674307.2,ENST00000674373.1,ENST00000674393.2,ENST00000674407.2,ENST00000674419.2,ENST00000674442.2,ENST00000674489.2,ENST00000674492.1,ENST00000686636.1,ENST00000855565.2,ENST00000855566.2,ENST00000855567.2,ENST00000855568.2,ENST00000855569.2,ENST00000855570.2,ENST00000855571.2,ENST00000855572.2,ENST00000855573.2,ENST00000855574.2,ENST00000855575.2,ENST00000855576.2,ENST00000855577.2,ENST00000926499.1,ENST00000926500.2,ENST00000926501.2,ENST00000926503.2,ENST00000926505.2,ENST00000926506.2,ENST00000926507.2,ENST00000941333.2,ENST00000941334.2,ENST00000941335.2,ENST00000941336.2,ENST00000941337.2,ENST00000941338.2,ENST00000941339.2,ENST00000941340.2,ENST00000941341.2,ENST00000941342.2,ENST00000941343.2,ENST00000941344.2,ENST00000941345.2,ENST00000941348.2,ENST00000941349.2,ENST00000941350.2,ENST00000941351.2,ENST00000941352.2,ENST00000941353.2,ENST00000979169.1,ENST00000979170.1,ENST00000979171.1,ENST00000979172.1,ENST00000979173.1,ENST00000979174.1,ENST00001010636.1,ENST00001010637.1,ENST00001010638.1,ENST00001010639.1,ENST00001080295.1,ENST00001142561.1	4	multiple_isoforms_differential_probe_coverage
ADGRL4	5	32	5	0	30	ENST00000370742.4,ENST00000640664.2,ENST00000655029.2,ENST00000656204.1,ENST00000656300.1,ENST00000656841.2,ENST00000659463.1,ENST00000659905.1,ENST00000661030.2,ENST00000661361.1,ENST00000662530.1,ENST00000662640.1,ENST00000662895.1,ENST00000664452.1,ENST00000671209.2,ENST00000870761.2,ENST00000870762.2,ENST00000870763.2,ENST00000954023.2,ENST00000954024.2,ENST00000954025.2,ENST00000984458.1,ENST00001037481.1,ENST00001037482.1,ENST00001037483.1,ENST00001037484.1,ENST00001037485.1,ENST00001037486.1,ENST00001106445.1,ENST00001145180.1	16	ENST00000370742.4,ENST00000640664.2,ENST00000655029.2,ENST00000656841.2,ENST00000661030.2,ENST00000870761.2,ENST00000870763.2,ENST00000954023.2,ENST00000954025.2,ENST00000984458.1,ENST00001037481.1,ENST00001037482.1,ENST00001037483.1,ENST00001037484.1,ENST00001037485.1,ENST00001145180.1	5	multiple_isoforms_differential_probe_coverage
ADGRV1	5	44	5	0	13	ENST00000405460.9,ENST00000509621.1,ENST00000639473.1,ENST00000640012.1,ENST00000640374.1,ENST00000640403.1,ENST00000640464.1,ENST00000640779.1,ENST00000973080.1,ENST00000973081.1,ENST00000973082.1,ENST00000973083.1,ENST00001132655.1	6	ENST00000405460.9,ENST00000973080.1,ENST00000973081.1,ENST00000973082.1,ENST00000973083.1,ENST00001132655.1	5	multiple_isoforms_differential_probe_coverage
ADIPOQ	5	5	5	0	5	ENST00000320741.7,ENST00000444204.3,ENST00000881747.2,ENST00000956685.2,ENST00001142392.1	5	ENST00000320741.7,ENST00000444204.3,ENST00000881747.2,ENST00000956685.2,ENST00001142392.1	1	multiple_isoforms_same_probe_coverage
ADIRF	5	8	5	0	8	ENST00000372013.8,ENST00000416348.1,ENST00000561504.2,ENST00000715805.1,ENST00000953690.2,ENST00001104325.1,ENST00001122421.1,ENST00001136614.1	2	ENST00000372013.8,ENST00001136614.1	4	multiple_isoforms_differential_probe_coverage
ADM2	5	3	5	0	3	ENST00000395737.2,ENST00000395738.3,ENST00001134646.1	3	ENST00000395737.2,ENST00000395738.3,ENST00001134646.1	1	multiple_isoforms_same_probe_coverage
ADORA2A	5	46	5	0	37	ENST00000337539.12,ENST00000444262.6,ENST00000496497.1,ENST00000610595.5,ENST00000611543.5,ENST00000618076.4,ENST00000880349.2,ENST00000880350.2,ENST00000880351.2,ENST00000880352.2,ENST00000880353.2,ENST00000880354.2,ENST00000880355.2,ENST00000880356.2,ENST00000880357.2,ENST00000880358.2,ENST00000880359.2,ENST00000880360.2,ENST00000880361.2,ENST00000880362.2,ENST00000880363.2,ENST00000925457.2,ENST00000925458.2,ENST00000925459.2,ENST00000925460.2,ENST00000940965.2,ENST00000940966.2,ENST00000940967.2,ENST00000940968.2,ENST00000940969.2,ENST00000940970.2,ENST00000940971.2,ENST00000940972.2,ENST00000940973.2,ENST00000940974.2,ENST00000940975.2,ENST00001134035.1	35	ENST00000337539.12,ENST00000610595.5,ENST00000611543.5,ENST00000618076.4,ENST00000880349.2,ENST00000880350.2,ENST00000880351.2,ENST00000880352.2,ENST00000880353.2,ENST00000880354.2,ENST00000880355.2,ENST00000880356.2,ENST00000880357.2,ENST00000880358.2,ENST00000880359.2,ENST00000880360.2,ENST00000880361.2,ENST00000880362.2,ENST00000880363.2,ENST00000925457.2,ENST00000925458.2,ENST00000925459.2,ENST00000925460.2,ENST00000940965.2,ENST00000940966.2,ENST00000940967.2,ENST00000940968.2,ENST00000940969.2,ENST00000940970.2,ENST00000940971.2,ENST00000940972.2,ENST00000940973.2,ENST00000940974.2,ENST00000940975.2,ENST00001134035.1	3	multiple_isoforms_differential_probe_coverage
AGR2	5	16	5	0	15	ENST00000401412.6,ENST00000412973.1,ENST00000419304.7,ENST00000450569.5,ENST00000468419.1,ENST00000489523.5,ENST00000891197.1,ENST00000891198.2,ENST00000891199.2,ENST00000965169.2,ENST00000965170.2,ENST00001020812.1,ENST00001020813.1,ENST00001097501.1,ENST00001135285.1	8	ENST00000419304.7,ENST00000891197.1,ENST00000891198.2,ENST00000891199.2,ENST00000965169.2,ENST00000965170.2,ENST00001020812.1,ENST00001135285.1	4	multiple_isoforms_differential_probe_coverage
AHI1	5	87	5	0	62	ENST00000265602.11,ENST00000327035.11,ENST00000367799.7,ENST00000367800.9,ENST00000457866.7,ENST00000475846.6,ENST00000524469.5,ENST00000527681.2,ENST00000531788.5,ENST00000679434.1,ENST00000679450.1,ENST00000679476.1,ENST00000679589.1,ENST00000679622.1,ENST00000679668.1,ENST00000679672.1,ENST00000679711.1,ENST00000679742.1,ENST00000679890.1,ENST00000679925.2,ENST00000679943.1,ENST00000680119.1,ENST00000680184.1,ENST00000680278.1,ENST00000680337.1,ENST00000680561.1,ENST00000680656.1,ENST00000680826.1,ENST00000680840.1,ENST00000680965.1,ENST00000681022.1,ENST00000681057.1,ENST00000681301.1,ENST00000681332.1,ENST00000681340.2,ENST00000681365.1,ENST00000681477.1,ENST00000681488.1,ENST00000681522.2,ENST00000681670.2,ENST00000681718.1,ENST00000681756.2,ENST00000681828.1,ENST00000681841.2,ENST00000681860.1,ENST00000681945.1,ENST00000913495.2,ENST00000913496.2,ENST00000941465.2,ENST00000983820.1,ENST00001036600.1,ENST00001036601.1,ENST00001036602.1,ENST00001036603.1,ENST00001070885.1,ENST00001070886.1,ENST00001108379.1,ENST00001108380.1,ENST00001108381.1,ENST00001108382.1,ENST00001108383.1,ENST00001133060.1	46	ENST00000265602.11,ENST00000327035.11,ENST00000367800.9,ENST00000457866.7,ENST00000531788.5,ENST00000679434.1,ENST00000679450.1,ENST00000679589.1,ENST00000679622.1,ENST00000679668.1,ENST00000679672.1,ENST00000679742.1,ENST00000679925.2,ENST00000679943.1,ENST00000680184.1,ENST00000680278.1,ENST00000680561.1,ENST00000680656.1,ENST00000680826.1,ENST00000680840.1,ENST00000680965.1,ENST00000681022.1,ENST00000681301.1,ENST00000681332.1,ENST00000681340.2,ENST00000681365.1,ENST00000681477.1,ENST00000681488.1,ENST00000681522.2,ENST00000681670.2,ENST00000681718.1,ENST00000681756.2,ENST00000681828.1,ENST00000681841.2,ENST00000681860.1,ENST00000681945.1,ENST00000913495.2,ENST00000913496.2,ENST00000941465.2,ENST00001036600.1,ENST00001036601.1,ENST00001036602.1,ENST00001036603.1,ENST00001070885.1,ENST00001070886.1,ENST00001133060.1	4	multiple_isoforms_differential_probe_coverage
AHR	5	9	5	0	6	ENST00000242057.9,ENST00000463496.1,ENST00000492120.1,ENST00000642825.1,ENST00000964518.2,ENST00001136731.1	4	ENST00000242057.9,ENST00000463496.1,ENST00000642825.1,ENST00001136731.1	2	multiple_isoforms_differential_probe_coverage
AKT1	5	125	5	0	125	ENST00000349310.8,ENST00000402615.7,ENST00000407796.8,ENST00000544168.5,ENST00000553506.5,ENST00000553797.3,ENST00000554192.7,ENST00000554581.5,ENST00000554585.6,ENST00000554826.2,ENST00000554848.5,ENST00000555380.1,ENST00000555458.7,ENST00000555528.6,ENST00000556836.1,ENST00000557552.1,ENST00000610370.2,ENST00000649815.2,ENST00000682269.1,ENST00000683058.1,ENST00000683722.2,ENST00000684058.1,ENST00000714123.2,ENST00000714130.2,ENST00000855590.1,ENST00000855591.2,ENST00000855592.2,ENST00000855593.2,ENST00000855594.2,ENST00000855595.2,ENST00000855596.2,ENST00000855597.2,ENST00000855598.2,ENST00000855599.2,ENST00000855600.2,ENST00000939374.2,ENST00000939375.1,ENST00000939376.1,ENST00000939377.2,ENST00000939378.2,ENST00000939379.2,ENST00000939380.2,ENST00000939381.1,ENST00000939382.2,ENST00000939383.2,ENST00000939384.1,ENST00000939385.2,ENST00000939386.2,ENST00000939387.2,ENST00000939388.2,ENST00000939389.2,ENST00000939390.2,ENST00000959648.1,ENST00000959649.2,ENST00000959650.2,ENST00000959651.2,ENST00000959652.2,ENST00000959653.2,ENST00000959654.2,ENST00000959655.2,ENST00000959656.2,ENST00000959657.2,ENST00000959658.2,ENST00000959659.2,ENST00000959660.2,ENST00000959661.2,ENST00000959662.2,ENST00000959663.2,ENST00000959664.2,ENST00000959665.2,ENST00000959666.2,ENST00000959667.2,ENST00000959668.2,ENST00000959669.2,ENST00000959670.2,ENST00000959671.2,ENST00000959672.2,ENST00000959673.2,ENST00000959674.2,ENST00000959675.2,ENST00000959676.2,ENST00000959677.1,ENST00000959678.2,ENST00000959679.2,ENST00000959680.1,ENST00000959681.2,ENST00000959682.2,ENST00000959683.2,ENST00000959684.2,ENST00000959685.1,ENST00000996820.1,ENST00000996821.1,ENST00001020191.1,ENST00001020192.1,ENST00001020193.1,ENST00001020194.1,ENST00001020195.1,ENST00001020197.1,ENST00001020198.1,ENST00001020200.1,ENST00001020201.1,ENST00001020202.1,ENST00001020203.1,ENST00001020204.1,ENST00001020205.1,ENST00001020206.1,ENST00001020207.1,ENST00001020209.1,ENST00001020211.1,ENST00001020213.1,ENST00001020214.1,ENST00001020215.1,ENST00001020217.1,ENST00001020221.1,ENST00001020222.1,ENST00001020223.1,ENST00001020224.1,ENST00001020225.1,ENST00001020226.1,ENST00001020227.1,ENST00001020229.1,ENST00001020230.1,ENST00001020231.1,ENST00001020232.1,ENST00001073532.1	108	ENST00000349310.8,ENST00000402615.7,ENST00000407796.8,ENST00000553797.3,ENST00000554192.7,ENST00000554581.5,ENST00000554585.6,ENST00000554826.2,ENST00000554848.5,ENST00000555458.7,ENST00000555528.6,ENST00000610370.2,ENST00000649815.2,ENST00000683722.2,ENST00000714123.2,ENST00000714130.2,ENST00000855590.1,ENST00000855591.2,ENST00000855592.2,ENST00000855593.2,ENST00000855594.2,ENST00000855595.2,ENST00000855596.2,ENST00000855597.2,ENST00000855598.2,ENST00000855599.2,ENST00000855600.2,ENST00000939374.2,ENST00000939375.1,ENST00000939376.1,ENST00000939377.2,ENST00000939378.2,ENST00000939380.2,ENST00000939381.1,ENST00000939382.2,ENST00000939383.2,ENST00000939384.1,ENST00000939385.2,ENST00000939386.2,ENST00000939387.2,ENST00000939388.2,ENST00000939389.2,ENST00000959648.1,ENST00000959649.2,ENST00000959650.2,ENST00000959651.2,ENST00000959652.2,ENST00000959653.2,ENST00000959654.2,ENST00000959655.2,ENST00000959656.2,ENST00000959657.2,ENST00000959658.2,ENST00000959659.2,ENST00000959662.2,ENST00000959663.2,ENST00000959665.2,ENST00000959666.2,ENST00000959667.2,ENST00000959668.2,ENST00000959669.2,ENST00000959670.2,ENST00000959671.2,ENST00000959672.2,ENST00000959673.2,ENST00000959674.2,ENST00000959675.2,ENST00000959676.2,ENST00000959677.1,ENST00000959678.2,ENST00000959679.2,ENST00000959680.1,ENST00000959681.2,ENST00000959682.2,ENST00000959683.2,ENST00000959684.2,ENST00000959685.1,ENST00000996820.1,ENST00000996821.1,ENST00001020191.1,ENST00001020192.1,ENST00001020193.1,ENST00001020194.1,ENST00001020195.1,ENST00001020198.1,ENST00001020200.1,ENST00001020201.1,ENST00001020203.1,ENST00001020204.1,ENST00001020205.1,ENST00001020206.1,ENST00001020209.1,ENST00001020211.1,ENST00001020214.1,ENST00001020215.1,ENST00001020217.1,ENST00001020221.1,ENST00001020222.1,ENST00001020223.1,ENST00001020224.1,ENST00001020225.1,ENST00001020226.1,ENST00001020227.1,ENST00001020229.1,ENST00001020230.1,ENST00001020231.1,ENST00001020232.1,ENST00001073532.1	5	multiple_isoforms_differential_probe_coverage
ALCAM	5	15	5	0	11	ENST00000306107.9,ENST00000470756.5,ENST00000472644.7,ENST00000481337.5,ENST00000486979.7,ENST00000880066.2,ENST00000932235.1,ENST00001069811.1,ENST00001110864.1,ENST00001120121.1,ENST00001141248.1	9	ENST00000306107.9,ENST00000470756.5,ENST00000472644.7,ENST00000880066.2,ENST00000932235.1,ENST00001069811.1,ENST00001110864.1,ENST00001120121.1,ENST00001141248.1	2	multiple_isoforms_differential_probe_coverage
ANGPT1	5	15	5	0	13	ENST00000297450.8,ENST00000517746.6,ENST00000518386.5,ENST00000520052.2,ENST00000520734.6,ENST00000521950.1,ENST00000949598.2,ENST00001006619.1,ENST00001006620.1,ENST00001050458.1,ENST00001050459.1,ENST00001121968.1,ENST00001137101.1	10	ENST00000297450.8,ENST00000517746.6,ENST00000520052.2,ENST00000520734.6,ENST00001006619.1,ENST00001006620.1,ENST00001050458.1,ENST00001050459.1,ENST00001121968.1,ENST00001137101.1	4	multiple_isoforms_differential_probe_coverage
ANGPT2	5	9	5	0	9	ENST00000325203.10,ENST00000338312.11,ENST00000523120.3,ENST00000629816.3,ENST00000897269.2,ENST00001013823.1,ENST00001125121.1,ENST00001126559.1,ENST00001138986.1	6	ENST00000325203.10,ENST00000338312.11,ENST00000629816.3,ENST00000897269.2,ENST00001125121.1,ENST00001138986.1	3	multiple_isoforms_differential_probe_coverage
ANGPT4	5	4	5	0	4	ENST00000381922.5,ENST00000878109.2,ENST00000977825.1,ENST00001132690.1	4	ENST00000381922.5,ENST00000878109.2,ENST00000977825.1,ENST00001132690.1	1	multiple_isoforms_same_probe_coverage
ANGPTL1	5	16	5	0	16	ENST00000234816.7,ENST00000367629.2,ENST00000444255.1,ENST00000853919.2,ENST00000853920.2,ENST00000853921.2,ENST00000853922.2,ENST00000963348.2,ENST00000963349.2,ENST00001018238.1,ENST00001018239.1,ENST00001106653.1,ENST00001106654.1,ENST00001111752.1,ENST00001125949.1,ENST00001145810.1	11	ENST00000234816.7,ENST00000367629.2,ENST00000853919.2,ENST00000853920.2,ENST00000853921.2,ENST00000853922.2,ENST00000963348.2,ENST00000963349.2,ENST00001018238.1,ENST00001018239.1,ENST00001145810.1	3	multiple_isoforms_differential_probe_coverage
ANXA1	5	40	5	0	40	ENST00000257497.11,ENST00000376911.3,ENST00000415424.5,ENST00000456643.5,ENST00000468639.5,ENST00000489109.1,ENST00000491192.1,ENST00000495713.5,ENST00000857789.2,ENST00000857790.2,ENST00000857791.2,ENST00000857792.2,ENST00000857793.2,ENST00000857794.2,ENST00000857795.2,ENST00000857796.2,ENST00000857797.2,ENST00000954795.2,ENST00000954796.2,ENST00000954797.2,ENST00000954798.2,ENST00000954799.2,ENST00000954800.2,ENST00000954801.2,ENST00000954802.2,ENST00000954803.2,ENST00000954804.2,ENST00000954805.2,ENST00000954806.2,ENST00001046518.1,ENST00001046526.1,ENST00001097712.1,ENST00001097713.1,ENST00001097714.1,ENST00001097715.1,ENST00001097716.1,ENST00001097717.1,ENST00001109572.1,ENST00001129318.1,ENST00001135018.1	30	ENST00000257497.11,ENST00000376911.3,ENST00000857789.2,ENST00000857790.2,ENST00000857791.2,ENST00000857792.2,ENST00000857793.2,ENST00000857794.2,ENST00000857795.2,ENST00000857796.2,ENST00000857797.2,ENST00000954795.2,ENST00000954796.2,ENST00000954797.2,ENST00000954798.2,ENST00000954799.2,ENST00000954801.2,ENST00000954802.2,ENST00000954803.2,ENST00000954804.2,ENST00000954805.2,ENST00000954806.2,ENST00001046518.1,ENST00001046526.1,ENST00001097712.1,ENST00001097713.1,ENST00001097714.1,ENST00001097717.1,ENST00001129318.1,ENST00001135018.1	5	multiple_isoforms_differential_probe_coverage
ANXA2	5	133	5	0	126	ENST00000332680.8,ENST00000396024.7,ENST00000421017.6,ENST00000451270.7,ENST00000504475.6,ENST00000557906.6,ENST00000557937.5,ENST00000558132.5,ENST00000558169.6,ENST00000558503.6,ENST00000558558.6,ENST00000558985.6,ENST00000558998.5,ENST00000559113.6,ENST00000559176.5,ENST00000559370.5,ENST00000559559.5,ENST00000559647.2,ENST00000559725.5,ENST00000559780.6,ENST00000559818.6,ENST00000559956.6,ENST00000560014.5,ENST00000560367.6,ENST00000560466.5,ENST00000560468.6,ENST00000560495.1,ENST00000560546.5,ENST00000560936.2,ENST00000561022.5,ENST00000561445.5,ENST00000676687.1,ENST00000677258.1,ENST00000677968.1,ENST00000678061.1,ENST00000678450.1,ENST00000678796.1,ENST00000678870.1,ENST00000679109.1,ENST00000861991.1,ENST00000861992.1,ENST00000861993.1,ENST00000861994.1,ENST00000861995.1,ENST00000861996.1,ENST00000861997.1,ENST00000861998.1,ENST00000861999.1,ENST00000862000.1,ENST00000862001.1,ENST00000862002.1,ENST00000862003.1,ENST00000862004.1,ENST00000862005.1,ENST00000862006.1,ENST00000862007.1,ENST00000862008.1,ENST00000862009.1,ENST00000911891.1,ENST00000911892.1,ENST00000911893.1,ENST00000911894.1,ENST00000971922.1,ENST00000971923.1,ENST00000971924.1,ENST00000971925.1,ENST00000971926.1,ENST00000971927.1,ENST00000971928.1,ENST00000971929.1,ENST00000971930.1,ENST00000971931.1,ENST00000971932.1,ENST00000971933.1,ENST00000971934.1,ENST00000971935.1,ENST00000991501.1,ENST00000991504.1,ENST00001057399.1,ENST00001057400.1,ENST00001057401.1,ENST00001057405.1,ENST00001057412.1,ENST00001057413.1,ENST00001057419.1,ENST00001057422.1,ENST00001057424.1,ENST00001104636.1,ENST00001104637.1,ENST00001104638.1,ENST00001104639.1,ENST00001104640.1,ENST00001104641.1,ENST00001104642.1,ENST00001104643.1,ENST00001104644.1,ENST00001104645.1,ENST00001104646.1,ENST00001104647.1,ENST00001104648.1,ENST00001104649.1,ENST00001104650.1,ENST00001104651.1,ENST00001104652.1,ENST00001104653.1,ENST00001104654.1,ENST00001104655.1,ENST00001104656.1,ENST00001104657.1,ENST00001104658.1,ENST00001104659.1,ENST00001104660.1,ENST00001104661.1,ENST00001104662.1,ENST00001104663.1,ENST00001104664.1,ENST00001108801.1,ENST00001108802.1,ENST00001112467.1,ENST00001112468.1,ENST00001112469.1,ENST00001129713.1,ENST00001129714.1,ENST00001129715.1,ENST00001129716.1,ENST00001129717.1	56	ENST00000332680.8,ENST00000396024.7,ENST00000421017.6,ENST00000451270.7,ENST00000557906.6,ENST00000558558.6,ENST00000558985.6,ENST00000559113.6,ENST00000559647.2,ENST00000559780.6,ENST00000559956.6,ENST00000560468.6,ENST00000676687.1,ENST00000677968.1,ENST00000678061.1,ENST00000678450.1,ENST00000678796.1,ENST00000678870.1,ENST00000861992.1,ENST00000861994.1,ENST00000861995.1,ENST00000861996.1,ENST00000861997.1,ENST00000861998.1,ENST00000861999.1,ENST00000862000.1,ENST00000862001.1,ENST00000911891.1,ENST00000911893.1,ENST00000971922.1,ENST00000971924.1,ENST00000971925.1,ENST00000971927.1,ENST00000971928.1,ENST00000971929.1,ENST00000971930.1,ENST00000971931.1,ENST00000971932.1,ENST00000991504.1,ENST00001057401.1,ENST00001057405.1,ENST00001057412.1,ENST00001057413.1,ENST00001057419.1,ENST00001057424.1,ENST00001104636.1,ENST00001104637.1,ENST00001104638.1,ENST00001104639.1,ENST00001104640.1,ENST00001104645.1,ENST00001104647.1,ENST00001104648.1,ENST00001104650.1,ENST00001104657.1,ENST00001104659.1	5	multiple_isoforms_differential_probe_coverage
ANXA4	5	73	5	0	69	ENST00000394295.6,ENST00000409920.6,ENST00000460439.5,ENST00000460942.5,ENST00000468815.1,ENST00000471395.1,ENST00000472124.1,ENST00000477632.5,ENST00000484219.1,ENST00000487351.6,ENST00000635311.1,ENST00000892545.2,ENST00000892547.2,ENST00000892549.2,ENST00000892551.2,ENST00000892553.2,ENST00000892555.2,ENST00000892557.2,ENST00000892559.2,ENST00000892561.2,ENST00000892562.2,ENST00000892563.2,ENST00000892564.2,ENST00000892565.2,ENST00000892566.2,ENST00000892567.2,ENST00000892568.2,ENST00000892569.2,ENST00000892570.2,ENST00000892571.2,ENST00000892572.2,ENST00000892573.2,ENST00000892574.2,ENST00000892575.2,ENST00000892576.2,ENST00000892577.2,ENST00000892578.2,ENST00000892579.2,ENST00000892580.2,ENST00000892581.2,ENST00000892582.2,ENST00000892583.2,ENST00000892584.2,ENST00000892585.2,ENST00000892586.2,ENST00000892587.2,ENST00000892588.2,ENST00000892589.2,ENST00000892590.2,ENST00000892591.2,ENST00000939478.2,ENST00000939479.2,ENST00000955418.2,ENST00000955419.2,ENST00000955420.2,ENST00000955421.2,ENST00001000876.1,ENST00001000877.1,ENST00001000878.1,ENST00001000879.1,ENST00001000880.1,ENST00001023460.1,ENST00001023463.1,ENST00001060371.1,ENST00001095717.1,ENST00001095718.1,ENST00001107638.1,ENST00001107639.1,ENST00001140471.1	51	ENST00000394295.6,ENST00000409920.6,ENST00000477632.5,ENST00000892545.2,ENST00000892547.2,ENST00000892549.2,ENST00000892551.2,ENST00000892553.2,ENST00000892555.2,ENST00000892557.2,ENST00000892559.2,ENST00000892561.2,ENST00000892562.2,ENST00000892563.2,ENST00000892564.2,ENST00000892565.2,ENST00000892567.2,ENST00000892568.2,ENST00000892572.2,ENST00000892573.2,ENST00000892574.2,ENST00000892575.2,ENST00000892576.2,ENST00000892577.2,ENST00000892579.2,ENST00000892581.2,ENST00000892582.2,ENST00000892583.2,ENST00000892584.2,ENST00000892585.2,ENST00000892586.2,ENST00000892587.2,ENST00000892588.2,ENST00000892589.2,ENST00000892590.2,ENST00000892591.2,ENST00000939478.2,ENST00000939479.2,ENST00000955418.2,ENST00000955419.2,ENST00000955420.2,ENST00000955421.2,ENST00001000876.1,ENST00001000877.1,ENST00001000878.1,ENST00001000879.1,ENST00001000880.1,ENST00001023460.1,ENST00001023463.1,ENST00001060371.1,ENST00001140471.1	4	multiple_isoforms_differential_probe_coverage
APOA1	5	40	5	0	40	ENST00000236850.5,ENST00000359492.7,ENST00000375320.6,ENST00000375323.5,ENST00000375329.7,ENST00000855297.1,ENST00000855298.1,ENST00000855299.2,ENST00000855300.2,ENST00000855301.2,ENST00000855302.2,ENST00000855303.2,ENST00000855304.1,ENST00000855305.2,ENST00000855306.2,ENST00000855307.2,ENST00000855308.2,ENST00000855309.1,ENST00000855310.2,ENST00000855311.2,ENST00000855312.2,ENST00000855313.2,ENST00000855314.2,ENST00000855315.1,ENST00000855316.2,ENST00000855317.1,ENST00000855318.2,ENST00000855319.1,ENST00000855320.2,ENST00000855321.1,ENST00000985679.1,ENST00000985682.1,ENST00000985689.1,ENST00000985692.1,ENST00000985703.1,ENST00000985707.1,ENST00001093020.1,ENST00001108737.1,ENST00001119410.1,ENST00001139058.1	34	ENST00000236850.5,ENST00000359492.7,ENST00000375320.6,ENST00000375323.5,ENST00000375329.7,ENST00000855297.1,ENST00000855298.1,ENST00000855299.2,ENST00000855300.2,ENST00000855301.2,ENST00000855303.2,ENST00000855304.1,ENST00000855306.2,ENST00000855307.2,ENST00000855308.2,ENST00000855310.2,ENST00000855311.2,ENST00000855312.2,ENST00000855313.2,ENST00000855315.1,ENST00000855316.2,ENST00000855318.2,ENST00000855319.1,ENST00000855320.2,ENST00000855321.1,ENST00000985679.1,ENST00000985682.1,ENST00000985689.1,ENST00000985692.1,ENST00000985703.1,ENST00000985707.1,ENST00001093020.1,ENST00001119410.1,ENST00001139058.1	5	multiple_isoforms_differential_probe_coverage
APOB	5	13	5	0	10	ENST00000233242.5,ENST00000399256.5,ENST00000673739.2,ENST00000707961.1,ENST00000707962.1,ENST00000707964.1,ENST00000975037.1,ENST00000975038.1,ENST00000975040.1,ENST00001143783.1	3	ENST00000233242.5,ENST00000707961.1,ENST00001143783.1	4	multiple_isoforms_differential_probe_coverage
APOD	5	18	5	0	18	ENST00000343267.8,ENST00000421243.5,ENST00000453131.1,ENST00000458447.5,ENST00000463719.1,ENST00000852526.2,ENST00000852527.2,ENST00000852528.2,ENST00000852529.2,ENST00000953531.2,ENST00001028738.1,ENST00001028739.1,ENST00001028740.1,ENST00001028741.1,ENST00001093359.1,ENST00001116573.1,ENST00001129359.1,ENST00001141425.1	11	ENST00000343267.8,ENST00000852526.2,ENST00000852527.2,ENST00000852528.2,ENST00000852529.2,ENST00000953531.2,ENST00001028738.1,ENST00001028739.1,ENST00001028741.1,ENST00001093359.1,ENST00001141425.1	4	multiple_isoforms_differential_probe_coverage
APP	5	63	5	0	58	ENST00000346798.8,ENST00000348990.10,ENST00000354192.8,ENST00000357903.8,ENST00000358918.8,ENST00000359726.7,ENST00000439274.7,ENST00000440126.7,ENST00000448850.5,ENST00000462267.1,ENST00000463070.1,ENST00000474136.5,ENST00000548570.1,ENST00000707132.1,ENST00000707134.1,ENST00000872524.1,ENST00000872525.2,ENST00000872526.2,ENST00000872527.2,ENST00000872528.2,ENST00000872529.2,ENST00000872530.2,ENST00000872531.2,ENST00000872532.2,ENST00000872533.2,ENST00000872534.2,ENST00000872535.2,ENST00000872536.2,ENST00000872537.2,ENST00000872538.2,ENST00000932837.2,ENST00000932838.2,ENST00000965079.2,ENST00000965080.2,ENST00000965081.2,ENST00001003894.1,ENST00001003895.1,ENST00001003897.1,ENST00001046380.1,ENST00001046382.1,ENST00001086896.1,ENST00001086897.1,ENST00001086898.1,ENST00001107673.1,ENST00001107674.1,ENST00001107675.1,ENST00001107676.1,ENST00001107677.1,ENST00001107678.1,ENST00001107679.1,ENST00001107680.1,ENST00001107681.1,ENST00001114381.1,ENST00001114382.1,ENST00001114383.1,ENST00001114384.1,ENST00001114385.1,ENST00001131782.1	40	ENST00000346798.8,ENST00000348990.10,ENST00000354192.8,ENST00000357903.8,ENST00000358918.8,ENST00000359726.7,ENST00000439274.7,ENST00000440126.7,ENST00000707132.1,ENST00000872524.1,ENST00000872525.2,ENST00000872526.2,ENST00000872527.2,ENST00000872528.2,ENST00000872529.2,ENST00000872530.2,ENST00000872531.2,ENST00000872533.2,ENST00000872534.2,ENST00000872535.2,ENST00000872536.2,ENST00000872538.2,ENST00000932837.2,ENST00000932838.2,ENST00000965080.2,ENST00000965081.2,ENST00001003894.1,ENST00001003897.1,ENST00001086896.1,ENST00001086897.1,ENST00001086898.1,ENST00001107673.1,ENST00001107674.1,ENST00001107675.1,ENST00001107676.1,ENST00001107677.1,ENST00001107678.1,ENST00001114381.1,ENST00001114382.1,ENST00001131782.1	4	multiple_isoforms_differential_probe_coverage
AQP3	5	9	5	0	9	ENST00000297991.6,ENST00000463983.5,ENST00000473153.1,ENST00000493581.1,ENST00000494313.2,ENST00000643650.1,ENST00000645858.2,ENST00000969970.1,ENST00001024616.1	3	ENST00000297991.6,ENST00000493581.1,ENST00000645858.2	3	multiple_isoforms_differential_probe_coverage
AR	5	10	5	0	10	ENST00000374690.9,ENST00000396043.4,ENST00000396044.9,ENST00000504326.6,ENST00000513847.5,ENST00000514029.5,ENST00000612452.5,ENST00000613054.2,ENST00000853518.2,ENST00000853519.2	10	ENST00000374690.9,ENST00000396043.4,ENST00000396044.9,ENST00000504326.6,ENST00000513847.5,ENST00000514029.5,ENST00000612452.5,ENST00000613054.2,ENST00000853518.2,ENST00000853519.2	1	multiple_isoforms_same_probe_coverage
AREG	5	5	5	0	5	ENST00000395748.8,ENST00000502307.2,ENST00000511560.1,ENST00000953445.1,ENST00001134312.1	3	ENST00000395748.8,ENST00000953445.1,ENST00001134312.1	3	multiple_isoforms_differential_probe_coverage
ARF1	5	49	5	0	49	ENST00000272102.10,ENST00000469235.5,ENST00000470558.6,ENST00000470670.5,ENST00000473546.1,ENST00000473949.5,ENST00000477451.5,ENST00000478336.6,ENST00000478424.5,ENST00000482962.5,ENST00000490705.2,ENST00000497165.5,ENST00000862334.1,ENST00000862335.1,ENST00000862336.1,ENST00000862337.2,ENST00000862338.2,ENST00000862339.2,ENST00000862340.2,ENST00000862341.2,ENST00000862342.2,ENST00000862343.1,ENST00000862344.1,ENST00000862345.1,ENST00000862346.1,ENST00000862347.1,ENST00000862348.2,ENST00000862349.1,ENST00000862350.2,ENST00000862351.2,ENST00000862352.2,ENST00000862353.1,ENST00000862354.1,ENST00000862355.1,ENST00000926347.2,ENST00000926348.2,ENST00000926349.2,ENST00000926350.2,ENST00000953456.2,ENST00000953457.2,ENST00000953458.2,ENST00000953459.2,ENST00000953460.2,ENST00001045236.1,ENST00001082446.1,ENST00001094605.1,ENST00001094606.1,ENST00001122821.1,ENST00001145621.1	35	ENST00000272102.10,ENST00000862334.1,ENST00000862335.1,ENST00000862336.1,ENST00000862338.2,ENST00000862339.2,ENST00000862340.2,ENST00000862341.2,ENST00000862342.2,ENST00000862343.1,ENST00000862344.1,ENST00000862345.1,ENST00000862346.1,ENST00000862347.1,ENST00000862348.2,ENST00000862349.1,ENST00000862350.2,ENST00000862351.2,ENST00000862352.2,ENST00000862353.1,ENST00000862354.1,ENST00000862355.1,ENST00000926347.2,ENST00000926348.2,ENST00000926349.2,ENST00000926350.2,ENST00000953456.2,ENST00000953457.2,ENST00000953458.2,ENST00000953459.2,ENST00000953460.2,ENST00001045236.1,ENST00001082446.1,ENST00001122821.1,ENST00001145621.1	5	multiple_isoforms_differential_probe_coverage
ARG1	5	31	5	0	31	ENST00000275196.5,ENST00000356962.3,ENST00000368087.8,ENST00000469293.1,ENST00000484820.1,ENST00000498260.1,ENST00000672052.1,ENST00000672233.2,ENST00000673234.1,ENST00000673427.1,ENST00000875750.2,ENST00000875751.2,ENST00000875752.2,ENST00000875753.2,ENST00000875754.1,ENST00000875755.2,ENST00000875756.2,ENST00000986422.1,ENST00000986424.1,ENST00000986425.1,ENST00000986427.1,ENST00000986428.1,ENST00000986429.1,ENST00000986430.1,ENST00000986431.1,ENST00000986433.1,ENST00000986434.1,ENST00000986435.1,ENST00001093575.1,ENST00001119584.1,ENST00001134308.1	18	ENST00000356962.3,ENST00000368087.8,ENST00000673427.1,ENST00000875753.2,ENST00000875755.2,ENST00000986422.1,ENST00000986424.1,ENST00000986425.1,ENST00000986427.1,ENST00000986428.1,ENST00000986429.1,ENST00000986430.1,ENST00000986431.1,ENST00000986433.1,ENST00000986434.1,ENST00000986435.1,ENST00001093575.1,ENST00001134308.1	5	multiple_isoforms_differential_probe_coverage
ARHGDIB	5	26	5	0	25	ENST00000228945.9,ENST00000535676.1,ENST00000536592.5,ENST00000539131.1,ENST00000541380.5,ENST00000541546.5,ENST00000541644.6,ENST00000545895.5,ENST00000880005.1,ENST00000880006.2,ENST00000880007.2,ENST00000880008.1,ENST00000880009.1,ENST00000880010.1,ENST00000880011.1,ENST00000970038.2,ENST00001007335.1,ENST00001096674.1,ENST00001096675.1,ENST00001096676.1,ENST00001096677.1,ENST00001096678.1,ENST00001096679.1,ENST00001096680.1,ENST00001137837.1	15	ENST00000228945.9,ENST00000880005.1,ENST00000880006.2,ENST00000880007.2,ENST00000880008.1,ENST00000880009.1,ENST00000880010.1,ENST00000880011.1,ENST00000970038.2,ENST00001096674.1,ENST00001096676.1,ENST00001096677.1,ENST00001096679.1,ENST00001096680.1,ENST00001137837.1	5	multiple_isoforms_differential_probe_coverage
ARTN	5	18	5	0	18	ENST00000372354.4,ENST00000372359.10,ENST00000414809.8,ENST00000438616.3,ENST00000471394.6,ENST00000472435.2,ENST00000474592.1,ENST00000477048.5,ENST00000479128.6,ENST00000491846.5,ENST00000498139.7,ENST00000925268.2,ENST00000925269.2,ENST00000925270.2,ENST00000963410.2,ENST00000963411.2,ENST00001062619.1,ENST00001145015.1	11	ENST00000372354.4,ENST00000372359.10,ENST00000414809.8,ENST00000498139.7,ENST00000925268.2,ENST00000925269.2,ENST00000925270.2,ENST00000963410.2,ENST00000963411.2,ENST00001062619.1,ENST00001145015.1	3	multiple_isoforms_differential_probe_coverage
ATF3	5	15	5	0	15	ENST00000336937.8,ENST00000341491.9,ENST00000366981.8,ENST00000366983.5,ENST00000366985.5,ENST00000366987.7,ENST00000464547.5,ENST00000465155.5,ENST00000492118.2,ENST00000613104.2,ENST00000872903.1,ENST00000984914.1,ENST00001030569.1,ENST00001118812.1,ENST00001140604.1	6	ENST00000341491.9,ENST00000366987.7,ENST00000872903.1,ENST00000984914.1,ENST00001118812.1,ENST00001140604.1	4	multiple_isoforms_differential_probe_coverage
ATG10	5	50	5	0	40	ENST00000282185.8,ENST00000458350.8,ENST00000504770.5,ENST00000513634.1,ENST00000514253.2,ENST00000866604.2,ENST00000866605.1,ENST00000866606.2,ENST00000866607.2,ENST00000866608.1,ENST00000866609.1,ENST00000866610.2,ENST00000866611.2,ENST00000866612.2,ENST00000866613.2,ENST00000866614.2,ENST00000919272.1,ENST00000919273.1,ENST00000919274.1,ENST00000919275.1,ENST00000919276.2,ENST00000919277.2,ENST00000919278.2,ENST00000969578.1,ENST00000969579.2,ENST00000996730.1,ENST00000996731.1,ENST00000996732.1,ENST00000996733.1,ENST00000996736.1,ENST00001022597.1,ENST00001022598.1,ENST00001068611.1,ENST00001068614.1,ENST00001068615.1,ENST00001121361.1,ENST00001121362.1,ENST00001124406.1,ENST00001124407.1,ENST00001124408.1	8	ENST00000282185.8,ENST00000866605.1,ENST00000866607.2,ENST00000866608.1,ENST00000919275.1,ENST00000996730.1,ENST00001068611.1,ENST00001068615.1	5	multiple_isoforms_differential_probe_coverage
ATG12	5	25	5	0	19	ENST00000379594.7,ENST00000500945.3,ENST00000505993.5,ENST00000509910.2,ENST00000513167.1,ENST00000513322.5,ENST00000514775.1,ENST00000914944.2,ENST00000977381.1,ENST00001012369.1,ENST00001080486.1,ENST00001080487.1,ENST00001080488.1,ENST00001080489.1,ENST00001105676.1,ENST00001116327.1,ENST00001123635.1,ENST00001123636.1,ENST00001134375.1	3	ENST00000509910.2,ENST00000914944.2,ENST00001134375.1	4	multiple_isoforms_differential_probe_coverage
ATG5	5	47	5	0	47	ENST00000343245.8,ENST00000360666.7,ENST00000369070.5,ENST00000369076.8,ENST00000475645.1,ENST00000476518.1,ENST00000613993.2,ENST00000635758.3,ENST00000636335.1,ENST00000636437.2,ENST00000646025.1,ENST00000855918.1,ENST00000855919.1,ENST00000855920.1,ENST00000855921.2,ENST00000855922.1,ENST00000939176.1,ENST00000939177.2,ENST00000939178.1,ENST00000958077.1,ENST00000958078.1,ENST00001006650.1,ENST00001006651.1,ENST00001006652.1,ENST00001006653.1,ENST00001006654.1,ENST00001006655.1,ENST00001006656.1,ENST00001006657.1,ENST00001006658.1,ENST00001006659.1,ENST00001006660.1,ENST00001006661.1,ENST00001006662.1,ENST00001006663.1,ENST00001032178.1,ENST00001032179.1,ENST00001032181.1,ENST00001032182.1,ENST00001032183.1,ENST00001032184.1,ENST00001068432.1,ENST00001068433.1,ENST00001068434.1,ENST00001068435.1,ENST00001068436.1,ENST00001133006.1	21	ENST00000343245.8,ENST00000360666.7,ENST00000369070.5,ENST00000369076.8,ENST00000613993.2,ENST00000635758.3,ENST00000855918.1,ENST00000939176.1,ENST00000958078.1,ENST00001006653.1,ENST00001006654.1,ENST00001006655.1,ENST00001006656.1,ENST00001032179.1,ENST00001032181.1,ENST00001032182.1,ENST00001032183.1,ENST00001068432.1,ENST00001068433.1,ENST00001068435.1,ENST00001133006.1	5	multiple_isoforms_differential_probe_coverage
ATM	5	73	5	0	59	ENST00000278616.11,ENST00000452508.7,ENST00000524792.5,ENST00000525056.2,ENST00000525537.3,ENST00000526567.6,ENST00000527805.6,ENST00000529588.6,ENST00000530958.6,ENST00000531525.4,ENST00000532931.7,ENST00000533690.5,ENST00000601453.3,ENST00000638443.1,ENST00000638786.2,ENST00000639240.2,ENST00000639953.2,ENST00000640388.2,ENST00000675595.1,ENST00000675843.1,ENST00000682147.1,ENST00000682286.1,ENST00000682302.1,ENST00000682430.1,ENST00000682465.1,ENST00000682516.1,ENST00000682956.1,ENST00000683150.2,ENST00000683174.2,ENST00000683468.1,ENST00000683488.1,ENST00000683524.1,ENST00000683914.3,ENST00000684029.1,ENST00000684037.1,ENST00000684061.1,ENST00000684152.1,ENST00000684179.1,ENST00000684447.1,ENST00000713593.1,ENST00000713840.1,ENST00000713841.1,ENST00000713842.1,ENST00000713843.1,ENST00000713844.2,ENST00000713845.1,ENST00000713846.1,ENST00000713847.2,ENST00000923922.2,ENST00000971291.2,ENST00001003555.1,ENST00001003556.1,ENST00001078762.1,ENST00001078763.1,ENST00001078764.1,ENST00001078765.1,ENST00001096341.1,ENST00001109966.1,ENST00001143982.1	14	ENST00000452508.7,ENST00000527805.6,ENST00000529588.6,ENST00000601453.3,ENST00000675843.1,ENST00000683174.2,ENST00000713593.1,ENST00000713840.1,ENST00000713841.1,ENST00000713843.1,ENST00000713844.2,ENST00000923922.2,ENST00000971291.2,ENST00001143982.1	5	multiple_isoforms_differential_probe_coverage
ATR	5	30	5	0	15	ENST00000350721.9,ENST00000507620.2,ENST00000513291.2,ENST00000514393.5,ENST00000515149.3,ENST00000653868.1,ENST00000656582.1,ENST00000656590.1,ENST00000659195.1,ENST00000661310.2,ENST00000666943.1,ENST00000936442.2,ENST00000936443.2,ENST00001064457.1,ENST00001144791.1	8	ENST00000350721.9,ENST00000653868.1,ENST00000656590.1,ENST00000661310.2,ENST00000936442.2,ENST00000936443.2,ENST00001064457.1,ENST00001144791.1	4	multiple_isoforms_differential_probe_coverage
AXL	5	23	5	0	20	ENST00000301178.9,ENST00000359092.8,ENST00000593513.2,ENST00000599659.5,ENST00000898512.2,ENST00000915596.2,ENST00000915597.2,ENST00000915598.2,ENST00000915599.2,ENST00000915600.2,ENST00001002647.1,ENST00001090409.1,ENST00001090410.1,ENST00001090411.1,ENST00001090412.1,ENST00001115281.1,ENST00001115282.1,ENST00001128477.1,ENST00001128478.1,ENST00001143165.1	11	ENST00000301178.9,ENST00000359092.8,ENST00000593513.2,ENST00000898512.2,ENST00000915597.2,ENST00000915598.2,ENST00000915599.2,ENST00000915600.2,ENST00001002647.1,ENST00001090409.1,ENST00001143165.1	4	multiple_isoforms_differential_probe_coverage
AZGP1	5	33	5	0	33	ENST00000292401.9,ENST00000411734.2,ENST00000419575.1,ENST00000477251.1,ENST00000483612.1,ENST00000495765.1,ENST00000868282.2,ENST00000868283.2,ENST00000868284.2,ENST00000868285.2,ENST00000868286.2,ENST00000868287.2,ENST00000868288.2,ENST00000868289.2,ENST00000868290.2,ENST00000868291.2,ENST00000868292.2,ENST00001007693.1,ENST00001007696.1,ENST00001007700.1,ENST00001007701.1,ENST00001007703.1,ENST00001007704.1,ENST00001007707.1,ENST00001007710.1,ENST00001007713.1,ENST00001007716.1,ENST00001101414.1,ENST00001101415.1,ENST00001117353.1,ENST00001117354.1,ENST00001117355.1,ENST00001134413.1	22	ENST00000292401.9,ENST00000411734.2,ENST00000868283.2,ENST00000868286.2,ENST00000868287.2,ENST00000868289.2,ENST00000868290.2,ENST00000868291.2,ENST00000868292.2,ENST00001007693.1,ENST00001007696.1,ENST00001007700.1,ENST00001007701.1,ENST00001007703.1,ENST00001007704.1,ENST00001007707.1,ENST00001007710.1,ENST00001007713.1,ENST00001007716.1,ENST00001117353.1,ENST00001117355.1,ENST00001134413.1	5	multiple_isoforms_differential_probe_coverage
AZU1	5	6	5	0	6	ENST00000233997.4,ENST00000592205.5,ENST00000620695.2,ENST00000633060.1,ENST00001092586.1,ENST00001141975.1	5	ENST00000233997.4,ENST00000592205.5,ENST00000620695.2,ENST00000633060.1,ENST00001141975.1	2	multiple_isoforms_differential_probe_coverage
B2M	5	40	5	0	37	ENST00000349264.10,ENST00000557901.5,ENST00000559720.5,ENST00000559907.5,ENST00000559916.2,ENST00000560681.1,ENST00000561139.2,ENST00000561424.5,ENST00000617605.4,ENST00000619603.1,ENST00000623550.1,ENST00000631391.1,ENST00000631573.1,ENST00000631575.1,ENST00000631672.1,ENST00000631728.1,ENST00000632449.1,ENST00000632867.1,ENST00000633158.1,ENST00000633512.1,ENST00000633581.1,ENST00000648006.3,ENST00000695792.1,ENST00000906076.2,ENST00000906077.2,ENST00000916438.1,ENST00001005540.1,ENST00001005542.1,ENST00001005543.1,ENST00001005545.1,ENST00001074089.1,ENST00001095587.1,ENST00001095588.1,ENST00001095589.1,ENST00001095590.1,ENST00001095591.1,ENST00001118219.1	14	ENST00000617605.4,ENST00000648006.3,ENST00000906076.2,ENST00000916438.1,ENST00001005540.1,ENST00001005542.1,ENST00001005543.1,ENST00001005545.1,ENST00001074089.1,ENST00001095587.1,ENST00001095588.1,ENST00001095589.1,ENST00001095590.1,ENST00001118219.1	5	multiple_isoforms_differential_probe_coverage
B3GNT7	5	5	5	0	4	ENST00000287590.6,ENST00000479618.1,ENST00000714191.2,ENST00001145230.1	3	ENST00000287590.6,ENST00000714191.2,ENST00001145230.1	2	multiple_isoforms_differential_probe_coverage
BAG3	5	10	5	0	9	ENST00000369085.8,ENST00000450186.1,ENST00000889977.1,ENST00000889978.1,ENST00000889979.2,ENST00000889980.2,ENST00000889981.2,ENST00000951434.2,ENST00001143160.1	6	ENST00000369085.8,ENST00000889977.1,ENST00000889978.1,ENST00000889980.2,ENST00000951434.2,ENST00001143160.1	3	multiple_isoforms_differential_probe_coverage
BATF3	5	5	5	0	5	ENST00000243440.2,ENST00000471382.5,ENST00000478275.1,ENST00001097090.1,ENST00001145896.1	2	ENST00000243440.2,ENST00001145896.1	3	multiple_isoforms_differential_probe_coverage
BAX	5	28	5	0	28	ENST00000293288.12,ENST00000345358.12,ENST00000354470.7,ENST00000356483.8,ENST00000415969.6,ENST00000502487.5,ENST00000503726.2,ENST00000506183.5,ENST00000513217.1,ENST00000513545.5,ENST00000515540.5,ENST00000539787.2,ENST00000880100.2,ENST00001017269.1,ENST00001066200.1,ENST00001066201.1,ENST00001066202.1,ENST00001066203.1,ENST00001066205.1,ENST00001066207.1,ENST00001066209.1,ENST00001096079.1,ENST00001096080.1,ENST00001096081.1,ENST00001096082.1,ENST00001096083.1,ENST00001114337.1,ENST00001135497.1	11	ENST00000293288.12,ENST00000345358.12,ENST00000502487.5,ENST00000513545.5,ENST00001017269.1,ENST00001066201.1,ENST00001096079.1,ENST00001096080.1,ENST00001096082.1,ENST00001096083.1,ENST00001135497.1	5	multiple_isoforms_differential_probe_coverage
BCL2	5	11	5	0	8	ENST00000333681.5,ENST00000398117.1,ENST00000589955.2,ENST00000677227.1,ENST00000678134.1,ENST00000678349.1,ENST00000973559.1,ENST00001131653.1	4	ENST00000333681.5,ENST00000398117.1,ENST00000973559.1,ENST00001131653.1	2	multiple_isoforms_differential_probe_coverage
BCL2L1	5	43	5	0	43	ENST00000307677.5,ENST00000376055.10,ENST00000376062.6,ENST00000420488.7,ENST00000422920.3,ENST00000434194.3,ENST00000439267.3,ENST00000450273.2,ENST00000456404.7,ENST00000676582.2,ENST00000676942.2,ENST00000677194.2,ENST00000677494.1,ENST00000678563.2,ENST00000678671.1,ENST00000870614.2,ENST00000870615.2,ENST00000870616.2,ENST00000870617.2,ENST00000870618.2,ENST00000870619.2,ENST00000870620.2,ENST00000870621.2,ENST00000870622.2,ENST00000870623.2,ENST00000925012.2,ENST00000925013.2,ENST00000925014.2,ENST00000925015.2,ENST00000925016.2,ENST00000925017.2,ENST00000941693.2,ENST00000941694.2,ENST00001001206.1,ENST00001001207.1,ENST00001001208.1,ENST00001001209.1,ENST00001001210.1,ENST00001001211.1,ENST00001001212.1,ENST00001001213.1,ENST00001042048.1,ENST00001133412.1	41	ENST00000307677.5,ENST00000376055.10,ENST00000376062.6,ENST00000420488.7,ENST00000422920.3,ENST00000434194.3,ENST00000439267.3,ENST00000456404.7,ENST00000676582.2,ENST00000676942.2,ENST00000677194.2,ENST00000678563.2,ENST00000678671.1,ENST00000870614.2,ENST00000870615.2,ENST00000870616.2,ENST00000870617.2,ENST00000870618.2,ENST00000870619.2,ENST00000870620.2,ENST00000870621.2,ENST00000870622.2,ENST00000870623.2,ENST00000925012.2,ENST00000925013.2,ENST00000925014.2,ENST00000925015.2,ENST00000925016.2,ENST00000925017.2,ENST00000941693.2,ENST00000941694.2,ENST00001001206.1,ENST00001001207.1,ENST00001001208.1,ENST00001001209.1,ENST00001001210.1,ENST00001001211.1,ENST00001001212.1,ENST00001001213.1,ENST00001042048.1,ENST00001133412.1	3	multiple_isoforms_differential_probe_coverage
BECN1	5	52	5	0	50	ENST00000361523.9,ENST00000438274.8,ENST00000543382.6,ENST00000585515.5,ENST00000586589.5,ENST00000587880.1,ENST00000588276.5,ENST00000589493.1,ENST00000589636.5,ENST00000589663.5,ENST00000590099.6,ENST00000590185.1,ENST00000590764.1,ENST00000590852.1,ENST00000591085.1,ENST00000591307.5,ENST00000593112.1,ENST00000593205.5,ENST00000612631.1,ENST00000617806.4,ENST00000893287.2,ENST00000893288.2,ENST00000893289.2,ENST00000893290.2,ENST00000893291.2,ENST00000893292.2,ENST00000893293.2,ENST00000893294.2,ENST00000893295.2,ENST00000922825.2,ENST00000967385.2,ENST00000967386.2,ENST00000967387.2,ENST00000967390.2,ENST00000976525.1,ENST00000976527.1,ENST00000976528.1,ENST00001014427.1,ENST00001014428.1,ENST00001014429.1,ENST00001014430.1,ENST00001014431.1,ENST00001014433.1,ENST00001014435.1,ENST00001014436.1,ENST00001090292.1,ENST00001090293.1,ENST00001101883.1,ENST00001107360.1,ENST00001142461.1	24	ENST00000361523.9,ENST00000438274.8,ENST00000543382.6,ENST00000590099.6,ENST00000617806.4,ENST00000893287.2,ENST00000893288.2,ENST00000893289.2,ENST00000893290.2,ENST00000893292.2,ENST00000893294.2,ENST00000893295.2,ENST00000967385.2,ENST00000967386.2,ENST00000976525.1,ENST00000976527.1,ENST00001014427.1,ENST00001014428.1,ENST00001014429.1,ENST00001014430.1,ENST00001014431.1,ENST00001014433.1,ENST00001014435.1,ENST00001142461.1	5	multiple_isoforms_differential_probe_coverage
BEST1	5	12	5	0	10	ENST00000378043.9,ENST00000449131.6,ENST00000524877.5,ENST00000524926.5,ENST00000526988.1,ENST00000534553.5,ENST00001007536.1,ENST00001117146.1,ENST00001117147.1,ENST00001142857.1	9	ENST00000378043.9,ENST00000449131.6,ENST00000524877.5,ENST00000524926.5,ENST00000534553.5,ENST00001007536.1,ENST00001117146.1,ENST00001117147.1,ENST00001142857.1	2	multiple_isoforms_differential_probe_coverage
BGN	5	31	5	0	31	ENST00000331595.9,ENST00000431891.1,ENST00000472615.5,ENST00000480756.1,ENST00000492658.1,ENST00000859723.1,ENST00000859724.2,ENST00000859725.2,ENST00000859726.1,ENST00000859727.1,ENST00000859728.1,ENST00000859729.2,ENST00000859730.2,ENST00000859731.2,ENST00000859732.2,ENST00000859733.2,ENST00000859734.1,ENST00000859735.1,ENST00000859736.1,ENST00000859737.2,ENST00000859738.2,ENST00000859739.2,ENST00000859740.2,ENST00000859741.1,ENST00000971803.2,ENST00000971804.2,ENST00000993529.1,ENST00001038514.1,ENST00001038516.1,ENST00001126383.1,ENST00001132843.1	26	ENST00000331595.9,ENST00000472615.5,ENST00000859723.1,ENST00000859724.2,ENST00000859725.2,ENST00000859726.1,ENST00000859727.1,ENST00000859728.1,ENST00000859729.2,ENST00000859730.2,ENST00000859731.2,ENST00000859733.2,ENST00000859734.1,ENST00000859735.1,ENST00000859736.1,ENST00000859737.2,ENST00000859738.2,ENST00000859739.2,ENST00000859740.2,ENST00000859741.1,ENST00000971803.2,ENST00000971804.2,ENST00000993529.1,ENST00001038514.1,ENST00001038516.1,ENST00001132843.1	5	multiple_isoforms_differential_probe_coverage
BID	5	31	5	0	29	ENST00000317361.11,ENST00000342111.9,ENST00000399765.6,ENST00000399767.7,ENST00000473439.5,ENST00000494097.5,ENST00000550946.5,ENST00000551952.6,ENST00000614949.5,ENST00000622694.5,ENST00000890844.2,ENST00000890845.2,ENST00000890846.2,ENST00000890847.2,ENST00000890848.2,ENST00000890849.2,ENST00000890850.2,ENST00000890851.2,ENST00000890852.2,ENST00000890853.2,ENST00000890854.2,ENST00000890855.2,ENST00000890856.2,ENST00000931697.2,ENST00000931698.2,ENST00000951445.2,ENST00000951446.2,ENST00000988200.1,ENST00001062318.1	25	ENST00000317361.11,ENST00000399765.6,ENST00000399767.7,ENST00000551952.6,ENST00000614949.5,ENST00000622694.5,ENST00000890844.2,ENST00000890845.2,ENST00000890846.2,ENST00000890847.2,ENST00000890848.2,ENST00000890849.2,ENST00000890850.2,ENST00000890851.2,ENST00000890852.2,ENST00000890853.2,ENST00000890854.2,ENST00000890855.2,ENST00000890856.2,ENST00000931697.2,ENST00000931698.2,ENST00000951445.2,ENST00000951446.2,ENST00000988200.1,ENST00001062318.1	2	multiple_isoforms_differential_probe_coverage
BIRC5	5	19	5	0	19	ENST00000301633.8,ENST00000350051.8,ENST00000374948.7,ENST00000586192.5,ENST00000587746.5,ENST00000589892.1,ENST00000590449.2,ENST00000590925.6,ENST00000591800.1,ENST00000592115.5,ENST00000592734.5,ENST00000917427.2,ENST00001061874.1,ENST00001061875.1,ENST00001061877.1,ENST00001061878.1,ENST00001061880.1,ENST00001061881.1,ENST00001138732.1	10	ENST00000301633.8,ENST00000350051.8,ENST00000374948.7,ENST00000917427.2,ENST00001061874.1,ENST00001061875.1,ENST00001061877.1,ENST00001061878.1,ENST00001061880.1,ENST00001138732.1	4	multiple_isoforms_differential_probe_coverage
BMP1	5	28	5	0	23	ENST00000306349.13,ENST00000306385.10,ENST00000354870.5,ENST00000471755.5,ENST00000483364.5,ENST00000517324.5,ENST00000518913.5,ENST00000520626.6,ENST00000520970.5,ENST00000520982.5,ENST00000521385.5,ENST00000523457.5,ENST00000523749.5,ENST00000988789.1,ENST00000988790.1,ENST00001026758.1,ENST00001026759.1,ENST00001026760.1,ENST00001026762.1,ENST00001026763.1,ENST00001120963.1,ENST00001133279.1,ENST00001133280.1	18	ENST00000306349.13,ENST00000306385.10,ENST00000354870.5,ENST00000471755.5,ENST00000483364.5,ENST00000518913.5,ENST00000520626.6,ENST00000520970.5,ENST00000520982.5,ENST00000521385.5,ENST00000988789.1,ENST00000988790.1,ENST00001026758.1,ENST00001026759.1,ENST00001026762.1,ENST00001120963.1,ENST00001133279.1,ENST00001133280.1	5	multiple_isoforms_differential_probe_coverage
BMP2	5	6	5	0	6	ENST00000378827.5,ENST00000936876.2,ENST00000953442.2,ENST00000953443.2,ENST00001126234.1,ENST00001132771.1	6	ENST00000378827.5,ENST00000936876.2,ENST00000953442.2,ENST00000953443.2,ENST00001126234.1,ENST00001132771.1	1	multiple_isoforms_same_probe_coverage
BMP3	5	3	5	0	3	ENST00000282701.4,ENST00000909109.2,ENST00001134491.1	3	ENST00000282701.4,ENST00000909109.2,ENST00001134491.1	1	multiple_isoforms_same_probe_coverage
BMP4	5	29	5	0	27	ENST00000245451.9,ENST00000417573.5,ENST00000558961.1,ENST00000558984.2,ENST00000559087.6,ENST00000559501.1,ENST00000559642.1,ENST00000890805.2,ENST00000890806.2,ENST00000890807.1,ENST00000890808.2,ENST00000890809.1,ENST00000890810.1,ENST00000890811.1,ENST00000890812.1,ENST00000939836.2,ENST00000939837.1,ENST00000939838.1,ENST00000939839.1,ENST00000939840.1,ENST00000939841.2,ENST00000951376.1,ENST00001049235.1,ENST00001107398.1,ENST00001107399.1,ENST00001107400.1,ENST00001135440.1	21	ENST00000245451.9,ENST00000417573.5,ENST00000558984.2,ENST00000559087.6,ENST00000890805.2,ENST00000890806.2,ENST00000890807.1,ENST00000890808.2,ENST00000890809.1,ENST00000890810.1,ENST00000890811.1,ENST00000890812.1,ENST00000939836.2,ENST00000939837.1,ENST00000939838.1,ENST00000939839.1,ENST00000939840.1,ENST00000939841.2,ENST00000951376.1,ENST00001049235.1,ENST00001135440.1	5	multiple_isoforms_differential_probe_coverage
BMP5	5	6	5	0	6	ENST00000370830.4,ENST00000901523.1,ENST00000977175.1,ENST00000977176.1,ENST00000977177.1,ENST00001136540.1	6	ENST00000370830.4,ENST00000901523.1,ENST00000977175.1,ENST00000977176.1,ENST00000977177.1,ENST00001136540.1	1	multiple_isoforms_same_probe_coverage
BMP6	5	6	5	0	6	ENST00000283147.7,ENST00000946083.2,ENST00001041917.1,ENST00001041918.1,ENST00001124916.1,ENST00001141307.1	5	ENST00000283147.7,ENST00000946083.2,ENST00001041917.1,ENST00001041918.1,ENST00001141307.1	2	multiple_isoforms_differential_probe_coverage
BMP7	5	13	5	0	11	ENST00000395863.8,ENST00000395864.8,ENST00000433911.1,ENST00000450594.7,ENST00000460817.5,ENST00000476877.1,ENST00000530870.1,ENST00001017319.1,ENST00001017320.1,ENST00001017321.1,ENST00001133256.1	4	ENST00000395863.8,ENST00000395864.8,ENST00001017319.1,ENST00001133256.1	5	multiple_isoforms_differential_probe_coverage
BMPR1A	5	56	5	0	56	ENST00000372037.8,ENST00000480152.4,ENST00000635816.2,ENST00000636056.2,ENST00000638429.1,ENST00000713669.2,ENST00000713670.2,ENST00000713671.1,ENST00000713672.2,ENST00000713673.1,ENST00000713674.1,ENST00000713675.2,ENST00000883496.2,ENST00000883497.2,ENST00000883498.2,ENST00000883499.2,ENST00000883500.2,ENST00000883501.2,ENST00000883502.2,ENST00000883503.2,ENST00000926283.2,ENST00000926284.2,ENST00000926285.2,ENST00000926286.2,ENST00000926287.2,ENST00000926288.2,ENST00000926289.2,ENST00000926290.2,ENST00000926291.2,ENST00000926292.2,ENST00000926293.2,ENST00000943087.2,ENST00000943088.2,ENST00000943089.2,ENST00000943090.2,ENST00000943091.2,ENST00000943092.2,ENST00000943093.2,ENST00000943094.2,ENST00000943095.2,ENST00000943096.2,ENST00000974658.1,ENST00000974659.1,ENST00001048486.1,ENST00001048487.1,ENST00001048488.1,ENST00001048489.1,ENST00001048490.1,ENST00001048492.1,ENST00001068653.1,ENST00001107175.1,ENST00001107176.1,ENST00001107177.1,ENST00001113198.1,ENST00001128135.1,ENST00001138242.1	49	ENST00000372037.8,ENST00000480152.4,ENST00000635816.2,ENST00000636056.2,ENST00000638429.1,ENST00000713671.1,ENST00000713672.2,ENST00000713674.1,ENST00000713675.2,ENST00000883496.2,ENST00000883497.2,ENST00000883498.2,ENST00000883499.2,ENST00000883500.2,ENST00000883501.2,ENST00000883502.2,ENST00000883503.2,ENST00000926283.2,ENST00000926284.2,ENST00000926285.2,ENST00000926286.2,ENST00000926287.2,ENST00000926288.2,ENST00000926289.2,ENST00000926290.2,ENST00000926291.2,ENST00000926292.2,ENST00000926293.2,ENST00000943087.2,ENST00000943088.2,ENST00000943089.2,ENST00000943090.2,ENST00000943091.2,ENST00000943092.2,ENST00000943093.2,ENST00000943094.2,ENST00000943095.2,ENST00000943096.2,ENST00000974658.1,ENST00000974659.1,ENST00001048486.1,ENST00001048487.1,ENST00001048488.1,ENST00001048489.1,ENST00001048490.1,ENST00001048492.1,ENST00001068653.1,ENST00001128135.1,ENST00001138242.1	3	multiple_isoforms_differential_probe_coverage
BMPR2	5	13	5	0	12	ENST00000374574.3,ENST00000374580.10,ENST00000479069.1,ENST00001005944.1,ENST00001005945.1,ENST00001015742.1,ENST00001015743.1,ENST00001110656.1,ENST00001110657.1,ENST00001117075.1,ENST00001117076.1,ENST00001145332.1	5	ENST00000374580.10,ENST00001005945.1,ENST00001015743.1,ENST00001117075.1,ENST00001145332.1	5	multiple_isoforms_differential_probe_coverage
BMX	5	10	5	0	9	ENST00000342014.7,ENST00000348343.11,ENST00000357607.6,ENST00000463891.1,ENST00000867197.2,ENST00000867198.2,ENST00000942875.2,ENST00000942876.2,ENST00001133824.1	7	ENST00000342014.7,ENST00000348343.11,ENST00000357607.6,ENST00000867197.2,ENST00000942875.2,ENST00000942876.2,ENST00001133824.1	3	multiple_isoforms_differential_probe_coverage
BRCA1	5	59	5	0	54	ENST00000352993.8,ENST00000354071.8,ENST00000357654.9,ENST00000461221.5,ENST00000461574.3,ENST00000461798.5,ENST00000468300.6,ENST00000470026.7,ENST00000471181.8,ENST00000473961.7,ENST00000476777.7,ENST00000477152.7,ENST00000478531.7,ENST00000484087.7,ENST00000489037.3,ENST00000491747.6,ENST00000492859.5,ENST00000493795.6,ENST00000493919.7,ENST00000494123.7,ENST00000497488.3,ENST00000586385.6,ENST00000591534.6,ENST00000591849.6,ENST00000618469.3,ENST00000634433.3,ENST00000642945.1,ENST00000644379.3,ENST00000644555.3,ENST00000652672.3,ENST00000700081.1,ENST00000700082.1,ENST00000700182.1,ENST00000700183.1,ENST00000700184.1,ENST00000713676.2,ENST00000899954.2,ENST00000921914.1,ENST00000921915.2,ENST00000921916.2,ENST00000945268.2,ENST00000945269.2,ENST00001010568.1,ENST00001010569.1,ENST00001010570.1,ENST00001076718.1,ENST00001076719.1,ENST00001076720.1,ENST00001076721.1,ENST00001076722.1,ENST00001076723.1,ENST00001076724.1,ENST00001076725.1,ENST00001136804.1	38	ENST00000352993.8,ENST00000357654.9,ENST00000461221.5,ENST00000461574.3,ENST00000468300.6,ENST00000470026.7,ENST00000471181.8,ENST00000473961.7,ENST00000476777.7,ENST00000478531.7,ENST00000484087.7,ENST00000491747.6,ENST00000493795.6,ENST00000493919.7,ENST00000494123.7,ENST00000618469.3,ENST00000634433.3,ENST00000644379.3,ENST00000644555.3,ENST00000652672.3,ENST00000713676.2,ENST00000899954.2,ENST00000921914.1,ENST00000921915.2,ENST00000921916.2,ENST00000945268.2,ENST00000945269.2,ENST00001010568.1,ENST00001010569.1,ENST00001076718.1,ENST00001076719.1,ENST00001076720.1,ENST00001076721.1,ENST00001076722.1,ENST00001076723.1,ENST00001076724.1,ENST00001076725.1,ENST00001136804.1	5	multiple_isoforms_differential_probe_coverage
BST1	5	15	5	0	15	ENST00000265016.9,ENST00000382346.8,ENST00000505785.5,ENST00000514445.5,ENST00000514989.1,ENST00000850863.1,ENST00000897441.2,ENST00000944759.2,ENST00000983024.1,ENST00000983025.1,ENST00001021593.1,ENST00001096064.1,ENST00001125346.1,ENST00001125347.1,ENST00001125348.1	10	ENST00000265016.9,ENST00000382346.8,ENST00000850863.1,ENST00000944759.2,ENST00000983025.1,ENST00001021593.1,ENST00001096064.1,ENST00001125346.1,ENST00001125347.1,ENST00001125348.1	5	multiple_isoforms_differential_probe_coverage
BST2	5	18	5	0	18	ENST00000252593.7,ENST00000527220.2,ENST00000533098.5,ENST00000860181.2,ENST00000860182.2,ENST00000860183.2,ENST00000860184.2,ENST00000860185.2,ENST00000860186.2,ENST00000982416.1,ENST00000982417.1,ENST00000982418.1,ENST00001010764.1,ENST00001100483.1,ENST00001118800.1,ENST00001128046.1,ENST00001131149.1,ENST00001141971.1	15	ENST00000252593.7,ENST00000860181.2,ENST00000860182.2,ENST00000860183.2,ENST00000860184.2,ENST00000860185.2,ENST00000860186.2,ENST00000982416.1,ENST00000982417.1,ENST00000982418.1,ENST00001010764.1,ENST00001100483.1,ENST00001118800.1,ENST00001128046.1,ENST00001141971.1	4	multiple_isoforms_differential_probe_coverage
BTG1	5	5	5	0	5	ENST00000256015.5,ENST00000552315.1,ENST00000673901.1,ENST00001099348.1,ENST00001118583.1	1	ENST00000256015.5	4	multiple_isoforms_differential_probe_coverage
BTK	5	39	5	0	36	ENST00000308731.8,ENST00000464006.2,ENST00000464567.1,ENST00000470069.1,ENST00000478995.2,ENST00000488970.2,ENST00000621635.5,ENST00000695614.1,ENST00000695615.1,ENST00000695616.1,ENST00000695617.1,ENST00000695618.1,ENST00000695619.1,ENST00000695620.1,ENST00000695621.1,ENST00000695622.2,ENST00000695623.2,ENST00000695624.1,ENST00000695625.2,ENST00000695626.1,ENST00000695627.1,ENST00000695628.1,ENST00000695629.1,ENST00000695630.1,ENST00000695632.1,ENST00000695633.1,ENST00000695643.1,ENST00000703407.2,ENST00000896540.2,ENST00000914420.2,ENST00000944955.2,ENST00000944956.2,ENST00000944957.2,ENST00000944958.2,ENST00001033630.1,ENST00001132204.1	24	ENST00000308731.8,ENST00000478995.2,ENST00000488970.2,ENST00000621635.5,ENST00000695614.1,ENST00000695615.1,ENST00000695616.1,ENST00000695617.1,ENST00000695618.1,ENST00000695619.1,ENST00000695620.1,ENST00000695621.1,ENST00000695622.2,ENST00000695623.2,ENST00000695625.2,ENST00000703407.2,ENST00000896540.2,ENST00000914420.2,ENST00000944955.2,ENST00000944956.2,ENST00000944957.2,ENST00000944958.2,ENST00001033630.1,ENST00001132204.1	4	multiple_isoforms_differential_probe_coverage
C11orf96	5	1	5	0	1	ENST00000617612.3	1	ENST00000617612.3	1	single_isoform
C1QA	5	23	5	0	23	ENST00000374642.8,ENST00000402322.3,ENST00000438241.3,ENST00000695738.2,ENST00000695739.1,ENST00000695740.2,ENST00000695741.2,ENST00000695742.2,ENST00000695743.2,ENST00000695744.2,ENST00000695745.1,ENST00000695746.1,ENST00000882020.2,ENST00000882021.2,ENST00000882022.2,ENST00000882023.2,ENST00000882024.2,ENST00000882025.2,ENST00000965381.2,ENST00000965382.2,ENST00001097247.1,ENST00001097248.1,ENST00001145911.1	21	ENST00000374642.8,ENST00000402322.3,ENST00000438241.3,ENST00000695739.1,ENST00000695740.2,ENST00000695741.2,ENST00000695742.2,ENST00000695743.2,ENST00000695744.2,ENST00000695746.1,ENST00000882020.2,ENST00000882021.2,ENST00000882022.2,ENST00000882023.2,ENST00000882024.2,ENST00000882025.2,ENST00000965381.2,ENST00000965382.2,ENST00001097247.1,ENST00001097248.1,ENST00001145911.1	2	multiple_isoforms_differential_probe_coverage
C1QB	5	22	5	0	22	ENST00000432749.6,ENST00000509305.6,ENST00000510260.5,ENST00000695754.2,ENST00000695755.2,ENST00000695756.2,ENST00000695757.2,ENST00000695758.2,ENST00000695759.2,ENST00000695760.2,ENST00000695761.2,ENST00000695762.2,ENST00000695763.2,ENST00000897310.2,ENST00000897311.2,ENST00000897312.2,ENST00000897313.2,ENST00000897314.2,ENST00000952201.2,ENST00000952202.2,ENST00000952203.2,ENST00001142634.1	18	ENST00000509305.6,ENST00000695754.2,ENST00000695755.2,ENST00000695756.2,ENST00000695757.2,ENST00000695758.2,ENST00000695759.2,ENST00000695760.2,ENST00000695761.2,ENST00000695762.2,ENST00000695763.2,ENST00000897310.2,ENST00000897312.2,ENST00000897313.2,ENST00000897314.2,ENST00000952201.2,ENST00000952203.2,ENST00001142634.1	4	multiple_isoforms_differential_probe_coverage
C1QC	5	12	5	0	12	ENST00000374637.2,ENST00000374639.8,ENST00000374640.9,ENST00000695749.2,ENST00000695750.1,ENST00000695751.2,ENST00000695752.2,ENST00000695753.2,ENST00000867664.2,ENST00000867665.2,ENST00000968848.2,ENST00001145803.1	11	ENST00000374637.2,ENST00000374639.8,ENST00000374640.9,ENST00000695749.2,ENST00000695750.1,ENST00000695751.2,ENST00000695752.2,ENST00000867664.2,ENST00000867665.2,ENST00000968848.2,ENST00001145803.1	2	multiple_isoforms_differential_probe_coverage
C5AR2	5	4	5	0	4	ENST00000595464.3,ENST00000600626.2,ENST00000874258.2,ENST00001135025.1	4	ENST00000595464.3,ENST00000600626.2,ENST00000874258.2,ENST00001135025.1	1	multiple_isoforms_same_probe_coverage
C9orf16	5	8	5	0	8	ENST00000372994.2,ENST00000486420.1,ENST00000489240.1,ENST00000492588.1,ENST00001032476.1,ENST00001032477.1,ENST00001101141.1,ENST00001137317.1	5	ENST00000372994.2,ENST00001032476.1,ENST00001032477.1,ENST00001101141.1,ENST00001137317.1	4	multiple_isoforms_differential_probe_coverage
CALB1	5	16	5	0	15	ENST00000265431.7,ENST00000469032.1,ENST00000473670.1,ENST00000476853.1,ENST00000482702.5,ENST00000497376.1,ENST00000514406.2,ENST00000518457.6,ENST00000520613.5,ENST00000523716.5,ENST00000892430.2,ENST00000892431.2,ENST00000920117.2,ENST00000990122.1,ENST00001085133.1	4	ENST00000265431.7,ENST00000892430.2,ENST00000920117.2,ENST00000990122.1	5	multiple_isoforms_differential_probe_coverage
CALD1	5	74	5	0	67	ENST00000361675.7,ENST00000361901.7,ENST00000393118.7,ENST00000417172.5,ENST00000422748.6,ENST00000424922.5,ENST00000430085.5,ENST00000435928.1,ENST00000436461.6,ENST00000443197.5,ENST00000445569.6,ENST00000454108.5,ENST00000466704.1,ENST00000473714.1,ENST00000482470.5,ENST00000495522.1,ENST00000496024.1,ENST00000866419.2,ENST00000866420.2,ENST00000866421.2,ENST00000866422.2,ENST00000866423.2,ENST00000866424.2,ENST00000866425.2,ENST00000866426.2,ENST00000866427.2,ENST00000866428.1,ENST00000927566.2,ENST00000927567.2,ENST00000927568.2,ENST00000927569.2,ENST00000927570.2,ENST00000927571.2,ENST00000927572.2,ENST00000927573.2,ENST00000972406.2,ENST00000972407.2,ENST00000972408.2,ENST00000972409.2,ENST00000972410.2,ENST00000972411.2,ENST00000972412.2,ENST00000972413.2,ENST00000972414.2,ENST00000972415.2,ENST00000972416.2,ENST00000972417.2,ENST00000972418.2,ENST00000972419.2,ENST00000972420.2,ENST00000972421.2,ENST00000972422.2,ENST00000972423.1,ENST00001014518.1,ENST00001014519.1,ENST00001014520.1,ENST00001014521.1,ENST00001014522.1,ENST00001014523.1,ENST00001014524.1,ENST00001014525.1,ENST00001069470.1,ENST00001069471.1,ENST00001069472.1,ENST00001069473.1,ENST00001126357.1,ENST00001134317.1	53	ENST00000361675.7,ENST00000361901.7,ENST00000393118.7,ENST00000417172.5,ENST00000422748.6,ENST00000424922.5,ENST00000430085.5,ENST00000443197.5,ENST00000482470.5,ENST00000495522.1,ENST00000866419.2,ENST00000866420.2,ENST00000866421.2,ENST00000866422.2,ENST00000866423.2,ENST00000866424.2,ENST00000866425.2,ENST00000866426.2,ENST00000866427.2,ENST00000866428.1,ENST00000927566.2,ENST00000927567.2,ENST00000927568.2,ENST00000927569.2,ENST00000927570.2,ENST00000927571.2,ENST00000927572.2,ENST00000927573.2,ENST00000972406.2,ENST00000972407.2,ENST00000972408.2,ENST00000972410.2,ENST00000972411.2,ENST00000972413.2,ENST00000972416.2,ENST00000972417.2,ENST00000972418.2,ENST00000972419.2,ENST00000972421.2,ENST00000972422.2,ENST00000972423.1,ENST00001014518.1,ENST00001014519.1,ENST00001014520.1,ENST00001014521.1,ENST00001014522.1,ENST00001014523.1,ENST00001014524.1,ENST00001014525.1,ENST00001069470.1,ENST00001069471.1,ENST00001069472.1,ENST00001134317.1	5	multiple_isoforms_differential_probe_coverage
CALM1	5	34	5	0	32	ENST00000356978.9,ENST00000447653.8,ENST00000544280.6,ENST00000553422.1,ENST00000553542.5,ENST00000553630.1,ENST00000553964.5,ENST00000553995.5,ENST00000554296.1,ENST00000555267.1,ENST00000556721.1,ENST00000556757.5,ENST00000557020.5,ENST00000659177.1,ENST00000663135.1,ENST00000971957.2,ENST00001003654.1,ENST00001003655.1,ENST00001003656.1,ENST00001003657.1,ENST00001003658.1,ENST00001041206.1,ENST00001083112.1,ENST00001083122.1,ENST00001093220.1,ENST00001093221.1,ENST00001093222.1,ENST00001093223.1,ENST00001093224.1,ENST00001121540.1,ENST00001125967.1,ENST00001134164.1	3	ENST00000356978.9,ENST00001121540.1,ENST00001134164.1	3	multiple_isoforms_differential_probe_coverage
CALM2	5	31	5	0	31	ENST00000272298.12,ENST00000409563.5,ENST00000432899.5,ENST00000456319.6,ENST00000460218.5,ENST00000482532.5,ENST00000484408.5,ENST00000489742.1,ENST00000652974.1,ENST00000655450.1,ENST00000655728.1,ENST00000656538.1,ENST00000668667.1,ENST00000670593.1,ENST00000921950.2,ENST00000946887.2,ENST00000946888.2,ENST00001005447.1,ENST00001005449.1,ENST00001012303.1,ENST00001083757.1,ENST00001083759.1,ENST00001100061.1,ENST00001100062.1,ENST00001100063.1,ENST00001100064.1,ENST00001100065.1,ENST00001100066.1,ENST00001100067.1,ENST00001128145.1,ENST00001144310.1	7	ENST00000272298.12,ENST00001005447.1,ENST00001005449.1,ENST00001012303.1,ENST00001083757.1,ENST00001083759.1,ENST00001144310.1	5	multiple_isoforms_differential_probe_coverage
CALM3	5	26	5	0	26	ENST00000291295.14,ENST00000391918.6,ENST00000477244.5,ENST00000482455.5,ENST00000486500.1,ENST00000594523.5,ENST00000595072.2,ENST00000596362.1,ENST00000597743.6,ENST00000597868.5,ENST00000598871.5,ENST00000599839.5,ENST00000602169.2,ENST00000866714.1,ENST00000866715.2,ENST00000866716.2,ENST00000866717.1,ENST00000866718.2,ENST00000952656.2,ENST00000984236.1,ENST00001043568.1,ENST00001043571.1,ENST00001067235.1,ENST00001067236.1,ENST00001099602.1,ENST00001124696.1	11	ENST00000291295.14,ENST00000486500.1,ENST00000866714.1,ENST00000866716.2,ENST00000866717.1,ENST00000866718.2,ENST00000984236.1,ENST00001043571.1,ENST00001067235.1,ENST00001067236.1,ENST00001124696.1	5	multiple_isoforms_differential_probe_coverage
CAMP	5	6	5	0	6	ENST00000296435.3,ENST00000652295.2,ENST00001102916.1,ENST00001102917.1,ENST00001102918.1,ENST00001145161.1	6	ENST00000296435.3,ENST00000652295.2,ENST00001102916.1,ENST00001102917.1,ENST00001102918.1,ENST00001145161.1	1	multiple_isoforms_same_probe_coverage
CASP3	5	36	5	0	36	ENST00000308394.9,ENST00000393585.7,ENST00000393588.9,ENST00000447121.2,ENST00000517513.6,ENST00000523916.6,ENST00000700100.2,ENST00000700101.2,ENST00000700102.1,ENST00000700103.1,ENST00000700104.1,ENST00000872339.2,ENST00000872340.2,ENST00000872341.2,ENST00000872342.1,ENST00000872343.2,ENST00000872344.2,ENST00000872345.2,ENST00000872346.2,ENST00000872347.2,ENST00000939939.2,ENST00000939940.2,ENST00000939941.2,ENST00000939942.2,ENST00000939943.2,ENST00000939944.2,ENST00000939945.2,ENST00000939946.2,ENST00000972040.2,ENST00000972041.2,ENST00000972042.2,ENST00000972043.2,ENST00000984192.1,ENST00001082170.1,ENST00001082171.1,ENST00001139592.1	33	ENST00000308394.9,ENST00000393585.7,ENST00000393588.9,ENST00000517513.6,ENST00000523916.6,ENST00000700100.2,ENST00000700101.2,ENST00000700102.1,ENST00000700103.1,ENST00000872339.2,ENST00000872340.2,ENST00000872341.2,ENST00000872342.1,ENST00000872343.2,ENST00000872344.2,ENST00000872345.2,ENST00000872346.2,ENST00000872347.2,ENST00000939939.2,ENST00000939940.2,ENST00000939941.2,ENST00000939942.2,ENST00000939943.2,ENST00000939944.2,ENST00000939945.2,ENST00000939946.2,ENST00000972040.2,ENST00000972041.2,ENST00000972042.2,ENST00000972043.2,ENST00000984192.1,ENST00001082170.1,ENST00001139592.1	3	multiple_isoforms_differential_probe_coverage
CASP8	5	49	5	0	46	ENST00000264275.10,ENST00000323492.12,ENST00000339403.6,ENST00000358485.9,ENST00000392258.7,ENST00000392263.6,ENST00000413726.7,ENST00000429881.2,ENST00000432109.6,ENST00000437283.5,ENST00000440732.6,ENST00000444430.3,ENST00000447616.6,ENST00000450491.6,ENST00000471383.5,ENST00000490412.5,ENST00000673742.1,ENST00000696067.2,ENST00000696068.1,ENST00000696069.1,ENST00000696085.2,ENST00000696087.2,ENST00000957923.2,ENST00000982603.1,ENST00000982604.1,ENST00000982605.1,ENST00000982606.1,ENST00000982607.1,ENST00001019123.1,ENST00001019124.1,ENST00001019125.1,ENST00001019126.1,ENST00001019127.1,ENST00001019128.1,ENST00001019129.1,ENST00001019130.1,ENST00001019131.1,ENST00001019132.1,ENST00001019133.1,ENST00001019134.1,ENST00001019135.1,ENST00001019136.1,ENST00001019137.1,ENST00001019138.1,ENST00001019139.1,ENST00001144802.1	36	ENST00000264275.10,ENST00000323492.12,ENST00000339403.6,ENST00000358485.9,ENST00000392258.7,ENST00000392263.6,ENST00000413726.7,ENST00000432109.6,ENST00000440732.6,ENST00000447616.6,ENST00000673742.1,ENST00000696067.2,ENST00000696068.1,ENST00000696085.2,ENST00000696087.2,ENST00000982603.1,ENST00000982604.1,ENST00000982605.1,ENST00000982606.1,ENST00000982607.1,ENST00001019123.1,ENST00001019124.1,ENST00001019125.1,ENST00001019126.1,ENST00001019127.1,ENST00001019128.1,ENST00001019129.1,ENST00001019130.1,ENST00001019131.1,ENST00001019133.1,ENST00001019134.1,ENST00001019135.1,ENST00001019137.1,ENST00001019138.1,ENST00001019139.1,ENST00001144802.1	5	multiple_isoforms_differential_probe_coverage
CASR	5	9	5	0	7	ENST00000490131.8,ENST00000498619.5,ENST00000638421.2,ENST00000639785.2,ENST00000851099.2,ENST00000851100.2,ENST00001139090.1	7	ENST00000490131.8,ENST00000498619.5,ENST00000638421.2,ENST00000639785.2,ENST00000851099.2,ENST00000851100.2,ENST00001139090.1	1	multiple_isoforms_same_probe_coverage
CAV1	5	11	5	0	11	ENST00000341049.7,ENST00000393467.2,ENST00000393468.2,ENST00000393470.2,ENST00000405348.6,ENST00000451122.5,ENST00000456473.5,ENST00000489856.1,ENST00000614113.6,ENST00000933877.2,ENST00001141379.1	7	ENST00000341049.7,ENST00000393467.2,ENST00000393468.2,ENST00000393470.2,ENST00000405348.6,ENST00000933877.2,ENST00001141379.1	3	multiple_isoforms_differential_probe_coverage
CCL11	5	2	5	0	2	ENST00000305869.4,ENST00001135862.1	2	ENST00000305869.4,ENST00001135862.1	1	multiple_isoforms_same_probe_coverage
CCL13	5	3	5	0	3	ENST00000225844.7,ENST00000577681.1,ENST00001142770.1	2	ENST00000225844.7,ENST00001142770.1	2	multiple_isoforms_differential_probe_coverage
CCL15	5	8	5	0	6	ENST00000614050.1,ENST00000617897.2,ENST00000979505.1,ENST00000979506.1,ENST00000979507.1,ENST00001143488.1	2	ENST00000617897.2,ENST00001143488.1	4	multiple_isoforms_differential_probe_coverage
CCL18	5	7	5	0	7	ENST00000614828.2,ENST00000615723.2,ENST00000616054.2,ENST00000616474.1,ENST00000631496.1,ENST00000633729.1,ENST00001135173.1	4	ENST00000614828.2,ENST00000615723.2,ENST00000616054.2,ENST00001135173.1	2	multiple_isoforms_differential_probe_coverage
CCL19	5	7	5	0	7	ENST00000311925.7,ENST00000378800.4,ENST00000485502.1,ENST00001022357.1,ENST00001103786.1,ENST00001103787.1,ENST00001133750.1	2	ENST00000311925.7,ENST00001133750.1	3	multiple_isoforms_differential_probe_coverage
CCL2	5	4	5	0	4	ENST00000225831.4,ENST00000580907.6,ENST00000624362.2,ENST00001137144.1	2	ENST00000225831.4,ENST00001137144.1	3	multiple_isoforms_differential_probe_coverage
CCL20	5	6	5	0	6	ENST00000358813.5,ENST00000409189.7,ENST00000473642.1,ENST00000489160.1,ENST00000646475.1,ENST00001145007.1	3	ENST00000358813.5,ENST00000409189.7,ENST00001145007.1	3	multiple_isoforms_differential_probe_coverage
CCL21	5	8	5	0	8	ENST00000259607.7,ENST00000378792.2,ENST00000714162.1,ENST00000714163.2,ENST00000885823.1,ENST00000885824.2,ENST00001103807.1,ENST00001135508.1	6	ENST00000259607.7,ENST00000714162.1,ENST00000714163.2,ENST00000885823.1,ENST00001103807.1,ENST00001135508.1	3	multiple_isoforms_differential_probe_coverage
CCL23	5	8	5	0	8	ENST00000610342.2,ENST00000612516.5,ENST00000613876.1,ENST00000615050.2,ENST00000631414.1,ENST00000632633.1,ENST00000978234.1,ENST00001139374.1	2	ENST00000615050.2,ENST00001139374.1	4	multiple_isoforms_differential_probe_coverage
CCL26	5	3	4	1	3	ENST00000005180.9,ENST00000394905.2,ENST00001141024.1	0		2	incomplete_probe_mapping
CCL28	5	8	5	0	8	ENST00000361115.4,ENST00000489442.5,ENST00000513525.2,ENST00000514421.1,ENST00001007273.1,ENST00001013199.1,ENST00001013200.1,ENST00001013201.1	1	ENST00000361115.4	4	multiple_isoforms_differential_probe_coverage
CCL3	5	9	5	0	9	ENST00000613396.2,ENST00000613922.2,ENST00000613928.1,ENST00000614051.1,ENST00000616221.2,ENST00000631513.1,ENST00000631877.1,ENST00000633297.1,ENST00000633327.1	6	ENST00000613396.2,ENST00000613922.2,ENST00000614051.1,ENST00000616221.2,ENST00000631877.1,ENST00000633297.1	2	multiple_isoforms_differential_probe_coverage
CCL3L3	5	10	5	0	10	ENST00000612067.2,ENST00000612839.1,ENST00000615140.2,ENST00000616702.1,ENST00000619989.1,ENST00000621940.2,ENST00000631715.1,ENST00000631909.1,ENST00000633588.1,ENST00000634179.1	4	ENST00000612067.2,ENST00000615140.2,ENST00000619989.1,ENST00000621940.2	3	multiple_isoforms_differential_probe_coverage
CCL4	5	12	5	0	12	ENST00000610612.1,ENST00000613036.1,ENST00000613947.1,ENST00000615863.2,ENST00000617322.4,ENST00000621600.4,ENST00000621626.2,ENST00000631928.1,ENST00001102275.1,ENST00001102276.1,ENST00001118363.1,ENST00001142192.1	5	ENST00000615863.2,ENST00000621600.4,ENST00001102275.1,ENST00001118363.1,ENST00001142192.1	3	multiple_isoforms_differential_probe_coverage
CCL4L2	5	31	5	0	31	ENST00000610565.5,ENST00000613173.5,ENST00000613828.3,ENST00000614182.4,ENST00000615418.4,ENST00000616100.4,ENST00000617405.6,ENST00000617416.5,ENST00000620055.5,ENST00000620063.3,ENST00000620098.5,ENST00000620250.2,ENST00000620576.5,ENST00000620732.5,ENST00000622783.2,ENST00000631554.1,ENST00000631768.1,ENST00000631782.1,ENST00000631808.2,ENST00000632480.1,ENST00000632699.1,ENST00000633309.2,ENST00000633550.1,ENST00000633849.1,ENST00000633897.1,ENST00000633927.1,ENST00000634014.2,ENST00000634027.1,ENST00000634191.1,ENST00000713563.1,ENST00001142549.1	21	ENST00000610565.5,ENST00000613173.5,ENST00000614182.4,ENST00000615418.4,ENST00000616100.4,ENST00000617405.6,ENST00000617416.5,ENST00000620098.5,ENST00000620732.5,ENST00000631554.1,ENST00000631768.1,ENST00000631782.1,ENST00000631808.2,ENST00000633309.2,ENST00000633550.1,ENST00000633849.1,ENST00000633897.1,ENST00000633927.1,ENST00000634027.1,ENST00000634191.1,ENST00000713563.1	2	multiple_isoforms_differential_probe_coverage
CCL5	5	7	5	0	7	ENST00000605140.6,ENST00000605509.3,ENST00000613606.2,ENST00000618639.4,ENST00000632752.1,ENST00000651122.2,ENST00001006764.1	6	ENST00000605140.6,ENST00000605509.3,ENST00000613606.2,ENST00000618639.4,ENST00000651122.2,ENST00001006764.1	2	multiple_isoforms_differential_probe_coverage
CCL7	5	3	5	0	3	ENST00000378569.2,ENST00000394627.6,ENST00000394630.4	1	ENST00000378569.2	4	multiple_isoforms_differential_probe_coverage
CCL8	5	1	5	0	1	ENST00000394620.2	1	ENST00000394620.2	1	single_isoform
CCND1	5	12	5	0	12	ENST00000227507.3,ENST00000535993.1,ENST00000536559.2,ENST00000539241.1,ENST00000542367.1,ENST00000545484.1,ENST00000913508.1,ENST00001062674.1,ENST00001062675.1,ENST00001062676.1,ENST00001126780.1,ENST00001136151.1	4	ENST00000227507.3,ENST00001062674.1,ENST00001062676.1,ENST00001136151.1	4	multiple_isoforms_differential_probe_coverage
CCR1	5	6	5	0	6	ENST00000296140.4,ENST00000903399.2,ENST00000903400.2,ENST00000944216.1,ENST00000944217.2,ENST00001142516.1	6	ENST00000296140.4,ENST00000903399.2,ENST00000903400.2,ENST00000944216.1,ENST00000944217.2,ENST00001142516.1	1	multiple_isoforms_same_probe_coverage
CCR10	5	3	5	0	3	ENST00000332438.4,ENST00000591568.1,ENST00000591765.2	2	ENST00000332438.4,ENST00000591765.2	2	multiple_isoforms_differential_probe_coverage
CCR2	5	6	5	0	5	ENST00000400888.3,ENST00000421659.1,ENST00000445132.3,ENST00000908302.1,ENST00000963442.2	4	ENST00000400888.3,ENST00000445132.3,ENST00000908302.1,ENST00000963442.2	2	multiple_isoforms_differential_probe_coverage
CCR5	5	3	5	0	3	ENST00000292303.5,ENST00000445772.1,ENST00001142998.1	2	ENST00000292303.5,ENST00001142998.1	2	multiple_isoforms_differential_probe_coverage
CCR7	5	7	5	0	5	ENST00000246657.2,ENST00000578085.1,ENST00000579344.2,ENST00000858771.2,ENST00001142548.1	3	ENST00000246657.2,ENST00000579344.2,ENST00001142548.1	2	multiple_isoforms_differential_probe_coverage
CCRL2	5	12	5	0	10	ENST00000357392.5,ENST00000399036.4,ENST00000400880.3,ENST00000400882.2,ENST00000433848.1,ENST00000909474.1,ENST00000909475.1,ENST00000909476.2,ENST00000909477.2,ENST00001143838.1	9	ENST00000357392.5,ENST00000399036.4,ENST00000400880.3,ENST00000400882.2,ENST00000909474.1,ENST00000909475.1,ENST00000909476.2,ENST00000909477.2,ENST00001143838.1	2	multiple_isoforms_differential_probe_coverage
CD14	5	8	5	0	8	ENST00000302014.11,ENST00000498971.8,ENST00000512545.3,ENST00000519715.3,ENST00000905960.2,ENST00001098257.1,ENST00001120605.1,ENST00001132071.1	8	ENST00000302014.11,ENST00000498971.8,ENST00000512545.3,ENST00000519715.3,ENST00000905960.2,ENST00001098257.1,ENST00001120605.1,ENST00001132071.1	1	multiple_isoforms_same_probe_coverage
CD163	5	31	5	0	27	ENST00000359156.9,ENST00000396620.8,ENST00000432237.3,ENST00000537044.1,ENST00000538840.1,ENST00000539632.1,ENST00000541972.5,ENST00000894017.2,ENST00000894018.2,ENST00000894019.2,ENST00000960361.2,ENST00000960362.2,ENST00000960363.2,ENST00000960364.2,ENST00000960365.2,ENST00000960366.2,ENST00000960367.2,ENST00000960368.2,ENST00001036807.1,ENST00001036808.1,ENST00001036809.1,ENST00001036810.1,ENST00001036811.1,ENST00001036812.1,ENST00001106179.1,ENST00001106180.1,ENST00001140652.1	19	ENST00000359156.9,ENST00000396620.8,ENST00000432237.3,ENST00000537044.1,ENST00000894017.2,ENST00000894018.2,ENST00000894019.2,ENST00000960361.2,ENST00000960362.2,ENST00000960363.2,ENST00000960364.2,ENST00000960366.2,ENST00001036807.1,ENST00001036808.1,ENST00001036809.1,ENST00001036810.1,ENST00001036811.1,ENST00001036812.1,ENST00001140652.1	5	multiple_isoforms_differential_probe_coverage
CD164	5	35	5	0	34	ENST00000275080.12,ENST00000310786.10,ENST00000324953.10,ENST00000413644.7,ENST00000415861.2,ENST00000499860.6,ENST00000504373.2,ENST00000506649.5,ENST00000512212.1,ENST00000512821.6,ENST00000864382.2,ENST00000864383.2,ENST00000864384.2,ENST00000928088.2,ENST00000928089.2,ENST00000999718.1,ENST00000999719.1,ENST00001022917.1,ENST00001022919.1,ENST00001022921.1,ENST00001064006.1,ENST00001100744.1,ENST00001100745.1,ENST00001100746.1,ENST00001100747.1,ENST00001100748.1,ENST00001100749.1,ENST00001100750.1,ENST00001129738.1,ENST00001129739.1,ENST00001129740.1,ENST00001129742.1,ENST00001129743.1,ENST00001138740.1	15	ENST00000275080.12,ENST00000310786.10,ENST00000324953.10,ENST00000413644.7,ENST00000504373.2,ENST00000864384.2,ENST00000928088.2,ENST00000928089.2,ENST00000999718.1,ENST00000999719.1,ENST00001022917.1,ENST00001022919.1,ENST00001022921.1,ENST00001064006.1,ENST00001138740.1	5	multiple_isoforms_differential_probe_coverage
CD19	5	5	5	0	4	ENST00000324662.9,ENST00000538922.8,ENST00000565089.5,ENST00000566890.1	3	ENST00000324662.9,ENST00000538922.8,ENST00000565089.5	2	multiple_isoforms_differential_probe_coverage
CD2	5	8	5	0	8	ENST00000369477.2,ENST00000369478.4,ENST00000851329.1,ENST00000851330.2,ENST00000851331.2,ENST00000987291.1,ENST00001092601.1,ENST00001141137.1	6	ENST00000369478.4,ENST00000851329.1,ENST00000851330.2,ENST00000851331.2,ENST00001092601.1,ENST00001141137.1	3	multiple_isoforms_differential_probe_coverage
CD209	5	12	5	0	11	ENST00000204801.12,ENST00000315591.12,ENST00000315599.12,ENST00000354397.10,ENST00000394161.9,ENST00000394173.9,ENST00000593660.6,ENST00000593821.5,ENST00000601951.6,ENST00000602261.5,ENST00001134509.1	5	ENST00000315599.12,ENST00000394173.9,ENST00000593660.6,ENST00000601951.6,ENST00001134509.1	2	multiple_isoforms_differential_probe_coverage
CD24	5	12	5	0	11	ENST00000606017.2,ENST00000610952.2,ENST00000615659.1,ENST00000619133.5,ENST00000619869.1,ENST00000620405.2,ENST00000622315.1,ENST00001080405.1,ENST00001080406.1,ENST00001096700.1,ENST00001140710.1	4	ENST00000606017.2,ENST00000619133.5,ENST00001080406.1,ENST00001140710.1	3	multiple_isoforms_differential_probe_coverage
CD27	5	8	5	0	8	ENST00000266557.4,ENST00000541233.1,ENST00000881846.2,ENST00000881847.2,ENST00000881848.2,ENST00000989857.1,ENST00001121490.1,ENST00001142597.1	8	ENST00000266557.4,ENST00000541233.1,ENST00000881846.2,ENST00000881847.2,ENST00000881848.2,ENST00000989857.1,ENST00001121490.1,ENST00001142597.1	1	multiple_isoforms_same_probe_coverage
CD274	5	6	5	0	6	ENST00000381573.8,ENST00000381577.4,ENST00000474218.1,ENST00000492923.1,ENST00000498261.1,ENST00001133702.1	3	ENST00000381573.8,ENST00000381577.4,ENST00001133702.1	3	multiple_isoforms_differential_probe_coverage
CD276	5	52	5	0	52	ENST00000318424.10,ENST00000318443.10,ENST00000537340.6,ENST00000557951.1,ENST00000558689.5,ENST00000559073.1,ENST00000559465.1,ENST00000559978.1,ENST00000560786.6,ENST00000560928.5,ENST00000560995.5,ENST00000561176.5,ENST00000561213.6,ENST00000561260.5,ENST00000561416.5,ENST00000563584.5,ENST00000564751.5,ENST00000567189.5,ENST00000567582.5,ENST00000864253.2,ENST00000864254.2,ENST00000864255.2,ENST00000864256.2,ENST00000864257.2,ENST00000864258.1,ENST00000864259.1,ENST00000864260.1,ENST00000864261.1,ENST00000921503.2,ENST00000921504.1,ENST00000921505.2,ENST00000921506.2,ENST00000921507.2,ENST00000921508.2,ENST00000921509.2,ENST00000921510.1,ENST00000921511.1,ENST00000921512.1,ENST00000953229.2,ENST00000953230.2,ENST00000953231.2,ENST00000953232.2,ENST00000953233.1,ENST00000953234.2,ENST00000989522.1,ENST00000989524.1,ENST00001042428.1,ENST00001062336.1,ENST00001123377.1,ENST00001123378.1,ENST00001123379.1,ENST00001134424.1	29	ENST00000318424.10,ENST00000318443.10,ENST00000537340.6,ENST00000564751.5,ENST00000864253.2,ENST00000864254.2,ENST00000864256.2,ENST00000864257.2,ENST00000864258.1,ENST00000864259.1,ENST00000864260.1,ENST00000864261.1,ENST00000921504.1,ENST00000921505.2,ENST00000921506.2,ENST00000921507.2,ENST00000921510.1,ENST00000921512.1,ENST00000953229.2,ENST00000953230.2,ENST00000953231.2,ENST00000953232.2,ENST00000953233.1,ENST00000953234.2,ENST00000989522.1,ENST00000989524.1,ENST00001042428.1,ENST00001062336.1,ENST00001134424.1	5	multiple_isoforms_differential_probe_coverage
CD28	5	5	5	0	5	ENST00000324106.9,ENST00000374481.8,ENST00000458610.6,ENST00000718458.2,ENST00001139826.1	4	ENST00000324106.9,ENST00000374481.8,ENST00000718458.2,ENST00001139826.1	2	multiple_isoforms_differential_probe_coverage
CD300A	5	21	5	0	21	ENST00000310828.11,ENST00000360141.8,ENST00000361933.8,ENST00000392625.8,ENST00000577511.1,ENST00000582319.5,ENST00000648095.1,ENST00000709201.1,ENST00000709202.1,ENST00000709203.1,ENST00000709204.1,ENST00000709205.1,ENST00000709206.1,ENST00000709207.1,ENST00000855628.2,ENST00001092598.1,ENST00001092599.1,ENST00001092600.1,ENST00001128893.1,ENST00001128894.1,ENST00001143522.1	10	ENST00000310828.11,ENST00000360141.8,ENST00000392625.8,ENST00000648095.1,ENST00000709201.1,ENST00000709202.1,ENST00000709203.1,ENST00000855628.2,ENST00001092598.1,ENST00001143522.1	3	multiple_isoforms_differential_probe_coverage
CD33	5	17	5	0	17	ENST00000262262.5,ENST00000391796.8,ENST00000421133.7,ENST00000436584.6,ENST00000598473.1,ENST00000600557.1,ENST00000601785.5,ENST00000850910.1,ENST00000850911.1,ENST00000896216.2,ENST00000921670.2,ENST00000945453.2,ENST00000986625.1,ENST00001093397.1,ENST00001093398.1,ENST00001093399.1,ENST00001142014.1	7	ENST00000262262.5,ENST00000421133.7,ENST00000850910.1,ENST00000850911.1,ENST00000945453.2,ENST00001093399.1,ENST00001142014.1	5	multiple_isoforms_differential_probe_coverage
CD34	5	14	5	0	14	ENST00000310833.12,ENST00000356522.5,ENST00000367036.8,ENST00000485761.1,ENST00000963933.2,ENST00000963934.2,ENST00000975442.1,ENST00000975443.1,ENST00000975444.1,ENST00001031472.1,ENST00001093827.1,ENST00001124462.1,ENST00001124463.1,ENST00001144510.1	8	ENST00000310833.12,ENST00000356522.5,ENST00000963933.2,ENST00000975443.1,ENST00000975444.1,ENST00001031472.1,ENST00001124463.1,ENST00001144510.1	5	multiple_isoforms_differential_probe_coverage
CD36	5	169	5	0	161	ENST00000309881.12,ENST00000394788.8,ENST00000413265.5,ENST00000419819.2,ENST00000426978.5,ENST00000432207.6,ENST00000433696.7,ENST00000435819.6,ENST00000438020.5,ENST00000441034.2,ENST00000447544.7,ENST00000464213.1,ENST00000488048.1,ENST00000534394.6,ENST00000538969.6,ENST00000544133.5,ENST00000855923.2,ENST00000855924.2,ENST00000855925.1,ENST00000855926.2,ENST00000855927.2,ENST00000855928.2,ENST00000855929.2,ENST00000855930.2,ENST00000855931.2,ENST00000855932.2,ENST00000855933.2,ENST00000855934.2,ENST00000855935.2,ENST00000855936.2,ENST00000855937.2,ENST00000855938.2,ENST00000855939.2,ENST00000855940.2,ENST00000855941.2,ENST00000855942.2,ENST00000855943.2,ENST00000855944.2,ENST00000855945.2,ENST00000855946.2,ENST00000855947.2,ENST00000855948.2,ENST00000855949.2,ENST00000855950.2,ENST00000855951.2,ENST00000855952.2,ENST00000855953.2,ENST00000855954.2,ENST00000855955.2,ENST00000855956.2,ENST00000855957.2,ENST00000855958.2,ENST00000855959.2,ENST00000855960.2,ENST00000855961.2,ENST00000855962.2,ENST00000855963.2,ENST00000855964.2,ENST00000855965.2,ENST00000855966.2,ENST00000956914.1,ENST00000956915.2,ENST00000956916.2,ENST00000956917.2,ENST00000956918.2,ENST00000956919.2,ENST00000956920.2,ENST00000956921.2,ENST00000956922.2,ENST00000956923.2,ENST00000956924.2,ENST00000956925.2,ENST00000956926.2,ENST00000956927.2,ENST00000956928.2,ENST00000956929.2,ENST00000956930.2,ENST00000956931.2,ENST00000956932.2,ENST00000956933.2,ENST00000956934.2,ENST00000956935.2,ENST00000956936.2,ENST00000956937.2,ENST00000956938.2,ENST00000956939.2,ENST00000956940.2,ENST00000956941.2,ENST00000956942.2,ENST00000956943.2,ENST00000956944.2,ENST00000956945.2,ENST00000956946.2,ENST00000956947.2,ENST00000956948.2,ENST00000956949.2,ENST00000956950.2,ENST00000956951.2,ENST00000956952.2,ENST00000956953.2,ENST00000956954.2,ENST00000956955.2,ENST00000956956.2,ENST00000956957.2,ENST00000956958.2,ENST00000956959.2,ENST00000956960.2,ENST00000956961.2,ENST00000956962.2,ENST00000956963.2,ENST00000956964.2,ENST00000956965.2,ENST00000978550.1,ENST00000978551.1,ENST00000978552.1,ENST00000978553.1,ENST00000978554.1,ENST00000978555.1,ENST00001025222.1,ENST00001025224.1,ENST00001025225.1,ENST00001025226.1,ENST00001025229.1,ENST00001025230.1,ENST00001025231.1,ENST00001025232.1,ENST00001025233.1,ENST00001025234.1,ENST00001025236.1,ENST00001025237.1,ENST00001025238.1,ENST00001025239.1,ENST00001025240.1,ENST00001025241.1,ENST00001025242.1,ENST00001025244.1,ENST00001025245.1,ENST00001025247.1,ENST00001025248.1,ENST00001025250.1,ENST00001025251.1,ENST00001025252.1,ENST00001025253.1,ENST00001025254.1,ENST00001025255.1,ENST00001025256.1,ENST00001025257.1,ENST00001025258.1,ENST00001025260.1,ENST00001025261.1,ENST00001025262.1,ENST00001025267.1,ENST00001025269.1,ENST00001025271.1,ENST00001025272.1,ENST00001098240.1,ENST00001112494.1,ENST00001121152.1,ENST00001126305.1,ENST00001126306.1,ENST00001137071.1	136	ENST00000309881.12,ENST00000394788.8,ENST00000432207.6,ENST00000433696.7,ENST00000435819.6,ENST00000447544.7,ENST00000534394.6,ENST00000538969.6,ENST00000544133.5,ENST00000855923.2,ENST00000855924.2,ENST00000855925.1,ENST00000855926.2,ENST00000855927.2,ENST00000855928.2,ENST00000855929.2,ENST00000855930.2,ENST00000855931.2,ENST00000855932.2,ENST00000855933.2,ENST00000855935.2,ENST00000855936.2,ENST00000855937.2,ENST00000855938.2,ENST00000855939.2,ENST00000855940.2,ENST00000855941.2,ENST00000855942.2,ENST00000855943.2,ENST00000855944.2,ENST00000855945.2,ENST00000855946.2,ENST00000855947.2,ENST00000855948.2,ENST00000855949.2,ENST00000855950.2,ENST00000855951.2,ENST00000855952.2,ENST00000855953.2,ENST00000855954.2,ENST00000855955.2,ENST00000855956.2,ENST00000855957.2,ENST00000855958.2,ENST00000855959.2,ENST00000855960.2,ENST00000855961.2,ENST00000855963.2,ENST00000855964.2,ENST00000855965.2,ENST00000855966.2,ENST00000956914.1,ENST00000956915.2,ENST00000956916.2,ENST00000956917.2,ENST00000956918.2,ENST00000956919.2,ENST00000956920.2,ENST00000956921.2,ENST00000956922.2,ENST00000956923.2,ENST00000956925.2,ENST00000956926.2,ENST00000956927.2,ENST00000956928.2,ENST00000956929.2,ENST00000956930.2,ENST00000956931.2,ENST00000956932.2,ENST00000956933.2,ENST00000956935.2,ENST00000956936.2,ENST00000956937.2,ENST00000956938.2,ENST00000956939.2,ENST00000956940.2,ENST00000956941.2,ENST00000956942.2,ENST00000956943.2,ENST00000956944.2,ENST00000956945.2,ENST00000956946.2,ENST00000956948.2,ENST00000956949.2,ENST00000956950.2,ENST00000956951.2,ENST00000956952.2,ENST00000956953.2,ENST00000956954.2,ENST00000956956.2,ENST00000956957.2,ENST00000956958.2,ENST00000956959.2,ENST00000956961.2,ENST00000956962.2,ENST00000956963.2,ENST00000956964.2,ENST00000956965.2,ENST00000978550.1,ENST00000978551.1,ENST00000978552.1,ENST00000978553.1,ENST00000978554.1,ENST00000978555.1,ENST00001025222.1,ENST00001025224.1,ENST00001025226.1,ENST00001025229.1,ENST00001025230.1,ENST00001025231.1,ENST00001025232.1,ENST00001025233.1,ENST00001025234.1,ENST00001025236.1,ENST00001025238.1,ENST00001025239.1,ENST00001025241.1,ENST00001025242.1,ENST00001025244.1,ENST00001025247.1,ENST00001025248.1,ENST00001025250.1,ENST00001025251.1,ENST00001025252.1,ENST00001025253.1,ENST00001025254.1,ENST00001025255.1,ENST00001025257.1,ENST00001025260.1,ENST00001025267.1,ENST00001025271.1,ENST00001025272.1,ENST00001098240.1,ENST00001126305.1,ENST00001126306.1,ENST00001137071.1	5	multiple_isoforms_differential_probe_coverage
CD37	5	23	5	0	21	ENST00000323906.9,ENST00000391859.6,ENST00000426897.7,ENST00000535669.7,ENST00000593512.5,ENST00000594743.1,ENST00000595660.1,ENST00000595725.5,ENST00000596426.5,ENST00000597033.5,ENST00000597602.1,ENST00000597852.5,ENST00000598095.5,ENST00000598134.1,ENST00000890245.1,ENST00000890246.1,ENST00000890247.2,ENST00000944451.2,ENST00000992775.1,ENST00001095086.1,ENST00001118536.1	8	ENST00000323906.9,ENST00000391859.6,ENST00000426897.7,ENST00000595725.5,ENST00000597852.5,ENST00000944451.2,ENST00000992775.1,ENST00001095086.1	5	multiple_isoforms_differential_probe_coverage
CD38	5	8	5	0	8	ENST00000226279.8,ENST00000502843.5,ENST00000506191.1,ENST00000510674.1,ENST00000511430.1,ENST00000868373.2,ENST00001009168.1,ENST00001103119.1	4	ENST00000226279.8,ENST00000502843.5,ENST00000868373.2,ENST00001009168.1	4	multiple_isoforms_differential_probe_coverage
CD3D	5	11	5	0	11	ENST00000300692.9,ENST00000392884.4,ENST00000526561.1,ENST00000529594.6,ENST00000534687.5,ENST00000695666.1,ENST00000695667.1,ENST00000695668.1,ENST00001102243.1,ENST00001102244.1,ENST00001140190.1	4	ENST00000300692.9,ENST00000392884.4,ENST00001102243.1,ENST00001140190.1	4	multiple_isoforms_differential_probe_coverage
CD3E	5	12	5	0	12	ENST00000361763.9,ENST00000526146.5,ENST00000528435.5,ENST00000528600.2,ENST00000529713.5,ENST00000531913.1,ENST00000853938.1,ENST00001003151.1,ENST00001003152.1,ENST00001091864.1,ENST00001130456.1,ENST00001140014.1	6	ENST00000361763.9,ENST00000528600.2,ENST00000853938.1,ENST00001003152.1,ENST00001091864.1,ENST00001140014.1	5	multiple_isoforms_differential_probe_coverage
CD3G	5	10	5	0	10	ENST00000292144.8,ENST00000392883.7,ENST00000527777.5,ENST00000528540.5,ENST00000532903.1,ENST00000532917.3,ENST00000533462.5,ENST00000901817.2,ENST00000955602.2,ENST00001102248.1	5	ENST00000292144.8,ENST00000532917.3,ENST00000901817.2,ENST00000955602.2,ENST00001102248.1	4	multiple_isoforms_differential_probe_coverage
CD4	5	18	5	0	15	ENST00000011653.9,ENST00000437800.6,ENST00000536563.1,ENST00000536590.1,ENST00000536610.5,ENST00000538827.5,ENST00000541982.6,ENST00000543755.1,ENST00000544344.5,ENST00000872058.2,ENST00000872059.2,ENST00000872060.2,ENST00000872061.2,ENST00001043478.1,ENST00001143451.1	7	ENST00000011653.9,ENST00000437800.6,ENST00000872059.2,ENST00000872060.2,ENST00000872061.2,ENST00001043478.1,ENST00001143451.1	4	multiple_isoforms_differential_probe_coverage
CD40	5	42	5	0	41	ENST00000372276.8,ENST00000372285.8,ENST00000461171.1,ENST00000466205.5,ENST00000477696.6,ENST00000489304.6,ENST00000620709.4,ENST00000695669.1,ENST00000695670.1,ENST00000695671.2,ENST00000695672.1,ENST00000695673.1,ENST00000695675.1,ENST00000890861.2,ENST00000890862.2,ENST00000890863.2,ENST00000890864.2,ENST00000890865.2,ENST00000890866.2,ENST00000890867.2,ENST00000890868.2,ENST00000936297.2,ENST00000936298.2,ENST00000946602.2,ENST00001002214.1,ENST00001002215.1,ENST00001002216.1,ENST00001002217.1,ENST00001002218.1,ENST00001056690.1,ENST00001056691.1,ENST00001056692.1,ENST00001056693.1,ENST00001056694.1,ENST00001056695.1,ENST00001074705.1,ENST00001074706.1,ENST00001074707.1,ENST00001074708.1,ENST00001099147.1,ENST00001134554.1	25	ENST00000372276.8,ENST00000372285.8,ENST00000466205.5,ENST00000489304.6,ENST00000620709.4,ENST00000890862.2,ENST00000890863.2,ENST00000890865.2,ENST00000890867.2,ENST00000890868.2,ENST00000936297.2,ENST00000936298.2,ENST00000946602.2,ENST00001002214.1,ENST00001002216.1,ENST00001002217.1,ENST00001002218.1,ENST00001056690.1,ENST00001056692.1,ENST00001056694.1,ENST00001074705.1,ENST00001074706.1,ENST00001074707.1,ENST00001074708.1,ENST00001134554.1	5	multiple_isoforms_differential_probe_coverage
CD40LG	5	9	5	0	9	ENST00000370628.3,ENST00000370629.7,ENST00000695724.2,ENST00000695725.2,ENST00000695726.1,ENST00000695727.1,ENST00000695728.1,ENST00000695729.1,ENST00001132969.1	4	ENST00000370629.7,ENST00000695724.2,ENST00000695726.1,ENST00001132969.1	4	multiple_isoforms_differential_probe_coverage
CD44	5	109	5	0	87	ENST00000263398.12,ENST00000278386.11,ENST00000279452.10,ENST00000352818.8,ENST00000415148.7,ENST00000425428.6,ENST00000428726.8,ENST00000433892.7,ENST00000434472.7,ENST00000442151.6,ENST00000525211.6,ENST00000526000.6,ENST00000526025.3,ENST00000526669.7,ENST00000527889.6,ENST00000528086.5,ENST00000904010.2,ENST00000904011.2,ENST00000904012.2,ENST00000904013.2,ENST00000904014.2,ENST00000904015.2,ENST00000904016.2,ENST00000904017.2,ENST00000904018.2,ENST00000904019.2,ENST00000904020.2,ENST00000904021.2,ENST00000904022.2,ENST00000904023.2,ENST00000935511.2,ENST00000969332.2,ENST00000969333.2,ENST00000969334.2,ENST00000969335.2,ENST00000969336.2,ENST00000969337.2,ENST00000969338.2,ENST00000969339.2,ENST00000969340.2,ENST00000969341.2,ENST00000969342.2,ENST00000969343.2,ENST00000969344.2,ENST00000969345.2,ENST00000969346.2,ENST00000969347.2,ENST00000969348.2,ENST00000969349.2,ENST00000969350.2,ENST00000969351.2,ENST00000969352.2,ENST00000969353.2,ENST00000969354.2,ENST00000969355.2,ENST00000969356.2,ENST00000969357.2,ENST00000969358.2,ENST00000969359.2,ENST00000969360.2,ENST00000969361.2,ENST00000969362.2,ENST00000969363.2,ENST00000969364.2,ENST00000969365.2,ENST00000969366.2,ENST00000969367.2,ENST00000969368.2,ENST00000969369.2,ENST00000969370.2,ENST00000969371.2,ENST00000969372.2,ENST00000969373.2,ENST00000969374.2,ENST00000969375.2,ENST00000969376.2,ENST00000969377.2,ENST00001106678.1,ENST00001106679.1,ENST00001113209.1,ENST00001113210.1,ENST00001113211.1,ENST00001113212.1,ENST00001125469.1,ENST00001125470.1,ENST00001126756.1,ENST00001143352.1	66	ENST00000263398.12,ENST00000278386.11,ENST00000415148.7,ENST00000428726.8,ENST00000433892.7,ENST00000434472.7,ENST00000526669.7,ENST00000904011.2,ENST00000904012.2,ENST00000904013.2,ENST00000904014.2,ENST00000904015.2,ENST00000904016.2,ENST00000904017.2,ENST00000904018.2,ENST00000904019.2,ENST00000904020.2,ENST00000904022.2,ENST00000904023.2,ENST00000935511.2,ENST00000969332.2,ENST00000969333.2,ENST00000969334.2,ENST00000969335.2,ENST00000969336.2,ENST00000969337.2,ENST00000969338.2,ENST00000969339.2,ENST00000969340.2,ENST00000969341.2,ENST00000969342.2,ENST00000969343.2,ENST00000969344.2,ENST00000969345.2,ENST00000969346.2,ENST00000969347.2,ENST00000969348.2,ENST00000969349.2,ENST00000969350.2,ENST00000969351.2,ENST00000969352.2,ENST00000969353.2,ENST00000969354.2,ENST00000969355.2,ENST00000969356.2,ENST00000969357.2,ENST00000969358.2,ENST00000969359.2,ENST00000969360.2,ENST00000969361.2,ENST00000969362.2,ENST00000969363.2,ENST00000969364.2,ENST00000969365.2,ENST00000969366.2,ENST00000969367.2,ENST00000969368.2,ENST00000969370.2,ENST00000969371.2,ENST00000969372.2,ENST00000969373.2,ENST00000969374.2,ENST00000969375.2,ENST00000969376.2,ENST00000969377.2,ENST00001143352.1	4	multiple_isoforms_differential_probe_coverage
CD47	5	34	5	0	32	ENST00000355354.14,ENST00000361309.6,ENST00000398258.7,ENST00000517766.5,ENST00000644850.1,ENST00000887585.2,ENST00000887586.2,ENST00000887587.2,ENST00000887588.2,ENST00000887589.2,ENST00000887590.2,ENST00000887591.2,ENST00000887592.2,ENST00000887593.2,ENST00000920144.2,ENST00000960414.2,ENST00000960415.2,ENST00000996835.1,ENST00000996836.1,ENST00000996837.1,ENST00000996838.1,ENST00000996839.1,ENST00001025723.1,ENST00001025724.1,ENST00001025725.1,ENST00001025726.1,ENST00001025727.1,ENST00001025728.1,ENST00001109443.1,ENST00001109444.1,ENST00001109445.1,ENST00001144942.1	20	ENST00000355354.14,ENST00000361309.6,ENST00000887585.2,ENST00000887587.2,ENST00000887590.2,ENST00000887591.2,ENST00000887593.2,ENST00000920144.2,ENST00000960415.2,ENST00000996836.1,ENST00000996837.1,ENST00000996838.1,ENST00000996839.1,ENST00001025723.1,ENST00001025724.1,ENST00001025726.1,ENST00001025728.1,ENST00001109443.1,ENST00001109444.1,ENST00001144942.1	3	multiple_isoforms_differential_probe_coverage
CD48	5	12	5	0	12	ENST00000368045.4,ENST00000368046.8,ENST00000613788.1,ENST00000902592.2,ENST00000902593.2,ENST00001104357.1,ENST00001104358.1,ENST00001104359.1,ENST00001104360.1,ENST00001104361.1,ENST00001116597.1,ENST00001143569.1	4	ENST00000368046.8,ENST00000613788.1,ENST00001104357.1,ENST00001143569.1	3	multiple_isoforms_differential_probe_coverage
CD52	5	7	5	0	7	ENST00000374213.3,ENST00000470468.1,ENST00000492808.5,ENST00001100343.1,ENST00001100344.1,ENST00001100345.1,ENST00001145791.1	5	ENST00000374213.3,ENST00001100343.1,ENST00001100344.1,ENST00001100345.1,ENST00001145791.1	3	multiple_isoforms_differential_probe_coverage
CD53	5	29	5	0	28	ENST00000271324.6,ENST00000471220.5,ENST00000476408.1,ENST00000497404.1,ENST00000648608.3,ENST00000897406.2,ENST00000897407.2,ENST00000897408.2,ENST00000897409.2,ENST00000897410.2,ENST00000897411.2,ENST00000897412.2,ENST00000897413.2,ENST00000897414.2,ENST00000897415.2,ENST00000897416.2,ENST00000897417.2,ENST00000897418.2,ENST00000897419.2,ENST00000897420.2,ENST00000922910.2,ENST00000922911.2,ENST00000922912.2,ENST00001099572.1,ENST00001099573.1,ENST00001099574.1,ENST00001099575.1,ENST00001145357.1	13	ENST00000271324.6,ENST00000648608.3,ENST00000897406.2,ENST00000897409.2,ENST00000897410.2,ENST00000897413.2,ENST00000897415.2,ENST00000897416.2,ENST00000897418.2,ENST00000922910.2,ENST00001099572.1,ENST00001099573.1,ENST00001145357.1	5	multiple_isoforms_differential_probe_coverage
CD55	5	54	5	0	54	ENST00000314754.13,ENST00000343420.6,ENST00000367063.7,ENST00000367064.9,ENST00000391921.10,ENST00000465534.5,ENST00000476590.1,ENST00000488171.6,ENST00000618707.2,ENST00000634386.1,ENST00000635614.2,ENST00000644836.2,ENST00000645323.2,ENST00000695822.1,ENST00000695823.2,ENST00000695824.2,ENST00000695825.1,ENST00000695826.2,ENST00000695827.1,ENST00000695828.2,ENST00000695829.1,ENST00000695830.1,ENST00000695831.1,ENST00000945373.2,ENST00000945374.2,ENST00000945375.2,ENST00000945376.2,ENST00000945377.2,ENST00000945378.2,ENST00000945379.2,ENST00000945380.2,ENST00000945381.2,ENST00000945382.2,ENST00000945383.2,ENST00000984168.1,ENST00001016082.1,ENST00001016083.1,ENST00001016084.1,ENST00001016085.1,ENST00001016087.1,ENST00001016089.1,ENST00001016093.1,ENST00001016094.1,ENST00001109183.1,ENST00001109184.1,ENST00001111909.1,ENST00001118960.1,ENST00001123739.1,ENST00001123740.1,ENST00001123741.1,ENST00001123742.1,ENST00001123743.1,ENST00001123744.1,ENST00001145772.1	33	ENST00000314754.13,ENST00000367063.7,ENST00000367064.9,ENST00000644836.2,ENST00000645323.2,ENST00000695822.1,ENST00000695823.2,ENST00000695824.2,ENST00000695825.1,ENST00000695826.2,ENST00000695827.1,ENST00000695828.2,ENST00000945373.2,ENST00000945376.2,ENST00000945377.2,ENST00000945379.2,ENST00000945381.2,ENST00000945382.2,ENST00000984168.1,ENST00001016083.1,ENST00001016084.1,ENST00001016085.1,ENST00001016089.1,ENST00001016093.1,ENST00001109183.1,ENST00001111909.1,ENST00001118960.1,ENST00001123739.1,ENST00001123740.1,ENST00001123741.1,ENST00001123742.1,ENST00001123743.1,ENST00001145772.1	5	multiple_isoforms_differential_probe_coverage
CD58	5	20	5	0	20	ENST00000369487.4,ENST00000369489.10,ENST00000457047.7,ENST00000464088.5,ENST00000526981.1,ENST00000907570.2,ENST00000982371.1,ENST00001009403.1,ENST00001009404.1,ENST00001009406.1,ENST00001009407.1,ENST00001101974.1,ENST00001101975.1,ENST00001101976.1,ENST00001101977.1,ENST00001109203.1,ENST00001109204.1,ENST00001113994.1,ENST00001113995.1,ENST00001144295.1	10	ENST00000369487.4,ENST00000369489.10,ENST00000457047.7,ENST00000982371.1,ENST00001009404.1,ENST00001009406.1,ENST00001009407.1,ENST00001109203.1,ENST00001113994.1,ENST00001144295.1	4	multiple_isoforms_differential_probe_coverage
CD59	5	40	5	0	40	ENST00000351554.9,ENST00000395850.10,ENST00000415002.8,ENST00000426650.8,ENST00000437761.7,ENST00000445143.7,ENST00000527577.6,ENST00000528700.2,ENST00000528987.1,ENST00000533403.7,ENST00000642928.2,ENST00000643183.2,ENST00000651485.1,ENST00000651785.2,ENST00000652086.2,ENST00000652678.2,ENST00000706436.2,ENST00000873801.2,ENST00000873802.2,ENST00000873803.2,ENST00000873804.2,ENST00000873805.2,ENST00000873806.2,ENST00000873807.2,ENST00000873808.2,ENST00000938901.2,ENST00000969476.2,ENST00000969477.2,ENST00000969478.2,ENST00000969479.2,ENST00000969480.2,ENST00000969481.2,ENST00000994178.1,ENST00001019219.1,ENST00001094564.1,ENST00001094565.1,ENST00001094566.1,ENST00001094567.1,ENST00001126647.1,ENST00001144273.1	32	ENST00000351554.9,ENST00000395850.10,ENST00000415002.8,ENST00000426650.8,ENST00000437761.7,ENST00000445143.7,ENST00000527577.6,ENST00000533403.7,ENST00000642928.2,ENST00000643183.2,ENST00000651785.2,ENST00000652678.2,ENST00000706436.2,ENST00000873801.2,ENST00000873802.2,ENST00000873803.2,ENST00000873804.2,ENST00000873806.2,ENST00000873808.2,ENST00000938901.2,ENST00000969476.2,ENST00000969478.2,ENST00000969479.2,ENST00000969480.2,ENST00000969481.2,ENST00000994178.1,ENST00001019219.1,ENST00001094564.1,ENST00001094565.1,ENST00001094566.1,ENST00001094567.1,ENST00001144273.1	4	multiple_isoforms_differential_probe_coverage
CD5L	5	8	5	0	8	ENST00000368174.5,ENST00000484609.1,ENST00000982779.1,ENST00001104599.1,ENST00001104600.1,ENST00001106538.1,ENST00001106539.1,ENST00001143515.1	5	ENST00000368174.5,ENST00000982779.1,ENST00001106538.1,ENST00001106539.1,ENST00001143515.1	3	multiple_isoforms_differential_probe_coverage
CD63	5	55	5	0	55	ENST00000257857.9,ENST00000420846.8,ENST00000546457.1,ENST00000546939.6,ENST00000548117.5,ENST00000548160.6,ENST00000548898.6,ENST00000549117.6,ENST00000550050.5,ENST00000550776.6,ENST00000551173.5,ENST00000552067.6,ENST00000552164.5,ENST00000552692.6,ENST00000552754.6,ENST00000555199.1,ENST00000866659.2,ENST00000866660.2,ENST00000866661.2,ENST00000866662.2,ENST00000866663.2,ENST00000866664.2,ENST00000866665.2,ENST00000866666.2,ENST00000866667.2,ENST00000866668.2,ENST00000866669.2,ENST00000866670.2,ENST00000866671.2,ENST00000866672.2,ENST00000866673.2,ENST00000866674.2,ENST00000866675.2,ENST00000922866.2,ENST00000922867.2,ENST00000922868.2,ENST00000922869.2,ENST00000922870.2,ENST00000922871.2,ENST00000922872.2,ENST00000922873.2,ENST00000922874.2,ENST00000922875.2,ENST00000922876.2,ENST00000922877.2,ENST00000944923.2,ENST00000999897.1,ENST00000999898.1,ENST00001018070.1,ENST00001087561.1,ENST00001087568.1,ENST00001087575.1,ENST00001091733.1,ENST00001091734.1,ENST00001136091.1	33	ENST00000257857.9,ENST00000420846.8,ENST00000546939.6,ENST00000549117.6,ENST00000550050.5,ENST00000550776.6,ENST00000552692.6,ENST00000552754.6,ENST00000866659.2,ENST00000866660.2,ENST00000866661.2,ENST00000866662.2,ENST00000866663.2,ENST00000866664.2,ENST00000866665.2,ENST00000866666.2,ENST00000866667.2,ENST00000866672.2,ENST00000866673.2,ENST00000866675.2,ENST00000922866.2,ENST00000922867.2,ENST00000922868.2,ENST00000922870.2,ENST00000922871.2,ENST00000922872.2,ENST00000922877.2,ENST00000944923.2,ENST00001018070.1,ENST00001087561.1,ENST00001091733.1,ENST00001091734.1,ENST00001136091.1	5	multiple_isoforms_differential_probe_coverage
CD68	5	14	5	0	14	ENST00000250092.11,ENST00000380498.11,ENST00000584180.1,ENST00000584502.1,ENST00000852832.2,ENST00000965359.1,ENST00000965360.2,ENST00000997409.1,ENST00001057877.1,ENST00001057879.1,ENST00001057882.1,ENST00001057883.1,ENST00001117481.1,ENST00001138384.1	7	ENST00000250092.11,ENST00000380498.11,ENST00000997409.1,ENST00001057879.1,ENST00001057882.1,ENST00001057883.1,ENST00001138384.1	4	multiple_isoforms_differential_probe_coverage
CD69	5	4	5	0	4	ENST00000228434.7,ENST00000416624.6,ENST00000536709.1,ENST00000543147.1	1	ENST00000228434.7	3	multiple_isoforms_differential_probe_coverage
CD70	5	5	5	0	5	ENST00000245903.4,ENST00000423145.8,ENST00000597430.2,ENST00000894984.1,ENST00001142974.1	3	ENST00000245903.4,ENST00000423145.8,ENST00001142974.1	3	multiple_isoforms_differential_probe_coverage
CD74	5	37	5	0	37	ENST00000009530.13,ENST00000353334.12,ENST00000377795.8,ENST00000517752.5,ENST00000517791.1,ENST00000518797.6,ENST00000522153.1,ENST00000522246.5,ENST00000523208.6,ENST00000523813.2,ENST00000523836.6,ENST00000524315.6,ENST00000881211.2,ENST00000881212.2,ENST00000881213.2,ENST00000881214.2,ENST00000881215.2,ENST00000881216.2,ENST00000881217.2,ENST00000881218.2,ENST00000881219.2,ENST00000881220.2,ENST00000881221.2,ENST00000881222.2,ENST00000881223.2,ENST00000949574.2,ENST00000988147.1,ENST00000988151.1,ENST00000988154.1,ENST00000988156.1,ENST00000988161.1,ENST00001048190.1,ENST00001048192.1,ENST00001048193.1,ENST00001048196.1,ENST00001096946.1,ENST00001096947.1	27	ENST00000009530.13,ENST00000353334.12,ENST00000377795.8,ENST00000523813.2,ENST00000523836.6,ENST00000524315.6,ENST00000881211.2,ENST00000881212.2,ENST00000881213.2,ENST00000881215.2,ENST00000881216.2,ENST00000881217.2,ENST00000881220.2,ENST00000881221.2,ENST00000881222.2,ENST00000881223.2,ENST00000949574.2,ENST00000988147.1,ENST00000988151.1,ENST00000988154.1,ENST00000988156.1,ENST00000988161.1,ENST00001048190.1,ENST00001048192.1,ENST00001048193.1,ENST00001048196.1,ENST00001096946.1	4	multiple_isoforms_differential_probe_coverage
CD79A	5	4	5	0	4	ENST00000221972.8,ENST00000444740.2,ENST00000597454.3,ENST00001142241.1	3	ENST00000221972.8,ENST00000597454.3,ENST00001142241.1	2	multiple_isoforms_differential_probe_coverage
CD80	5	9	5	0	9	ENST00000264246.8,ENST00000383669.3,ENST00000463729.1,ENST00000478182.6,ENST00000853991.2,ENST00000853992.2,ENST00001109654.1,ENST00001118038.1,ENST00001143410.1	7	ENST00000264246.8,ENST00000383669.3,ENST00000478182.6,ENST00000853991.2,ENST00000853992.2,ENST00001118038.1,ENST00001143410.1	3	multiple_isoforms_differential_probe_coverage
CD81	5	36	5	0	36	ENST00000263645.10,ENST00000381036.8,ENST00000464784.6,ENST00000468153.1,ENST00000475945.8,ENST00000481386.1,ENST00000481687.2,ENST00000492252.5,ENST00000492627.6,ENST00000493525.6,ENST00000524805.5,ENST00000526072.6,ENST00000527343.5,ENST00000530239.1,ENST00000530648.5,ENST00000531840.1,ENST00000533417.7,ENST00000905044.2,ENST00000905045.2,ENST00000905046.2,ENST00000905047.2,ENST00000905048.2,ENST00000905049.2,ENST00000905050.2,ENST00000905051.1,ENST00000935698.2,ENST00000952132.2,ENST00000952133.2,ENST00001000267.1,ENST00001000272.1,ENST00001000273.1,ENST00001018934.1,ENST00001018935.1,ENST00001018936.1,ENST00001076918.1,ENST00001144281.1	19	ENST00000263645.10,ENST00000381036.8,ENST00000464784.6,ENST00000475945.8,ENST00000492627.6,ENST00000526072.6,ENST00000527343.5,ENST00000533417.7,ENST00000905044.2,ENST00000905045.2,ENST00000905048.2,ENST00000935698.2,ENST00001000267.1,ENST00001000272.1,ENST00001000273.1,ENST00001018934.1,ENST00001018935.1,ENST00001076918.1,ENST00001144281.1	5	multiple_isoforms_differential_probe_coverage
CD83	5	10	5	0	10	ENST00000379153.4,ENST00000612003.5,ENST00000857144.2,ENST00000925000.2,ENST00001089012.1,ENST00001114872.1,ENST00001123260.1,ENST00001123261.1,ENST00001129483.1,ENST00001140347.1	5	ENST00000379153.4,ENST00000612003.5,ENST00000857144.2,ENST00001123261.1,ENST00001140347.1	3	multiple_isoforms_differential_probe_coverage
CD84	5	13	5	0	12	ENST00000311224.9,ENST00000360056.7,ENST00000368047.3,ENST00000368048.8,ENST00000368051.4,ENST00000368054.8,ENST00000534968.6,ENST00000898393.2,ENST00000898394.2,ENST00000959040.2,ENST00000997331.1,ENST00001145509.1	8	ENST00000311224.9,ENST00000368048.8,ENST00000368054.8,ENST00000534968.6,ENST00000898393.2,ENST00000898394.2,ENST00000959040.2,ENST00001145509.1	3	multiple_isoforms_differential_probe_coverage
CD86	5	12	5	0	10	ENST00000264468.10,ENST00000330540.7,ENST00000393627.7,ENST00000469710.6,ENST00000478741.1,ENST00000482356.5,ENST00000493101.6,ENST00001099115.1,ENST00001126990.1,ENST00001144752.1	7	ENST00000264468.10,ENST00000330540.7,ENST00000393627.7,ENST00000469710.6,ENST00000493101.6,ENST00001126990.1,ENST00001144752.1	4	multiple_isoforms_differential_probe_coverage
CD8A	5	9	5	0	9	ENST00000283635.8,ENST00000352580.8,ENST00000409511.7,ENST00000409781.1,ENST00000699436.1,ENST00000699437.1,ENST00000699438.1,ENST00000699439.2,ENST00001144839.1	6	ENST00000283635.8,ENST00000352580.8,ENST00000409511.7,ENST00000699436.1,ENST00000699439.2,ENST00001144839.1	3	multiple_isoforms_differential_probe_coverage
CD8B	5	13	5	0	13	ENST00000331469.7,ENST00000349455.8,ENST00000390655.12,ENST00000393759.7,ENST00000393761.7,ENST00000431506.3,ENST00000896816.2,ENST00000939902.2,ENST00000990817.1,ENST00001098331.1,ENST00001098332.1,ENST00001098333.1,ENST00001144743.1	4	ENST00000331469.7,ENST00000349455.8,ENST00000393759.7,ENST00000393761.7	4	multiple_isoforms_differential_probe_coverage
CD9	5	38	5	0	38	ENST00000009180.10,ENST00000382515.7,ENST00000382518.6,ENST00000382519.10,ENST00000481267.6,ENST00000536586.8,ENST00000538418.1,ENST00000538834.7,ENST00000540891.1,ENST00000543916.5,ENST00000546073.6,ENST00000610354.6,ENST00000642746.1,ENST00000645368.1,ENST00000645565.1,ENST00000646407.1,ENST00000676638.1,ENST00000676764.1,ENST00000676788.1,ENST00000677318.1,ENST00000677572.1,ENST00000677585.1,ENST00000677718.1,ENST00000678719.1,ENST00000679331.2,ENST00000894339.1,ENST00000894340.2,ENST00000894341.2,ENST00000924981.1,ENST00000924982.2,ENST00000924983.2,ENST00000924984.2,ENST00000947407.1,ENST00001010389.1,ENST00001084487.1,ENST00001084492.1,ENST00001084502.1,ENST00001124095.1	20	ENST00000009180.10,ENST00000382515.7,ENST00000382518.6,ENST00000538834.7,ENST00000610354.6,ENST00000642746.1,ENST00000676788.1,ENST00000677318.1,ENST00000677572.1,ENST00000678719.1,ENST00000894339.1,ENST00000894340.2,ENST00000894341.2,ENST00000924981.1,ENST00000924982.2,ENST00000924983.2,ENST00000947407.1,ENST00001010389.1,ENST00001084487.1,ENST00001084492.1	5	multiple_isoforms_differential_probe_coverage
CDH1	5	21	5	0	19	ENST00000261769.10,ENST00000422392.7,ENST00000562118.1,ENST00000562836.5,ENST00000564676.5,ENST00000564745.1,ENST00000565810.1,ENST00000566510.5,ENST00000566612.5,ENST00000884375.1,ENST00000931199.2,ENST00000974763.1,ENST00001071523.1,ENST00001071526.1,ENST00001071527.1,ENST00001071529.1,ENST00001110179.1,ENST00001112704.1,ENST00001133271.1	11	ENST00000261769.10,ENST00000422392.7,ENST00000562836.5,ENST00000566510.5,ENST00000566612.5,ENST00000931199.2,ENST00000974763.1,ENST00001071523.1,ENST00001071526.1,ENST00001071527.1,ENST00001133271.1	5	multiple_isoforms_differential_probe_coverage
CDH11	5	30	5	0	17	ENST00000268603.9,ENST00000394156.8,ENST00000566827.6,ENST00000567934.5,ENST00000569095.1,ENST00000619158.1,ENST00000871590.2,ENST00001033438.1,ENST00001033440.1,ENST00001033441.1,ENST00001033442.1,ENST00001033443.1,ENST00001033444.1,ENST00001033446.1,ENST00001112630.1,ENST00001112631.1,ENST00001137169.1	11	ENST00000268603.9,ENST00000394156.8,ENST00000566827.6,ENST00001033438.1,ENST00001033440.1,ENST00001033441.1,ENST00001033442.1,ENST00001033443.1,ENST00001033444.1,ENST00001033446.1,ENST00001137169.1	5	multiple_isoforms_differential_probe_coverage
CDH5	5	15	5	0	14	ENST00000341529.8,ENST00000539168.2,ENST00000562048.5,ENST00000563425.2,ENST00000565334.5,ENST00000568155.2,ENST00000649567.2,ENST00000894863.2,ENST00000894864.2,ENST00000992812.1,ENST00000992813.1,ENST00001057480.1,ENST00001057481.1,ENST00001133087.1	9	ENST00000341529.8,ENST00000649567.2,ENST00000894863.2,ENST00000894864.2,ENST00000992812.1,ENST00000992813.1,ENST00001057480.1,ENST00001057481.1,ENST00001133087.1	4	multiple_isoforms_differential_probe_coverage
CDKN1A	5	41	5	0	40	ENST00000244741.10,ENST00000373711.5,ENST00000405375.6,ENST00000448526.7,ENST00000459970.1,ENST00000478800.1,ENST00000615513.5,ENST00000864199.2,ENST00000864200.2,ENST00000864201.2,ENST00000864202.2,ENST00000864203.2,ENST00000864204.2,ENST00000864205.2,ENST00000864206.2,ENST00000864207.2,ENST00000911804.2,ENST00000911805.2,ENST00000911806.2,ENST00000911807.2,ENST00000911808.2,ENST00000911809.2,ENST00000911810.2,ENST00000911811.2,ENST00000911812.2,ENST00000943104.2,ENST00000943105.2,ENST00000943106.2,ENST00000943107.2,ENST00000943108.2,ENST00000943109.2,ENST00000943110.2,ENST00000943111.2,ENST00000943112.2,ENST00000943113.2,ENST00000943114.2,ENST00000943115.2,ENST00000943116.2,ENST00001118838.1,ENST00001133644.1	37	ENST00000244741.10,ENST00000373711.5,ENST00000405375.6,ENST00000448526.7,ENST00000615513.5,ENST00000864199.2,ENST00000864200.2,ENST00000864201.2,ENST00000864202.2,ENST00000864203.2,ENST00000864204.2,ENST00000864205.2,ENST00000864206.2,ENST00000864207.2,ENST00000911804.2,ENST00000911805.2,ENST00000911806.2,ENST00000911807.2,ENST00000911808.2,ENST00000911809.2,ENST00000911810.2,ENST00000911811.2,ENST00000911812.2,ENST00000943104.2,ENST00000943105.2,ENST00000943106.2,ENST00000943107.2,ENST00000943108.2,ENST00000943110.2,ENST00000943111.2,ENST00000943112.2,ENST00000943113.2,ENST00000943114.2,ENST00000943115.2,ENST00000943116.2,ENST00001118838.1,ENST00001133644.1	3	multiple_isoforms_differential_probe_coverage
CDKN3	5	29	5	0	29	ENST00000216414.12,ENST00000335183.11,ENST00000395577.2,ENST00000442975.7,ENST00000458126.7,ENST00000541304.6,ENST00000543789.7,ENST00000555837.5,ENST00000556102.7,ENST00000556305.1,ENST00000891179.2,ENST00000891180.2,ENST00000929365.1,ENST00000929366.2,ENST00000929367.2,ENST00000929368.2,ENST00000929369.2,ENST00001075333.1,ENST00001075334.1,ENST00001075335.1,ENST00001075337.1,ENST00001075338.1,ENST00001075339.1,ENST00001075340.1,ENST00001075341.1,ENST00001075342.1,ENST00001075344.1,ENST00001115150.1,ENST00001135783.1	15	ENST00000335183.11,ENST00000442975.7,ENST00000458126.7,ENST00000556102.7,ENST00000891179.2,ENST00000891180.2,ENST00000929365.1,ENST00000929368.2,ENST00001075333.1,ENST00001075334.1,ENST00001075335.1,ENST00001075337.1,ENST00001075338.1,ENST00001075341.1,ENST00001135783.1	5	multiple_isoforms_differential_probe_coverage
CEACAM1	5	27	5	0	23	ENST00000161559.11,ENST00000344391.9,ENST00000352591.10,ENST00000358394.8,ENST00000377806.7,ENST00000403136.1,ENST00000403444.8,ENST00000403461.6,ENST00000471298.2,ENST00000599389.2,ENST00000600172.1,ENST00000867317.2,ENST00000867318.2,ENST00000867319.2,ENST00000926894.2,ENST00000979358.1,ENST00000979359.1,ENST00000979360.1,ENST00000979361.1,ENST00000979362.1,ENST00000979363.1,ENST00001034843.1,ENST00001135397.1	12	ENST00000161559.11,ENST00000352591.10,ENST00000358394.8,ENST00000403444.8,ENST00000867317.2,ENST00000867318.2,ENST00000979358.1,ENST00000979359.1,ENST00000979360.1,ENST00000979361.1,ENST00000979363.1,ENST00001135397.1	4	multiple_isoforms_differential_probe_coverage
CEACAM6	5	6	5	0	6	ENST00000199764.7,ENST00000595740.1,ENST00000890871.2,ENST00000943164.1,ENST00001119190.1,ENST00001140243.1	4	ENST00000199764.7,ENST00000890871.2,ENST00001119190.1,ENST00001140243.1	2	multiple_isoforms_differential_probe_coverage
CELSR1	5	13	5	0	6	ENST00000262738.10,ENST00000454637.2,ENST00000674312.1,ENST00000674341.1,ENST00000674359.1,ENST00000674500.2	2	ENST00000262738.10,ENST00000674500.2	3	multiple_isoforms_differential_probe_coverage
CELSR2	5	4	5	0	3	ENST00000271332.4,ENST00000489018.1,ENST00000498157.1	1	ENST00000271332.4	2	multiple_isoforms_differential_probe_coverage
CENPF	5	11	5	0	8	ENST00000366955.8,ENST00000464322.5,ENST00000706764.1,ENST00000706765.2,ENST00000706766.1,ENST00000934982.1,ENST00000934983.2,ENST00000934984.2	4	ENST00000366955.8,ENST00000706765.2,ENST00000934982.1,ENST00000934983.2	4	multiple_isoforms_differential_probe_coverage
CFD	5	13	5	0	12	ENST00000327726.11,ENST00000592860.4,ENST00000617994.2,ENST00000632706.1,ENST00000695942.1,ENST00000695943.1,ENST00000695944.1,ENST00000695945.2,ENST00000866187.2,ENST00000965842.2,ENST00001123575.1,ENST00001123576.1	8	ENST00000327726.11,ENST00000592860.4,ENST00000617994.2,ENST00000632706.1,ENST00000695944.1,ENST00000695945.2,ENST00000866187.2,ENST00000965842.2	3	multiple_isoforms_differential_probe_coverage
CFLAR	5	103	5	0	96	ENST00000309955.8,ENST00000341222.11,ENST00000341582.11,ENST00000342795.10,ENST00000395148.7,ENST00000423241.7,ENST00000439154.6,ENST00000440180.6,ENST00000441224.5,ENST00000443227.6,ENST00000457277.5,ENST00000460961.1,ENST00000461422.1,ENST00000461820.5,ENST00000462763.5,ENST00000470178.6,ENST00000479953.6,ENST00000494258.5,ENST00000890673.2,ENST00000890674.2,ENST00000890675.2,ENST00000890676.2,ENST00000890677.2,ENST00000890678.2,ENST00000890679.2,ENST00000890680.2,ENST00000890681.2,ENST00000948373.2,ENST00000948374.2,ENST00000948375.2,ENST00000948376.2,ENST00000948377.2,ENST00000948378.2,ENST00000948379.2,ENST00000948380.2,ENST00000948381.2,ENST00000948382.2,ENST00000948383.2,ENST00000978689.1,ENST00000978690.1,ENST00000978691.1,ENST00000978692.1,ENST00000978693.1,ENST00000978694.1,ENST00000978695.1,ENST00000978696.1,ENST00000978697.1,ENST00000978698.1,ENST00000978699.1,ENST00000978700.1,ENST00001016493.1,ENST00001016494.1,ENST00001016495.1,ENST00001016496.1,ENST00001016497.1,ENST00001016498.1,ENST00001016499.1,ENST00001016500.1,ENST00001016501.1,ENST00001016502.1,ENST00001016504.1,ENST00001016505.1,ENST00001016506.1,ENST00001016507.1,ENST00001016508.1,ENST00001016509.1,ENST00001016510.1,ENST00001016511.1,ENST00001016512.1,ENST00001016513.1,ENST00001016514.1,ENST00001016515.1,ENST00001016516.1,ENST00001016517.1,ENST00001016518.1,ENST00001112234.1,ENST00001112235.1,ENST00001120225.1,ENST00001120226.1,ENST00001120227.1,ENST00001120228.1,ENST00001120229.1,ENST00001120230.1,ENST00001120231.1,ENST00001120232.1,ENST00001120233.1,ENST00001120234.1,ENST00001127625.1,ENST00001127626.1,ENST00001127627.1,ENST00001127628.1,ENST00001127629.1,ENST00001127630.1,ENST00001127631.1,ENST00001127632.1,ENST00001145359.1	27	ENST00000309955.8,ENST00000341582.11,ENST00000423241.7,ENST00000443227.6,ENST00000890673.2,ENST00000890674.2,ENST00000890675.2,ENST00000890676.2,ENST00000890677.2,ENST00000890678.2,ENST00000890679.2,ENST00000890680.2,ENST00000890681.2,ENST00000948373.2,ENST00000948374.2,ENST00000948375.2,ENST00000948376.2,ENST00000948377.2,ENST00000948378.2,ENST00000948379.2,ENST00000948380.2,ENST00000948381.2,ENST00000948382.2,ENST00000948383.2,ENST00001016506.1,ENST00001120227.1,ENST00001145359.1	2	multiple_isoforms_differential_probe_coverage
CHEK1	5	28	5	0	28	ENST00000278916.9,ENST00000427383.7,ENST00000428830.6,ENST00000438015.7,ENST00000524737.6,ENST00000525396.5,ENST00000526937.5,ENST00000527013.6,ENST00000531062.2,ENST00000531607.5,ENST00000532449.7,ENST00000532669.5,ENST00000534070.6,ENST00000534685.5,ENST00000544373.6,ENST00000711049.2,ENST00000902656.2,ENST00000902657.2,ENST00000902658.2,ENST00000918645.2,ENST00000918646.2,ENST00000918647.2,ENST00000918648.2,ENST00000918649.2,ENST00001032381.1,ENST00001071061.1,ENST00001071062.1,ENST00001136875.1	21	ENST00000278916.9,ENST00000427383.7,ENST00000428830.6,ENST00000438015.7,ENST00000524737.6,ENST00000532449.7,ENST00000534070.6,ENST00000544373.6,ENST00000711049.2,ENST00000902656.2,ENST00000902657.2,ENST00000902658.2,ENST00000918645.2,ENST00000918646.2,ENST00000918647.2,ENST00000918648.2,ENST00000918649.2,ENST00001032381.1,ENST00001071061.1,ENST00001071062.1,ENST00001136875.1	3	multiple_isoforms_differential_probe_coverage
CHEK2	5	70	5	0	69	ENST00000348295.8,ENST00000382580.7,ENST00000398017.3,ENST00000402731.7,ENST00000403642.5,ENST00000404276.6,ENST00000405598.6,ENST00000416671.5,ENST00000417588.5,ENST00000425190.8,ENST00000433028.6,ENST00000433728.5,ENST00000434810.5,ENST00000439200.5,ENST00000439346.6,ENST00000448511.5,ENST00000454252.2,ENST00000456369.5,ENST00000464581.7,ENST00000491919.5,ENST00000648295.1,ENST00000649563.2,ENST00000650233.1,ENST00000650281.2,ENST00000711048.1,ENST00000899937.2,ENST00000928683.1,ENST00000928684.2,ENST00000928685.2,ENST00000928686.2,ENST00000928687.2,ENST00000928688.2,ENST00000928689.2,ENST00000928690.2,ENST00000928691.2,ENST00000928692.2,ENST00000928693.2,ENST00000928694.2,ENST00000928695.2,ENST00000928696.2,ENST00000954618.2,ENST00001065214.1,ENST00001065216.1,ENST00001065217.1,ENST00001065218.1,ENST00001065219.1,ENST00001065220.1,ENST00001065221.1,ENST00001065222.1,ENST00001065223.1,ENST00001065224.1,ENST00001065225.1,ENST00001102957.1,ENST00001102959.1,ENST00001102960.1,ENST00001102961.1,ENST00001102962.1,ENST00001102963.1,ENST00001102964.1,ENST00001102965.1,ENST00001102966.1,ENST00001102967.1,ENST00001102968.1,ENST00001102969.1,ENST00001102970.1,ENST00001112246.1,ENST00001131070.1,ENST00001131071.1,ENST00001132964.1	33	ENST00000348295.8,ENST00000382580.7,ENST00000404276.6,ENST00000405598.6,ENST00000416671.5,ENST00000650281.2,ENST00000928683.1,ENST00000928684.2,ENST00000928685.2,ENST00000928687.2,ENST00000928689.2,ENST00000928692.2,ENST00000928693.2,ENST00000928694.2,ENST00000928695.2,ENST00000928696.2,ENST00000954618.2,ENST00001065214.1,ENST00001065216.1,ENST00001065217.1,ENST00001065218.1,ENST00001065219.1,ENST00001065220.1,ENST00001102959.1,ENST00001102960.1,ENST00001102961.1,ENST00001102963.1,ENST00001102964.1,ENST00001102965.1,ENST00001112246.1,ENST00001131070.1,ENST00001131071.1,ENST00001132964.1	4	multiple_isoforms_differential_probe_coverage
CHGA	5	23	5	0	23	ENST00000216492.10,ENST00000334654.5,ENST00000553866.1,ENST00000556076.5,ENST00000556098.1,ENST00000556876.1,ENST00000613166.3,ENST00000627311.2,ENST00000627696.1,ENST00000629687.1,ENST00000630996.1,ENST00000631274.1,ENST00000903321.1,ENST00000903322.1,ENST00000903323.1,ENST00000903324.2,ENST00000903325.2,ENST00000967838.2,ENST00000967839.2,ENST00001054609.1,ENST00001054610.1,ENST00001115092.1,ENST00001136234.1	10	ENST00000216492.10,ENST00000334654.5,ENST00000613166.3,ENST00000630996.1,ENST00000903321.1,ENST00000903323.1,ENST00000903324.2,ENST00000903325.2,ENST00001054609.1,ENST00001136234.1	5	multiple_isoforms_differential_probe_coverage
CHI3L1	5	22	5	0	22	ENST00000255409.8,ENST00000404436.2,ENST00000472064.1,ENST00000473185.1,ENST00000478742.1,ENST00000874774.2,ENST00000874776.2,ENST00000874777.2,ENST00000874778.2,ENST00000874779.2,ENST00000874780.2,ENST00000874781.2,ENST00000946568.2,ENST00000946569.2,ENST00000946570.2,ENST00000992224.1,ENST00001036788.1,ENST00001036789.1,ENST00001109104.1,ENST00001109105.1,ENST00001112638.1,ENST00001144701.1	15	ENST00000255409.8,ENST00000874774.2,ENST00000874776.2,ENST00000874777.2,ENST00000874779.2,ENST00000874780.2,ENST00000874781.2,ENST00000946568.2,ENST00000946569.2,ENST00000992224.1,ENST00001036788.1,ENST00001036789.1,ENST00001109104.1,ENST00001109105.1,ENST00001144701.1	3	multiple_isoforms_differential_probe_coverage
CIDEA	5	6	5	0	6	ENST00000320477.10,ENST00000520620.1,ENST00000521296.5,ENST00000522713.5,ENST00001023690.1,ENST00001132712.1	3	ENST00000320477.10,ENST00000522713.5,ENST00001132712.1	3	multiple_isoforms_differential_probe_coverage
CIITA	5	27	5	0	20	ENST00000324288.14,ENST00000381835.10,ENST00000537380.1,ENST00000570546.5,ENST00000571186.5,ENST00000573309.5,ENST00000576601.1,ENST00000618207.4,ENST00000618327.5,ENST00000636238.1,ENST00000637439.1,ENST00000695878.1,ENST00000695879.1,ENST00000886124.2,ENST00000886125.2,ENST00000886126.2,ENST00000886127.2,ENST00000886128.2,ENST00000886129.2,ENST00000969830.2	11	ENST00000324288.14,ENST00000381835.10,ENST00000570546.5,ENST00000618207.4,ENST00000618327.5,ENST00000886124.2,ENST00000886125.2,ENST00000886126.2,ENST00000886127.2,ENST00000886129.2,ENST00000969830.2	3	multiple_isoforms_differential_probe_coverage
CLCF1	5	4	5	0	4	ENST00000312438.8,ENST00000533438.2,ENST00001040953.1,ENST00001144165.1	4	ENST00000312438.8,ENST00000533438.2,ENST00001040953.1,ENST00001144165.1	1	multiple_isoforms_same_probe_coverage
CLDN4	5	5	5	0	3	ENST00000340958.4,ENST00000431918.2,ENST00000435050.1	3	ENST00000340958.4,ENST00000431918.2,ENST00000435050.1	1	multiple_isoforms_same_probe_coverage
CLEC10A	5	20	5	0	20	ENST00000254868.9,ENST00000416562.7,ENST00000571624.1,ENST00000571664.2,ENST00000576549.6,ENST00000576617.6,ENST00000874072.2,ENST00000874073.2,ENST00000874074.2,ENST00000874075.2,ENST00000874076.2,ENST00000943481.2,ENST00000943482.2,ENST00000943483.2,ENST00001000772.1,ENST00001043114.1,ENST00001043115.1,ENST00001043116.1,ENST00001043117.1,ENST00001143050.1	13	ENST00000254868.9,ENST00000416562.7,ENST00000571664.2,ENST00000576617.6,ENST00000874072.2,ENST00000874073.2,ENST00000874074.2,ENST00000874075.2,ENST00000874076.2,ENST00000943481.2,ENST00000943482.2,ENST00000943483.2,ENST00001143050.1	4	multiple_isoforms_differential_probe_coverage
CLEC12A	5	11	5	0	11	ENST00000304361.9,ENST00000350667.4,ENST00000355690.9,ENST00000396507.7,ENST00000434319.6,ENST00000449959.6,ENST00000543839.1,ENST00001093440.1,ENST00001128259.1,ENST00001128260.1,ENST00001131116.1	3	ENST00000304361.9,ENST00000355690.9,ENST00001093440.1	3	multiple_isoforms_differential_probe_coverage
CLEC14A	5	1	5	0	1	ENST00000342213.3	1	ENST00000342213.3	1	single_isoform
CLEC1A	5	11	5	0	11	ENST00000315330.8,ENST00000414501.2,ENST00000420265.3,ENST00000457018.6,ENST00000544104.1,ENST00000902292.2,ENST00001032695.1,ENST00001104439.1,ENST00001114136.1,ENST00001126495.1,ENST00001137009.1	8	ENST00000315330.8,ENST00000420265.3,ENST00000457018.6,ENST00000902292.2,ENST00001032695.1,ENST00001114136.1,ENST00001126495.1,ENST00001137009.1	3	multiple_isoforms_differential_probe_coverage
CLEC2B	5	16	5	0	16	ENST00000228438.3,ENST00000538152.2,ENST00000539028.1,ENST00000540743.1,ENST00000893503.2,ENST00000893504.2,ENST00000893505.2,ENST00000893506.2,ENST00000893507.2,ENST00000893508.2,ENST00000964946.2,ENST00001090470.1,ENST00001090471.1,ENST00001090472.1,ENST00001090473.1,ENST00001143333.1	8	ENST00000228438.3,ENST00000893503.2,ENST00000893505.2,ENST00000893506.2,ENST00000893508.2,ENST00000964946.2,ENST00001090471.1,ENST00001143333.1	4	multiple_isoforms_differential_probe_coverage
CLEC2D	5	23	5	0	22	ENST00000261339.10,ENST00000261340.12,ENST00000290855.11,ENST00000325960.11,ENST00000430909.5,ENST00000444971.6,ENST00000460309.1,ENST00000466035.6,ENST00000476198.2,ENST00000479877.5,ENST00000492359.6,ENST00000536355.5,ENST00000543300.5,ENST00000544322.1,ENST00000545918.5,ENST00000989569.1,ENST00000989570.1,ENST00001055404.1,ENST00001091155.1,ENST00001106896.1,ENST00001106897.1,ENST00001138430.1	4	ENST00000261340.12,ENST00000290855.11,ENST00001091155.1,ENST00001138430.1	4	multiple_isoforms_differential_probe_coverage
CLEC4A	5	11	5	0	11	ENST00000229332.12,ENST00000345999.10,ENST00000352620.9,ENST00000360500.5,ENST00000641376.1,ENST00001099748.1,ENST00001099749.1,ENST00001099750.1,ENST00001099751.1,ENST00001099752.1,ENST00001124469.1	5	ENST00000229332.12,ENST00000345999.10,ENST00001099748.1,ENST00001099750.1,ENST00001099752.1	4	multiple_isoforms_differential_probe_coverage
CLEC4D	5	4	5	0	4	ENST00000299665.3,ENST00000382064.6,ENST00000959647.2,ENST00001141309.1	2	ENST00000299665.3,ENST00001141309.1	3	multiple_isoforms_differential_probe_coverage
CLEC4E	5	15	5	0	15	ENST00000299663.8,ENST00000446457.7,ENST00000446809.2,ENST00000450725.2,ENST00000537698.1,ENST00000545274.6,ENST00001022845.1,ENST00001022846.1,ENST00001022847.1,ENST00001099502.1,ENST00001099503.1,ENST00001099504.1,ENST00001099505.1,ENST00001099506.1,ENST00001126933.1	6	ENST00000299663.8,ENST00001022845.1,ENST00001022846.1,ENST00001099503.1,ENST00001099506.1,ENST00001126933.1	5	multiple_isoforms_differential_probe_coverage
CLEC5A	5	14	5	0	13	ENST00000418498.5,ENST00000438351.2,ENST00000439991.2,ENST00000481301.1,ENST00000546910.6,ENST00000551012.7,ENST00000904721.1,ENST00000904722.2,ENST00000904723.2,ENST00000960422.2,ENST00000960423.2,ENST00001015079.1,ENST00001138507.1	8	ENST00000546910.6,ENST00000551012.7,ENST00000904721.1,ENST00000904722.2,ENST00000904723.2,ENST00000960422.2,ENST00000960423.2,ENST00001138507.1	4	multiple_isoforms_differential_probe_coverage
CLEC7A	5	25	5	0	25	ENST00000298523.10,ENST00000304084.13,ENST00000310002.5,ENST00000349926.9,ENST00000353231.10,ENST00000396484.7,ENST00000465100.5,ENST00000525605.2,ENST00000528799.1,ENST00000529761.5,ENST00000531192.5,ENST00000533022.5,ENST00000534609.5,ENST00000960576.2,ENST00000960577.2,ENST00000960578.2,ENST00000991639.1,ENST00001032888.1,ENST00001032889.1,ENST00001032890.1,ENST00001032891.1,ENST00001032892.1,ENST00001096061.1,ENST00001096062.1,ENST00001135392.1	10	ENST00000304084.13,ENST00000353231.10,ENST00000534609.5,ENST00000960576.2,ENST00000960577.2,ENST00000991639.1,ENST00001032889.1,ENST00001032890.1,ENST00001032891.1,ENST00001135392.1	5	multiple_isoforms_differential_probe_coverage
CLOCK	5	26	5	0	21	ENST00000309964.8,ENST00000381322.6,ENST00000435527.6,ENST00000506747.5,ENST00000508049.1,ENST00000511124.1,ENST00000513440.6,ENST00000882369.2,ENST00000882370.2,ENST00000882371.2,ENST00000882372.2,ENST00000882373.2,ENST00000882374.2,ENST00000926584.2,ENST00000926585.2,ENST00000926586.2,ENST00000962774.2,ENST00000962775.2,ENST00001028987.1,ENST00001107421.1,ENST00001135912.1	15	ENST00000309964.8,ENST00000381322.6,ENST00000513440.6,ENST00000882369.2,ENST00000882370.2,ENST00000882371.2,ENST00000882372.2,ENST00000882373.2,ENST00000882374.2,ENST00000926584.2,ENST00000926585.2,ENST00000926586.2,ENST00000962774.2,ENST00000962775.2,ENST00001135912.1	3	multiple_isoforms_differential_probe_coverage
CLU	5	95	5	0	91	ENST00000316403.15,ENST00000405140.8,ENST00000518050.1,ENST00000519472.5,ENST00000519742.5,ENST00000520491.5,ENST00000520796.5,ENST00000521770.1,ENST00000522098.1,ENST00000522299.5,ENST00000522413.5,ENST00000522502.1,ENST00000523396.1,ENST00000523500.6,ENST00000523589.5,ENST00000560566.5,ENST00000877514.1,ENST00000877515.2,ENST00000877516.2,ENST00000877517.2,ENST00000877518.2,ENST00000877519.2,ENST00000877520.2,ENST00000877521.2,ENST00000877522.2,ENST00000877523.2,ENST00000877524.2,ENST00000877525.2,ENST00000877526.2,ENST00000877527.1,ENST00000877528.2,ENST00000877529.2,ENST00000877530.2,ENST00000877531.2,ENST00000877532.2,ENST00000877533.2,ENST00000877534.2,ENST00000877535.2,ENST00000877536.2,ENST00000877537.2,ENST00000877538.2,ENST00000877539.2,ENST00000877540.1,ENST00000877541.2,ENST00000877542.2,ENST00000877543.2,ENST00000877544.1,ENST00000877545.1,ENST00000877546.1,ENST00000877547.2,ENST00000877548.2,ENST00000877549.1,ENST00000877550.2,ENST00000877551.1,ENST00000877552.2,ENST00000877553.2,ENST00000877554.2,ENST00000877555.1,ENST00000877556.1,ENST00000877557.1,ENST00000877558.2,ENST00000912677.2,ENST00000967026.2,ENST00000967027.2,ENST00000967028.1,ENST00000967029.2,ENST00000999203.1,ENST00000999206.1,ENST00000999213.1,ENST00000999228.1,ENST00000999241.1,ENST00000999248.1,ENST00000999272.1,ENST00000999276.1,ENST00000999285.1,ENST00000999318.1,ENST00000999340.1,ENST00000999345.1,ENST00001024909.1,ENST00001024917.1,ENST00001024919.1,ENST00001082716.1,ENST00001091065.1,ENST00001107466.1,ENST00001107467.1,ENST00001107468.1,ENST00001107469.1,ENST00001107470.1,ENST00001122882.1,ENST00001122883.1,ENST00001135123.1	62	ENST00000316403.15,ENST00000405140.8,ENST00000522299.5,ENST00000523500.6,ENST00000877514.1,ENST00000877517.2,ENST00000877518.2,ENST00000877519.2,ENST00000877520.2,ENST00000877521.2,ENST00000877522.2,ENST00000877523.2,ENST00000877524.2,ENST00000877525.2,ENST00000877526.2,ENST00000877527.1,ENST00000877528.2,ENST00000877529.2,ENST00000877530.2,ENST00000877531.2,ENST00000877532.2,ENST00000877534.2,ENST00000877536.2,ENST00000877537.2,ENST00000877538.2,ENST00000877540.1,ENST00000877541.2,ENST00000877542.2,ENST00000877543.2,ENST00000877544.1,ENST00000877545.1,ENST00000877546.1,ENST00000877547.2,ENST00000877548.2,ENST00000877549.1,ENST00000877550.2,ENST00000877551.1,ENST00000877554.2,ENST00000877555.1,ENST00000877556.1,ENST00000877557.1,ENST00000877558.2,ENST00000912677.2,ENST00000967026.2,ENST00000967027.2,ENST00000967028.1,ENST00000967029.2,ENST00000999203.1,ENST00000999213.1,ENST00000999272.1,ENST00000999276.1,ENST00000999340.1,ENST00000999345.1,ENST00001024909.1,ENST00001024917.1,ENST00001024919.1,ENST00001082716.1,ENST00001091065.1,ENST00001107467.1,ENST00001122882.1,ENST00001122883.1,ENST00001135123.1	5	multiple_isoforms_differential_probe_coverage
CMKLR1	5	16	5	0	16	ENST00000312143.12,ENST00000412676.6,ENST00000549466.1,ENST00000550402.6,ENST00000550573.5,ENST00000552995.6,ENST00000881053.2,ENST00000881054.2,ENST00000881055.2,ENST00000916364.2,ENST00000971700.2,ENST00000971701.2,ENST00000971702.2,ENST00000971703.2,ENST00000971704.2,ENST00001139892.1	14	ENST00000312143.12,ENST00000412676.6,ENST00000550402.6,ENST00000552995.6,ENST00000881053.2,ENST00000881054.2,ENST00000881055.2,ENST00000916364.2,ENST00000971700.2,ENST00000971701.2,ENST00000971702.2,ENST00000971703.2,ENST00000971704.2,ENST00001139892.1	2	multiple_isoforms_differential_probe_coverage
CNTFR	5	60	5	0	60	ENST00000351266.9,ENST00000378980.8,ENST00000417345.2,ENST00000610543.5,ENST00000868690.2,ENST00000868691.2,ENST00000868692.2,ENST00000868693.2,ENST00000868694.2,ENST00000868695.2,ENST00000868696.2,ENST00000868697.2,ENST00000868698.2,ENST00000868699.2,ENST00000868700.2,ENST00000868701.2,ENST00000868702.2,ENST00000868703.2,ENST00000868704.2,ENST00000868705.2,ENST00000868706.2,ENST00000868707.2,ENST00000868708.2,ENST00000868709.2,ENST00000868710.2,ENST00000868711.2,ENST00000868712.2,ENST00000868713.2,ENST00000868714.2,ENST00000868715.2,ENST00000868716.2,ENST00000923809.2,ENST00000923810.2,ENST00000923811.2,ENST00000923812.2,ENST00000923813.2,ENST00000923814.2,ENST00000950013.2,ENST00000950014.2,ENST00000950015.2,ENST00000950016.2,ENST00000950017.2,ENST00000950018.2,ENST00000950019.2,ENST00000950020.2,ENST00000950021.2,ENST00000950022.2,ENST00000950023.2,ENST00000950024.2,ENST00000950025.2,ENST00000950026.2,ENST00000950027.2,ENST00000950028.2,ENST00000950029.2,ENST00000950030.2,ENST00000981413.1,ENST00000981414.1,ENST00000981415.1,ENST00001014152.1,ENST00001134023.1	53	ENST00000351266.9,ENST00000378980.8,ENST00000610543.5,ENST00000868690.2,ENST00000868691.2,ENST00000868692.2,ENST00000868693.2,ENST00000868694.2,ENST00000868695.2,ENST00000868696.2,ENST00000868697.2,ENST00000868698.2,ENST00000868699.2,ENST00000868700.2,ENST00000868701.2,ENST00000868702.2,ENST00000868703.2,ENST00000868704.2,ENST00000868705.2,ENST00000868706.2,ENST00000868707.2,ENST00000868708.2,ENST00000868709.2,ENST00000868711.2,ENST00000868712.2,ENST00000868713.2,ENST00000868714.2,ENST00000868715.2,ENST00000868716.2,ENST00000923809.2,ENST00000923810.2,ENST00000923811.2,ENST00000923812.2,ENST00000923813.2,ENST00000923814.2,ENST00000950013.2,ENST00000950015.2,ENST00000950016.2,ENST00000950018.2,ENST00000950019.2,ENST00000950020.2,ENST00000950021.2,ENST00000950022.2,ENST00000950023.2,ENST00000950024.2,ENST00000950026.2,ENST00000950028.2,ENST00000950029.2,ENST00000950030.2,ENST00000981413.1,ENST00000981414.1,ENST00001014152.1,ENST00001134023.1	4	multiple_isoforms_differential_probe_coverage
COL11A1	5	18	5	0	14	ENST00000353414.9,ENST00000358392.7,ENST00000370096.9,ENST00000427239.5,ENST00000461720.7,ENST00000512756.6,ENST00000635193.1,ENST00000644186.2,ENST00000645458.1,ENST00000647280.2,ENST00000862751.2,ENST00000918009.2,ENST00000982250.1,ENST00001145319.1	8	ENST00000353414.9,ENST00000358392.7,ENST00000370096.9,ENST00000512756.6,ENST00000635193.1,ENST00000862751.2,ENST00000918009.2,ENST00001145319.1	2	multiple_isoforms_differential_probe_coverage
COL12A1	5	18	5	0	11	ENST00000322507.13,ENST00000345356.11,ENST00000416123.6,ENST00000419671.1,ENST00000425443.6,ENST00000474564.1,ENST00000483888.7,ENST00000511023.1,ENST00000898574.2,ENST00001114878.1,ENST00001139422.1	6	ENST00000322507.13,ENST00000345356.11,ENST00000416123.6,ENST00000483888.7,ENST00000898574.2,ENST00001139422.1	5	multiple_isoforms_differential_probe_coverage
COL14A1	5	16	5	0	15	ENST00000297848.8,ENST00000309791.9,ENST00000432943.6,ENST00000434620.5,ENST00000498051.6,ENST00000523142.5,ENST00000537875.2,ENST00000964662.2,ENST00000964663.2,ENST00000964664.2,ENST00001049345.1,ENST00001114204.1,ENST00001114205.1,ENST00001129144.1,ENST00001133932.1	8	ENST00000297848.8,ENST00000309791.9,ENST00000964662.2,ENST00000964663.2,ENST00000964664.2,ENST00001049345.1,ENST00001129144.1,ENST00001133932.1	5	multiple_isoforms_differential_probe_coverage
COL15A1	5	31	5	0	29	ENST00000375001.8,ENST00000471477.1,ENST00000873219.2,ENST00000873220.2,ENST00000873221.2,ENST00000873222.2,ENST00000873223.2,ENST00000873224.2,ENST00000873225.2,ENST00000873226.2,ENST00000873227.2,ENST00000946047.2,ENST00000946048.2,ENST00000946049.2,ENST00000946050.2,ENST00000946051.2,ENST00001001122.1,ENST00001044126.1,ENST00001044127.1,ENST00001044128.1,ENST00001107932.1,ENST00001113646.1,ENST00001113647.1,ENST00001113648.1,ENST00001113649.1,ENST00001116851.1,ENST00001122224.1,ENST00001122225.1,ENST00001135723.1	22	ENST00000375001.8,ENST00000873219.2,ENST00000873220.2,ENST00000873221.2,ENST00000873222.2,ENST00000873223.2,ENST00000873224.2,ENST00000873225.2,ENST00000873226.2,ENST00000873227.2,ENST00000946047.2,ENST00000946048.2,ENST00000946049.2,ENST00000946050.2,ENST00000946051.2,ENST00001001122.1,ENST00001044126.1,ENST00001044127.1,ENST00001044128.1,ENST00001122224.1,ENST00001122225.1,ENST00001135723.1	5	multiple_isoforms_differential_probe_coverage
COL16A1	5	21	5	0	10	ENST00000373668.8,ENST00000373672.8,ENST00000458715.5,ENST00000474000.5,ENST00000482478.5,ENST00000529928.1,ENST00000873809.2,ENST00000873810.2,ENST00000933935.2,ENST00001141869.1	6	ENST00000373668.8,ENST00000373672.8,ENST00000873809.2,ENST00000873810.2,ENST00000933935.2,ENST00001141869.1	3	multiple_isoforms_differential_probe_coverage
COL17A1	5	19	5	0	16	ENST00000369733.8,ENST00000393211.4,ENST00000488320.1,ENST00000647647.1,ENST00000648076.2,ENST00000649118.1,ENST00000650263.1,ENST00000859460.2,ENST00000859461.2,ENST00000859462.2,ENST00000859463.2,ENST00000859464.2,ENST00000859465.2,ENST00000859466.2,ENST00000961906.2,ENST00001141965.1	11	ENST00000369733.8,ENST00000648076.2,ENST00000859460.2,ENST00000859461.2,ENST00000859462.2,ENST00000859463.2,ENST00000859464.2,ENST00000859465.2,ENST00000859466.2,ENST00000961906.2,ENST00001141965.1	4	multiple_isoforms_differential_probe_coverage
COL18A1	5	43	5	0	42	ENST00000342220.9,ENST00000355480.11,ENST00000359759.8,ENST00000423214.1,ENST00000473212.1,ENST00000651438.1,ENST00000710294.1,ENST00000710295.1,ENST00000859059.2,ENST00000859060.2,ENST00000859061.2,ENST00000859062.2,ENST00000859063.2,ENST00000859064.2,ENST00000859065.2,ENST00000859066.2,ENST00000859067.2,ENST00000859068.2,ENST00000859069.2,ENST00000930594.2,ENST00000930595.2,ENST00000930596.2,ENST00000930597.2,ENST00000930598.2,ENST00000930599.2,ENST00000930600.2,ENST00000930601.2,ENST00000930602.2,ENST00000970097.2,ENST00000970098.2,ENST00000970099.2,ENST00000970100.2,ENST00001003005.1,ENST00001035907.1,ENST00001035910.1,ENST00001059260.1,ENST00001059261.1,ENST00001059262.1,ENST00001059264.1,ENST00001059265.1,ENST00001114726.1,ENST00001131429.1	35	ENST00000355480.11,ENST00000359759.8,ENST00000651438.1,ENST00000710294.1,ENST00000710295.1,ENST00000859059.2,ENST00000859060.2,ENST00000859061.2,ENST00000859062.2,ENST00000859063.2,ENST00000859065.2,ENST00000859066.2,ENST00000859067.2,ENST00000859068.2,ENST00000859069.2,ENST00000930594.2,ENST00000930595.2,ENST00000930596.2,ENST00000930597.2,ENST00000930598.2,ENST00000930599.2,ENST00000930602.2,ENST00000970097.2,ENST00000970098.2,ENST00000970099.2,ENST00000970100.2,ENST00001003005.1,ENST00001035907.1,ENST00001035910.1,ENST00001059260.1,ENST00001059261.1,ENST00001059262.1,ENST00001059264.1,ENST00001059265.1,ENST00001131429.1	4	multiple_isoforms_differential_probe_coverage
COL1A1	5	32	5	0	24	ENST00000225964.10,ENST00000474644.1,ENST00000495677.1,ENST00000507689.1,ENST00000510710.3,ENST00000861333.2,ENST00000861334.2,ENST00000861335.2,ENST00000861336.2,ENST00000861337.2,ENST00000861338.2,ENST00000861339.2,ENST00000861340.2,ENST00000861341.2,ENST00000861342.2,ENST00000861343.2,ENST00000861344.2,ENST00000919350.2,ENST00000963828.2,ENST00000984220.1,ENST00000984222.1,ENST00001019996.1,ENST00001120893.1,ENST00001140874.1	19	ENST00000225964.10,ENST00000861333.2,ENST00000861334.2,ENST00000861335.2,ENST00000861336.2,ENST00000861337.2,ENST00000861338.2,ENST00000861339.2,ENST00000861340.2,ENST00000861341.2,ENST00000861342.2,ENST00000861343.2,ENST00000861344.2,ENST00000919350.2,ENST00000963828.2,ENST00000984222.1,ENST00001019996.1,ENST00001120893.1,ENST00001140874.1	4	multiple_isoforms_differential_probe_coverage
COL1A2	5	30	5	0	22	ENST00000297268.11,ENST00000464916.1,ENST00000481570.5,ENST00000497316.5,ENST00000959377.1,ENST00000959378.2,ENST00000959379.2,ENST00000959380.2,ENST00000959381.2,ENST00000959382.2,ENST00000959383.2,ENST00000991229.1,ENST00000991231.1,ENST00000991232.1,ENST00000991235.1,ENST00001023130.1,ENST00001023137.1,ENST00001023139.1,ENST00001023140.1,ENST00001023146.1,ENST00001113937.1,ENST00001140464.1	16	ENST00000297268.11,ENST00000959377.1,ENST00000959378.2,ENST00000959379.2,ENST00000959381.2,ENST00000959382.2,ENST00000991229.1,ENST00000991231.1,ENST00000991232.1,ENST00000991235.1,ENST00001023130.1,ENST00001023137.1,ENST00001023139.1,ENST00001023140.1,ENST00001023146.1,ENST00001140464.1	3	multiple_isoforms_differential_probe_coverage
COL21A1	5	12	5	0	8	ENST00000244728.10,ENST00000370819.5,ENST00000461489.1,ENST00000467045.5,ENST00000467216.2,ENST00000482933.1,ENST00000488912.5,ENST00001134853.1	5	ENST00000244728.10,ENST00000370819.5,ENST00000467045.5,ENST00000488912.5,ENST00001134853.1	4	multiple_isoforms_differential_probe_coverage
COL27A1	5	9	5	0	5	ENST00000356083.8,ENST00000477421.2,ENST00000485397.1,ENST00000494090.6,ENST00001136228.1	3	ENST00000356083.8,ENST00000494090.6,ENST00001136228.1	3	multiple_isoforms_differential_probe_coverage
COL3A1	5	36	5	0	34	ENST00000304636.9,ENST00000450867.3,ENST00000470167.1,ENST00000487010.1,ENST00000708566.1,ENST00000708568.1,ENST00000708569.1,ENST00000708571.1,ENST00000713744.2,ENST00000713745.2,ENST00000879194.2,ENST00000879195.2,ENST00000879196.2,ENST00000879197.2,ENST00000879198.2,ENST00000879199.2,ENST00000879200.2,ENST00000879201.2,ENST00000879202.2,ENST00000879203.2,ENST00000957916.2,ENST00000957917.2,ENST00000957918.2,ENST00001002467.1,ENST00001002468.1,ENST00001002470.1,ENST00001002471.1,ENST00001024429.1,ENST00001024431.1,ENST00001024438.1,ENST00001024440.1,ENST00001107838.1,ENST00001113577.1,ENST00001116719.1	27	ENST00000304636.9,ENST00000450867.3,ENST00000708566.1,ENST00000708569.1,ENST00000713744.2,ENST00000713745.2,ENST00000879194.2,ENST00000879195.2,ENST00000879196.2,ENST00000879197.2,ENST00000879198.2,ENST00000879199.2,ENST00000879200.2,ENST00000879201.2,ENST00000879202.2,ENST00000879203.2,ENST00000957916.2,ENST00000957917.2,ENST00000957918.2,ENST00001002467.1,ENST00001002468.1,ENST00001002471.1,ENST00001024429.1,ENST00001024431.1,ENST00001024438.1,ENST00001024440.1,ENST00001116719.1	3	multiple_isoforms_differential_probe_coverage
COL4A1	5	27	5	0	19	ENST00000375820.10,ENST00000543140.7,ENST00000615732.4,ENST00000647632.1,ENST00000647797.3,ENST00000648170.1,ENST00000648966.3,ENST00000649484.3,ENST00000649738.1,ENST00000650424.3,ENST00000714329.1,ENST00000714330.1,ENST00000714331.1,ENST00000933607.2,ENST00000933608.2,ENST00000953813.2,ENST00000953814.2,ENST00001012556.1,ENST00001132103.1	14	ENST00000375820.10,ENST00000543140.7,ENST00000615732.4,ENST00000649738.1,ENST00000650424.3,ENST00000714329.1,ENST00000714330.1,ENST00000714331.1,ENST00000933607.2,ENST00000933608.2,ENST00000953813.2,ENST00000953814.2,ENST00001012556.1,ENST00001132103.1	5	multiple_isoforms_differential_probe_coverage
COL4A2	5	40	5	0	33	ENST00000360467.7,ENST00000400163.9,ENST00000463084.1,ENST00000480609.3,ENST00000483683.2,ENST00000494852.4,ENST00000617564.4,ENST00000619688.4,ENST00000649951.3,ENST00000650225.1,ENST00000650540.2,ENST00000714396.2,ENST00000714397.1,ENST00000714398.1,ENST00000714399.2,ENST00000907571.2,ENST00000907572.2,ENST00000907573.2,ENST00000907574.2,ENST00000907575.2,ENST00000907576.2,ENST00000907577.2,ENST00001109987.1,ENST00001112815.1,ENST00001118206.1,ENST00001127424.1,ENST00001127425.1,ENST00001127426.1,ENST00001127427.1,ENST00001127428.1,ENST00001127429.1,ENST00001127430.1,ENST00001132094.1	15	ENST00000360467.7,ENST00000400163.9,ENST00000480609.3,ENST00000714396.2,ENST00000714397.1,ENST00000714398.1,ENST00000714399.2,ENST00000907571.2,ENST00000907572.2,ENST00000907573.2,ENST00000907574.2,ENST00000907575.2,ENST00000907576.2,ENST00000907577.2,ENST00001132094.1	5	multiple_isoforms_differential_probe_coverage
COL4A5	5	21	5	0	11	ENST00000328300.11,ENST00000361603.8,ENST00000483338.1,ENST00000949141.2,ENST00000949142.2,ENST00000949143.2,ENST00001046579.1,ENST00001108623.1,ENST00001115485.1,ENST00001126040.1,ENST00001136095.1	9	ENST00000328300.11,ENST00000361603.8,ENST00000949141.2,ENST00000949142.2,ENST00000949143.2,ENST00001046579.1,ENST00001115485.1,ENST00001126040.1,ENST00001136095.1	3	multiple_isoforms_differential_probe_coverage
COL5A1	5	10	5	0	8	ENST00000371817.8,ENST00000371820.5,ENST00000460264.5,ENST00000464187.1,ENST00000465877.1,ENST00000950240.2,ENST00001122498.1,ENST00001136603.1	4	ENST00000371817.8,ENST00000371820.5,ENST00000950240.2,ENST00001136603.1	4	multiple_isoforms_differential_probe_coverage
COL5A2	5	12	5	0	10	ENST00000374866.9,ENST00000618828.2,ENST00000858728.2,ENST00000858729.2,ENST00001006349.1,ENST00001105500.1,ENST00001105501.1,ENST00001115846.1,ENST00001119626.1,ENST00001140254.1	7	ENST00000374866.9,ENST00000618828.2,ENST00000858728.2,ENST00000858729.2,ENST00001006349.1,ENST00001119626.1,ENST00001140254.1	2	multiple_isoforms_differential_probe_coverage
COL5A3	5	3	5	0	2	ENST00000264828.4,ENST00001135030.1	2	ENST00000264828.4,ENST00001135030.1	1	multiple_isoforms_same_probe_coverage
COL6A1	5	13	5	0	10	ENST00000361866.8,ENST00000463060.6,ENST00000486023.1,ENST00000498614.5,ENST00000612273.2,ENST00000682634.1,ENST00000866134.2,ENST00001002268.1,ENST00001111227.1,ENST00001131501.1	3	ENST00000361866.8,ENST00001002268.1,ENST00001131501.1	4	multiple_isoforms_differential_probe_coverage
COL6A2	5	72	5	0	71	ENST00000300527.9,ENST00000397763.6,ENST00000409416.6,ENST00000413758.1,ENST00000436769.5,ENST00000460886.1,ENST00000857090.1,ENST00000857091.2,ENST00000857092.2,ENST00000857093.2,ENST00000857094.2,ENST00000857095.2,ENST00000857096.2,ENST00000857097.2,ENST00000857098.2,ENST00000857099.2,ENST00000857100.2,ENST00000857101.2,ENST00000857102.2,ENST00000857103.2,ENST00000857104.2,ENST00000857105.2,ENST00000857106.2,ENST00000857107.2,ENST00000857108.2,ENST00000857109.2,ENST00000934971.2,ENST00000934972.2,ENST00000968878.2,ENST00000968879.2,ENST00000968880.2,ENST00000968881.2,ENST00000968882.2,ENST00000968883.2,ENST00000968884.2,ENST00000984846.1,ENST00000984847.1,ENST00000984850.1,ENST00000984852.1,ENST00000984853.1,ENST00000984854.1,ENST00000984855.1,ENST00000984857.1,ENST00000984858.1,ENST00000984859.1,ENST00000984860.1,ENST00000984862.1,ENST00001028343.1,ENST00001028344.1,ENST00001028347.1,ENST00001028348.1,ENST00001028349.1,ENST00001028350.1,ENST00001028351.1,ENST00001028352.1,ENST00001028353.1,ENST00001028355.1,ENST00001028356.1,ENST00001028357.1,ENST00001028358.1,ENST00001028362.1,ENST00001028363.1,ENST00001028364.1,ENST00001028365.1,ENST00001028367.1,ENST00001028368.1,ENST00001119206.1,ENST00001124319.1,ENST00001124320.1,ENST00001131766.1,ENST00001131767.1	64	ENST00000300527.9,ENST00000397763.6,ENST00000409416.6,ENST00000857090.1,ENST00000857091.2,ENST00000857092.2,ENST00000857093.2,ENST00000857094.2,ENST00000857095.2,ENST00000857096.2,ENST00000857097.2,ENST00000857098.2,ENST00000857099.2,ENST00000857100.2,ENST00000857101.2,ENST00000857102.2,ENST00000857103.2,ENST00000857106.2,ENST00000857107.2,ENST00000857108.2,ENST00000857109.2,ENST00000934971.2,ENST00000934972.2,ENST00000968878.2,ENST00000968879.2,ENST00000968880.2,ENST00000968881.2,ENST00000968882.2,ENST00000968883.2,ENST00000968884.2,ENST00000984846.1,ENST00000984847.1,ENST00000984850.1,ENST00000984852.1,ENST00000984853.1,ENST00000984854.1,ENST00000984855.1,ENST00000984857.1,ENST00000984858.1,ENST00000984859.1,ENST00000984860.1,ENST00000984862.1,ENST00001028343.1,ENST00001028344.1,ENST00001028347.1,ENST00001028348.1,ENST00001028349.1,ENST00001028350.1,ENST00001028351.1,ENST00001028352.1,ENST00001028353.1,ENST00001028355.1,ENST00001028356.1,ENST00001028357.1,ENST00001028358.1,ENST00001028362.1,ENST00001028363.1,ENST00001028364.1,ENST00001028365.1,ENST00001028367.1,ENST00001028368.1,ENST00001119206.1,ENST00001131766.1,ENST00001131767.1	5	multiple_isoforms_differential_probe_coverage
COL6A3	5	30	5	0	18	ENST00000295550.9,ENST00000353578.10,ENST00000392003.7,ENST00000392004.8,ENST00000433762.1,ENST00000472056.6,ENST00000683155.1,ENST00000684597.1,ENST00000888366.2,ENST00000952249.2,ENST00000952250.2,ENST00000952251.2,ENST00000952252.2,ENST00000981614.1,ENST00001056679.1,ENST00001056680.1,ENST00001115775.1,ENST00001145220.1	14	ENST00000295550.9,ENST00000353578.10,ENST00000392003.7,ENST00000392004.8,ENST00000472056.6,ENST00000952249.2,ENST00000952250.2,ENST00000952251.2,ENST00000952252.2,ENST00000981614.1,ENST00001056679.1,ENST00001056680.1,ENST00001115775.1,ENST00001145220.1	3	multiple_isoforms_differential_probe_coverage
COL8A1	5	48	5	0	44	ENST00000261037.8,ENST00000273342.9,ENST00000452013.5,ENST00000621757.1,ENST00000652472.1,ENST00000895751.2,ENST00000895752.2,ENST00000895753.2,ENST00000895754.2,ENST00000895755.2,ENST00000895756.2,ENST00000895757.2,ENST00000895758.2,ENST00000895759.2,ENST00000895760.2,ENST00000895761.2,ENST00000895762.2,ENST00000895763.2,ENST00000895764.2,ENST00000895765.2,ENST00000895766.2,ENST00000895767.2,ENST00000895768.2,ENST00000895769.2,ENST00000895770.2,ENST00000895771.2,ENST00000895772.2,ENST00000895773.2,ENST00000895774.2,ENST00000895775.2,ENST00000968979.2,ENST00000968980.2,ENST00000968981.2,ENST00000968982.2,ENST00000968983.2,ENST00000968984.2,ENST00000968985.2,ENST00000968986.2,ENST00000968987.2,ENST00000968988.2,ENST00000968989.2,ENST00000968990.2,ENST00001115897.1,ENST00001115898.1	40	ENST00000261037.8,ENST00000273342.9,ENST00000652472.1,ENST00000895751.2,ENST00000895752.2,ENST00000895753.2,ENST00000895754.2,ENST00000895755.2,ENST00000895756.2,ENST00000895757.2,ENST00000895758.2,ENST00000895759.2,ENST00000895760.2,ENST00000895761.2,ENST00000895762.2,ENST00000895763.2,ENST00000895764.2,ENST00000895765.2,ENST00000895766.2,ENST00000895767.2,ENST00000895768.2,ENST00000895769.2,ENST00000895770.2,ENST00000895771.2,ENST00000895772.2,ENST00000895773.2,ENST00000895774.2,ENST00000895775.2,ENST00000968979.2,ENST00000968980.2,ENST00000968981.2,ENST00000968982.2,ENST00000968983.2,ENST00000968984.2,ENST00000968985.2,ENST00000968986.2,ENST00000968987.2,ENST00000968988.2,ENST00000968989.2,ENST00000968990.2	3	multiple_isoforms_differential_probe_coverage
COL9A1	5	17	5	0	14	ENST00000320755.13,ENST00000357250.11,ENST00000360859.12,ENST00000370496.4,ENST00000486080.5,ENST00000489611.5,ENST00000493682.7,ENST00000644493.1,ENST00000682313.1,ENST00000683602.1,ENST00000683758.2,ENST00000683980.3,ENST00000684176.1,ENST00001134376.1	6	ENST00000320755.13,ENST00000357250.11,ENST00000683758.2,ENST00000683980.3,ENST00000684176.1,ENST00001134376.1	4	multiple_isoforms_differential_probe_coverage
COL9A2	5	18	5	0	15	ENST00000372748.8,ENST00000417105.6,ENST00000427563.1,ENST00000461118.6,ENST00000466267.1,ENST00000482722.5,ENST00000488463.6,ENST00000496215.5,ENST00000642679.1,ENST00000869264.1,ENST00000869265.2,ENST00000869266.2,ENST00000869267.2,ENST00000869268.2,ENST00001141418.1	7	ENST00000372748.8,ENST00000482722.5,ENST00000869264.1,ENST00000869266.2,ENST00000869267.2,ENST00000869268.2,ENST00001141418.1	5	multiple_isoforms_differential_probe_coverage
COL9A3	5	24	5	0	19	ENST00000452372.2,ENST00000463487.2,ENST00000466192.5,ENST00000467819.5,ENST00000469802.5,ENST00000472880.1,ENST00000477612.5,ENST00000489045.5,ENST00000649368.1,ENST00000894732.2,ENST00000934235.1,ENST00000934236.2,ENST00001066604.1,ENST00001066605.1,ENST00001066606.1,ENST00001066607.1,ENST00001066608.1,ENST00001066609.1,ENST00001132166.1	9	ENST00000649368.1,ENST00000894732.2,ENST00000934235.1,ENST00000934236.2,ENST00001066604.1,ENST00001066605.1,ENST00001066606.1,ENST00001066607.1,ENST00001132166.1	5	multiple_isoforms_differential_probe_coverage
COTL1	5	9	5	0	8	ENST00000262428.5,ENST00000561707.1,ENST00000564057.2,ENST00000564662.1,ENST00000567278.1,ENST00001015429.1,ENST00001058899.1,ENST00001137898.1	4	ENST00000262428.5,ENST00000564057.2,ENST00001058899.1,ENST00001137898.1	4	multiple_isoforms_differential_probe_coverage
CPA3	5	9	5	0	9	ENST00000296046.4,ENST00000477926.1,ENST00000899613.2,ENST00000899614.2,ENST00001002999.1,ENST00001049011.1,ENST00001111211.1,ENST00001118770.1,ENST00001145160.1	5	ENST00000296046.4,ENST00000899613.2,ENST00000899614.2,ENST00001118770.1,ENST00001145160.1	4	multiple_isoforms_differential_probe_coverage
CPB1	5	12	5	0	11	ENST00000282957.9,ENST00000462345.5,ENST00000465718.1,ENST00000468341.1,ENST00000473621.5,ENST00000476847.1,ENST00000484877.1,ENST00000491148.5,ENST00000498639.1,ENST00000968620.2,ENST00001145133.1	3	ENST00000282957.9,ENST00000491148.5,ENST00001145133.1	5	multiple_isoforms_differential_probe_coverage
CRIP1	5	33	5	0	33	ENST00000330233.11,ENST00000392531.4,ENST00000409393.6,ENST00000460900.1,ENST00000461556.1,ENST00000496700.5,ENST00000903614.1,ENST00000903615.1,ENST00000903616.2,ENST00000919629.2,ENST00000919630.2,ENST00000945681.1,ENST00001016804.1,ENST00001077927.1,ENST00001092853.1,ENST00001092854.1,ENST00001092855.1,ENST00001092856.1,ENST00001092857.1,ENST00001092858.1,ENST00001092859.1,ENST00001092860.1,ENST00001092861.1,ENST00001092862.1,ENST00001092863.1,ENST00001092864.1,ENST00001092865.1,ENST00001092866.1,ENST00001092867.1,ENST00001092868.1,ENST00001092869.1,ENST00001092870.1,ENST00001139548.1	4	ENST00000392531.4,ENST00000409393.6,ENST00001092863.1,ENST00001139548.1	5	multiple_isoforms_differential_probe_coverage
CRP	5	9	5	0	8	ENST00000255030.9,ENST00000368110.2,ENST00000368111.6,ENST00000368112.6,ENST00000437342.1,ENST00000473196.1,ENST00001098568.1,ENST00001144420.1	2	ENST00000255030.9,ENST00001144420.1	5	multiple_isoforms_differential_probe_coverage
CRYAB	5	31	5	0	31	ENST00000227251.8,ENST00000524660.1,ENST00000525823.2,ENST00000526167.6,ENST00000526180.7,ENST00000527899.7,ENST00000527950.6,ENST00000528628.5,ENST00000528961.7,ENST00000529647.5,ENST00000531198.6,ENST00000533280.7,ENST00000533475.7,ENST00000533879.3,ENST00000533971.3,ENST00000616970.6,ENST00000650687.2,ENST00000651164.2,ENST00000651650.2,ENST00000652223.1,ENST00000652606.1,ENST00000858791.2,ENST00001007527.1,ENST00001013645.1,ENST00001091810.1,ENST00001091811.1,ENST00001091812.1,ENST00001091813.1,ENST00001091814.1,ENST00001091815.1,ENST00001136480.1	15	ENST00000227251.8,ENST00000526180.7,ENST00000527899.7,ENST00000527950.6,ENST00000531198.6,ENST00000533475.7,ENST00000533879.3,ENST00000533971.3,ENST00000616970.6,ENST00000651164.2,ENST00000652223.1,ENST00000652606.1,ENST00001007527.1,ENST00001013645.1,ENST00001091810.1	4	multiple_isoforms_differential_probe_coverage
CSF1	5	21	5	0	21	ENST00000329608.11,ENST00000357302.8,ENST00000369801.2,ENST00000369802.8,ENST00000420111.7,ENST00000488198.5,ENST00000525659.5,ENST00000526001.1,ENST00000527192.5,ENST00000875282.2,ENST00000875283.2,ENST00000875284.2,ENST00000875285.2,ENST00000875286.2,ENST00000875287.2,ENST00000913371.2,ENST00000958976.2,ENST00001012642.1,ENST00001012643.1,ENST00001012644.1,ENST00001142243.1	10	ENST00000329608.11,ENST00000369801.2,ENST00000369802.8,ENST00000420111.7,ENST00000875283.2,ENST00000875284.2,ENST00000875286.2,ENST00001012642.1,ENST00001012644.1,ENST00001142243.1	4	multiple_isoforms_differential_probe_coverage
CSF1R	5	20	5	0	17	ENST00000286301.7,ENST00000502660.5,ENST00000504875.5,ENST00000511344.1,ENST00000515068.1,ENST00000543093.1,ENST00000675795.1,ENST00000911110.2,ENST00000911111.2,ENST00000911112.2,ENST00000911113.2,ENST00000911114.2,ENST00000911115.2,ENST00000911116.2,ENST00000960687.2,ENST00000960688.2,ENST00001132457.1	12	ENST00000286301.7,ENST00000504875.5,ENST00000675795.1,ENST00000911110.2,ENST00000911111.2,ENST00000911112.2,ENST00000911114.2,ENST00000911115.2,ENST00000911116.2,ENST00000960687.2,ENST00000960688.2,ENST00001132457.1	3	multiple_isoforms_differential_probe_coverage
CSF2	5	2	5	0	2	ENST00000296871.4,ENST00001131941.1	2	ENST00000296871.4,ENST00001131941.1	1	multiple_isoforms_same_probe_coverage
CSF2RA	5	82	5	0	80	ENST00000355432.9,ENST00000355805.8,ENST00000381500.6,ENST00000381509.9,ENST00000381524.9,ENST00000381529.9,ENST00000412290.6,ENST00000432318.9,ENST00000475259.6,ENST00000477940.6,ENST00000478256.6,ENST00000486791.6,ENST00000491683.6,ENST00000493312.6,ENST00000494969.8,ENST00000498153.8,ENST00000696230.1,ENST00000718259.2,ENST00000718260.2,ENST00000718261.2,ENST00000718262.2,ENST00000886979.2,ENST00000886980.2,ENST00000886981.2,ENST00000886982.2,ENST00000886983.2,ENST00000969305.1,ENST00000969306.2,ENST00000969307.2,ENST00000969308.2,ENST00000969309.2,ENST00000969310.2,ENST00000969311.1,ENST00000972694.1,ENST00000972697.1,ENST00000972703.1,ENST00000972744.1,ENST00000972749.1,ENST00000972750.1,ENST00000972766.1,ENST00000972769.1,ENST00000972771.1,ENST00000972803.1,ENST00000973039.1,ENST00000973045.1,ENST00001046432.1,ENST00001046433.1,ENST00001046434.1,ENST00001046435.1,ENST00001123398.1,ENST00001123399.1,ENST00001133948.1,ENST00001145917.1,ENST00001145918.1,ENST00001145930.1,ENST00001145931.1,ENST00001145934.1,ENST00001145937.1,ENST00001145938.1,ENST00001145942.1,ENST00001145943.1,ENST00001145944.1,ENST00001145945.1,ENST00001145975.1,ENST00001145976.1,ENST00001145977.1,ENST00001145978.1,ENST00001145979.1,ENST00001146042.1,ENST00001146043.1,ENST00001146044.1,ENST00001146045.1,ENST00001146046.1,ENST00001146106.1,ENST00001146107.1,ENST00001146108.1,ENST00001146109.1,ENST00001146165.1,ENST00001146166.1,ENST00001146184.1	54	ENST00000355432.9,ENST00000381509.9,ENST00000381524.9,ENST00000381529.9,ENST00000432318.9,ENST00000498153.8,ENST00000696230.1,ENST00000718259.2,ENST00000718260.2,ENST00000718261.2,ENST00000718262.2,ENST00000886979.2,ENST00000886980.2,ENST00000886981.2,ENST00000886982.2,ENST00000886983.2,ENST00000969305.1,ENST00000969306.2,ENST00000969307.2,ENST00000969308.2,ENST00000969309.2,ENST00000969310.2,ENST00000972697.1,ENST00000972803.1,ENST00000973039.1,ENST00001046433.1,ENST00001046435.1,ENST00001123398.1,ENST00001123399.1,ENST00001133948.1,ENST00001145917.1,ENST00001145930.1,ENST00001145931.1,ENST00001145934.1,ENST00001145938.1,ENST00001145942.1,ENST00001145943.1,ENST00001145944.1,ENST00001145945.1,ENST00001145975.1,ENST00001145976.1,ENST00001145977.1,ENST00001145978.1,ENST00001145979.1,ENST00001146042.1,ENST00001146043.1,ENST00001146044.1,ENST00001146045.1,ENST00001146046.1,ENST00001146107.1,ENST00001146109.1,ENST00001146165.1,ENST00001146166.1,ENST00001146184.1	5	multiple_isoforms_differential_probe_coverage
CSF2RB	5	7	5	0	7	ENST00000403662.8,ENST00000406230.6,ENST00000421539.1,ENST00000910856.2,ENST00000910857.2,ENST00001127690.1,ENST00001133227.1	5	ENST00000403662.8,ENST00000406230.6,ENST00000910856.2,ENST00000910857.2,ENST00001133227.1	2	multiple_isoforms_differential_probe_coverage
CSF3	5	11	5	0	11	ENST00000225474.7,ENST00000331769.7,ENST00000394148.8,ENST00000394149.8,ENST00000479880.1,ENST00000577675.2,ENST00000579852.1,ENST00000582798.1,ENST00000583218.5,ENST00000945857.1,ENST00001143015.1	6	ENST00000225474.7,ENST00000331769.7,ENST00000394148.8,ENST00000394149.8,ENST00000577675.2,ENST00001143015.1	4	multiple_isoforms_differential_probe_coverage
CSF3R	5	31	5	0	24	ENST00000373103.5,ENST00000373104.5,ENST00000373106.6,ENST00000464365.3,ENST00000464465.8,ENST00000480825.6,ENST00000484762.1,ENST00000487540.7,ENST00000699089.1,ENST00000699090.1,ENST00000909337.2,ENST00000909338.2,ENST00000909339.2,ENST00000944959.1,ENST00000944960.2,ENST00000944961.1,ENST00000944962.1,ENST00000944963.1,ENST00001052183.1,ENST00001052185.1,ENST00001115469.1,ENST00001115470.1,ENST00001126432.1,ENST00001141668.1	18	ENST00000373103.5,ENST00000373104.5,ENST00000373106.6,ENST00000480825.6,ENST00000487540.7,ENST00000699089.1,ENST00000699090.1,ENST00000909337.2,ENST00000909338.2,ENST00000909339.2,ENST00000944959.1,ENST00000944960.2,ENST00000944961.1,ENST00000944962.1,ENST00000944963.1,ENST00001052183.1,ENST00001052185.1,ENST00001141668.1	3	multiple_isoforms_differential_probe_coverage
CSHL1	5	30	5	0	30	ENST00000259003.15,ENST00000309894.6,ENST00000346606.11,ENST00000438387.7,ENST00000450719.3,ENST00000558099.1,ENST00000558609.1,ENST00000560999.1,ENST00000561003.6,ENST00001104163.1,ENST00001104164.1,ENST00001104165.1,ENST00001104166.1,ENST00001104167.1,ENST00001104168.1,ENST00001104169.1,ENST00001104170.1,ENST00001104171.1,ENST00001104172.1,ENST00001104173.1,ENST00001104174.1,ENST00001104175.1,ENST00001104176.1,ENST00001125859.1,ENST00001125860.1,ENST00001125861.1,ENST00001125862.1,ENST00001125863.1,ENST00001125864.1,ENST00001136218.1	23	ENST00000259003.15,ENST00000309894.6,ENST00000346606.11,ENST00000438387.7,ENST00000450719.3,ENST00000558099.1,ENST00000561003.6,ENST00001104163.1,ENST00001104164.1,ENST00001104165.1,ENST00001104166.1,ENST00001104167.1,ENST00001104168.1,ENST00001104169.1,ENST00001104170.1,ENST00001104171.1,ENST00001104173.1,ENST00001104174.1,ENST00001104175.1,ENST00001125859.1,ENST00001125862.1,ENST00001125864.1,ENST00001136218.1	4	multiple_isoforms_differential_probe_coverage
CSK	5	25	5	0	23	ENST00000220003.14,ENST00000439220.7,ENST00000562066.5,ENST00000563010.1,ENST00000563894.1,ENST00000564216.5,ENST00000567123.1,ENST00000567135.5,ENST00000567571.6,ENST00000568329.5,ENST00000569462.5,ENST00000569915.1,ENST00000858351.2,ENST00000858352.2,ENST00000858353.2,ENST00000858354.2,ENST00000858355.2,ENST00000858356.2,ENST00000858357.2,ENST00000931146.2,ENST00000951979.2,ENST00000991634.1,ENST00001137061.1	14	ENST00000220003.14,ENST00000439220.7,ENST00000567571.6,ENST00000858351.2,ENST00000858352.2,ENST00000858353.2,ENST00000858354.2,ENST00000858355.2,ENST00000858356.2,ENST00000858357.2,ENST00000931146.2,ENST00000951979.2,ENST00000991634.1,ENST00001137061.1	4	multiple_isoforms_differential_probe_coverage
CST7	5	4	5	0	4	ENST00000480798.2,ENST00000874360.2,ENST00001099482.1,ENST00001134700.1	3	ENST00000480798.2,ENST00001099482.1,ENST00001134700.1	2	multiple_isoforms_differential_probe_coverage
CTLA4	5	7	5	0	6	ENST00000295854.10,ENST00000427473.3,ENST00000648405.2,ENST00000650075.1,ENST00000696049.2,ENST00000696479.1	3	ENST00000648405.2,ENST00000696049.2,ENST00000696479.1	3	multiple_isoforms_differential_probe_coverage
CTNNB1	5	75	5	0	72	ENST00000349496.11,ENST00000396183.8,ENST00000396185.9,ENST00000405570.7,ENST00000426215.6,ENST00000431914.7,ENST00000433400.6,ENST00000441708.3,ENST00000450969.7,ENST00000453024.6,ENST00000465552.2,ENST00000482042.1,ENST00000485265.2,ENST00000488914.2,ENST00000642248.2,ENST00000642315.2,ENST00000642426.2,ENST00000642836.1,ENST00000642886.2,ENST00000642986.1,ENST00000642992.1,ENST00000643031.2,ENST00000643052.1,ENST00000643297.2,ENST00000643541.1,ENST00000643865.1,ENST00000643977.2,ENST00000643992.2,ENST00000644138.2,ENST00000644524.1,ENST00000644678.1,ENST00000644867.1,ENST00000644873.2,ENST00000644906.3,ENST00000645210.2,ENST00000645276.2,ENST00000645305.1,ENST00000645320.1,ENST00000645493.1,ENST00000645763.1,ENST00000645900.1,ENST00000645927.3,ENST00000645982.2,ENST00000646074.1,ENST00000646116.1,ENST00000646174.1,ENST00000646369.2,ENST00000646381.1,ENST00000646725.2,ENST00000647021.1,ENST00000647264.1,ENST00000647390.2,ENST00000647413.3,ENST00000715148.2,ENST00000715149.2,ENST00000715150.1,ENST00000715151.2,ENST00000715152.1,ENST00000715153.1,ENST00000715155.1,ENST00000910212.2,ENST00000910213.2,ENST00000910214.2,ENST00000910215.1,ENST00000932556.2,ENST00000968440.2,ENST00000968441.2,ENST00000968442.2,ENST00001048544.1,ENST00001120758.1,ENST00001124142.1,ENST00001144099.1	66	ENST00000349496.11,ENST00000396183.8,ENST00000396185.9,ENST00000405570.7,ENST00000426215.6,ENST00000431914.7,ENST00000433400.6,ENST00000441708.3,ENST00000450969.7,ENST00000453024.6,ENST00000642248.2,ENST00000642315.2,ENST00000642426.2,ENST00000642836.1,ENST00000642886.2,ENST00000642986.1,ENST00000642992.1,ENST00000643031.2,ENST00000643052.1,ENST00000643297.2,ENST00000643541.1,ENST00000643865.1,ENST00000643977.2,ENST00000643992.2,ENST00000644138.2,ENST00000644524.1,ENST00000644678.1,ENST00000644867.1,ENST00000644873.2,ENST00000645210.2,ENST00000645276.2,ENST00000645305.1,ENST00000645320.1,ENST00000645493.1,ENST00000645900.1,ENST00000645927.3,ENST00000645982.2,ENST00000646074.1,ENST00000646116.1,ENST00000646174.1,ENST00000646369.2,ENST00000646381.1,ENST00000646725.2,ENST00000647021.1,ENST00000647264.1,ENST00000647390.2,ENST00000647413.3,ENST00000715148.2,ENST00000715149.2,ENST00000715150.1,ENST00000715151.2,ENST00000715152.1,ENST00000715153.1,ENST00000715155.1,ENST00000910212.2,ENST00000910213.2,ENST00000910214.2,ENST00000910215.1,ENST00000932556.2,ENST00000968440.2,ENST00000968441.2,ENST00000968442.2,ENST00001048544.1,ENST00001120758.1,ENST00001124142.1,ENST00001144099.1	4	multiple_isoforms_differential_probe_coverage
CTSG	5	3	5	0	3	ENST00000216336.3,ENST00000552252.1,ENST00000871534.2	2	ENST00000216336.3,ENST00000871534.2	2	multiple_isoforms_differential_probe_coverage
CTSW	5	13	5	0	13	ENST00000307886.8,ENST00000524681.1,ENST00000526034.3,ENST00000528419.6,ENST00000679584.2,ENST00000680443.2,ENST00000680670.2,ENST00000681512.1,ENST00000894912.2,ENST00000894913.2,ENST00000959479.2,ENST00001055491.1,ENST00001136783.1	7	ENST00000307886.8,ENST00000528419.6,ENST00000679584.2,ENST00000680443.2,ENST00000894912.2,ENST00001055491.1,ENST00001136783.1	4	multiple_isoforms_differential_probe_coverage
CUZD1	5	6	5	0	6	ENST00000338948.3,ENST00000368899.5,ENST00000368900.5,ENST00000368901.5,ENST00000392790.6,ENST00000924221.2	2	ENST00000368901.5,ENST00000392790.6	4	multiple_isoforms_differential_probe_coverage
CX3CL1	5	5	5	0	5	ENST00000006053.7,ENST00000563383.2,ENST00000564948.2,ENST00000565912.2,ENST00001134182.1	5	ENST00000006053.7,ENST00000563383.2,ENST00000564948.2,ENST00000565912.2,ENST00001134182.1	1	multiple_isoforms_same_probe_coverage
CX3CR1	5	11	5	0	11	ENST00000358309.3,ENST00000399220.3,ENST00000412814.1,ENST00000435290.1,ENST00000541347.5,ENST00000542107.5,ENST00000864857.2,ENST00000864858.2,ENST00000864859.2,ENST00000963325.2,ENST00001142910.1	9	ENST00000358309.3,ENST00000399220.3,ENST00000541347.5,ENST00000542107.5,ENST00000864857.2,ENST00000864858.2,ENST00000864859.2,ENST00000963325.2,ENST00001142910.1	2	multiple_isoforms_differential_probe_coverage
CXCL1	5	4	5	0	4	ENST00000395761.4,ENST00000509101.1,ENST00000951020.2,ENST00001137543.1	3	ENST00000395761.4,ENST00000951020.2,ENST00001137543.1	2	multiple_isoforms_differential_probe_coverage
CXCL10	5	2	5	0	2	ENST00000306602.3,ENST00001135003.1	2	ENST00000306602.3,ENST00001135003.1	1	multiple_isoforms_same_probe_coverage
CXCL12	5	11	5	0	11	ENST00000343575.11,ENST00000374426.7,ENST00000374429.7,ENST00000395793.8,ENST00000395794.3,ENST00000488591.1,ENST00000496375.1,ENST00000974573.1,ENST00000974575.1,ENST00001062159.1,ENST00001062160.1	3	ENST00000374429.7,ENST00000974573.1,ENST00000974575.1	4	multiple_isoforms_differential_probe_coverage
CXCL14	5	5	5	0	5	ENST00000337225.6,ENST00000512158.6,ENST00000867030.2,ENST00001106331.1,ENST00001139203.1	3	ENST00000337225.6,ENST00000512158.6,ENST00001139203.1	3	multiple_isoforms_differential_probe_coverage
CXCL16	5	10	5	0	10	ENST00000293778.12,ENST00000573123.1,ENST00000574412.6,ENST00000575168.1,ENST00000576153.6,ENST00000886021.2,ENST00000886022.2,ENST00000886023.2,ENST00001122962.1,ENST00001141250.1	6	ENST00000293778.12,ENST00000574412.6,ENST00000886021.2,ENST00000886022.2,ENST00000886023.2,ENST00001141250.1	4	multiple_isoforms_differential_probe_coverage
CXCL17	5	4	5	0	4	ENST00000341918.4,ENST00000601181.6,ENST00000869328.2,ENST00001140738.1	3	ENST00000601181.6,ENST00000869328.2,ENST00001140738.1	2	multiple_isoforms_differential_probe_coverage
CXCL2	5	9	5	0	9	ENST00000296031.4,ENST00000508487.3,ENST00000510048.1,ENST00000906203.1,ENST00000906204.2,ENST00000999124.1,ENST00000999125.1,ENST00001121534.1,ENST00001135447.1	5	ENST00000508487.3,ENST00000906203.1,ENST00000999124.1,ENST00001121534.1,ENST00001135447.1	3	multiple_isoforms_differential_probe_coverage
CXCL3	5	4	5	0	4	ENST00000296026.4,ENST00000502974.1,ENST00000510390.1,ENST00000511669.1	1	ENST00000296026.4	4	multiple_isoforms_differential_probe_coverage
CXCL5	5	3	5	0	3	ENST00000296027.5,ENST00001085533.1,ENST00001141535.1	3	ENST00000296027.5,ENST00001085533.1,ENST00001141535.1	1	multiple_isoforms_same_probe_coverage
CXCL6	5	4	5	0	3	ENST00000226317.10,ENST00000515050.2,ENST00001134958.1	2	ENST00000226317.10,ENST00001134958.1	2	multiple_isoforms_differential_probe_coverage
CXCL8	5	6	5	0	6	ENST00000307407.8,ENST00000401931.2,ENST00000483500.1,ENST00000696131.1,ENST00000696132.1,ENST00001138632.1	5	ENST00000307407.8,ENST00000401931.2,ENST00000696131.1,ENST00000696132.1,ENST00001138632.1	2	multiple_isoforms_differential_probe_coverage
CXCL9	5	2	5	0	2	ENST00000264888.6,ENST00001139269.1	2	ENST00000264888.6,ENST00001139269.1	1	multiple_isoforms_same_probe_coverage
CXCR1	5	2	5	0	2	ENST00000295683.3,ENST00001137677.1	2	ENST00000295683.3,ENST00001137677.1	1	multiple_isoforms_same_probe_coverage
CXCR2	5	14	5	0	12	ENST00000318507.7,ENST00000415392.5,ENST00000428565.1,ENST00000453237.5,ENST00000454148.1,ENST00000875238.2,ENST00000875239.2,ENST00000875240.2,ENST00000875241.2,ENST00000939647.1,ENST00000948534.2,ENST00001139092.1	8	ENST00000318507.7,ENST00000875238.2,ENST00000875239.2,ENST00000875240.2,ENST00000875241.2,ENST00000939647.1,ENST00000948534.2,ENST00001139092.1	3	multiple_isoforms_differential_probe_coverage
CXCR3	5	3	5	0	3	ENST00000373691.4,ENST00000373693.4,ENST00001135876.1	3	ENST00000373691.4,ENST00000373693.4,ENST00001135876.1	1	multiple_isoforms_same_probe_coverage
CXCR4	5	7	5	0	7	ENST00000241393.4,ENST00000409817.1,ENST00000466288.2,ENST00000696136.1,ENST00000696137.1,ENST00000696152.1,ENST00000696228.1	7	ENST00000241393.4,ENST00000409817.1,ENST00000466288.2,ENST00000696136.1,ENST00000696137.1,ENST00000696152.1,ENST00000696228.1	1	multiple_isoforms_same_probe_coverage
CXCR5	5	2	5	0	2	ENST00000292174.5,ENST00001142082.1	2	ENST00000292174.5,ENST00001142082.1	1	multiple_isoforms_same_probe_coverage
CXCR6	5	7	5	0	7	ENST00000304552.5,ENST00000438735.2,ENST00000457814.1,ENST00000458629.1,ENST00000965370.2,ENST00001091056.1,ENST00001142506.1	7	ENST00000304552.5,ENST00000438735.2,ENST00000457814.1,ENST00000458629.1,ENST00000965370.2,ENST00001091056.1,ENST00001142506.1	1	multiple_isoforms_same_probe_coverage
CYP19A1	5	31	5	0	27	ENST00000396402.6,ENST00000396404.9,ENST00000405011.6,ENST00000405913.8,ENST00000439712.6,ENST00000453807.6,ENST00000490076.2,ENST00000557858.6,ENST00000557934.5,ENST00000558328.5,ENST00000559646.1,ENST00000559653.1,ENST00000559878.6,ENST00000559980.5,ENST00000561075.5,ENST00000952752.2,ENST00000952753.2,ENST00000952754.2,ENST00000952755.2,ENST00001099082.1,ENST00001099083.1,ENST00001099084.1,ENST00001099085.1,ENST00001099086.1,ENST00001130387.1,ENST00001130388.1,ENST00001136531.1	9	ENST00000396402.6,ENST00000396404.9,ENST00000559878.6,ENST00000952753.2,ENST00000952754.2,ENST00000952755.2,ENST00001099083.1,ENST00001099084.1,ENST00001136531.1	4	multiple_isoforms_differential_probe_coverage
CYP1B1	5	15	5	0	14	ENST00000490576.3,ENST00000492443.1,ENST00000494864.2,ENST00000610745.5,ENST00000613082.1,ENST00000614273.2,ENST00000714520.2,ENST00000860003.2,ENST00000948951.2,ENST00000948952.2,ENST00000948953.2,ENST00000948954.2,ENST00000993112.1,ENST00001019730.1	11	ENST00000490576.3,ENST00000610745.5,ENST00000614273.2,ENST00000714520.2,ENST00000860003.2,ENST00000948951.2,ENST00000948952.2,ENST00000948953.2,ENST00000948954.2,ENST00000993112.1,ENST00001019730.1	4	multiple_isoforms_differential_probe_coverage
CYSTM1	5	27	5	0	27	ENST00000261811.6,ENST00000504227.5,ENST00000509589.5,ENST00000509789.2,ENST00000644078.2,ENST00000889043.1,ENST00000889044.2,ENST00000889045.2,ENST00000889046.2,ENST00000889047.2,ENST00000921948.2,ENST00000921949.2,ENST00000942652.2,ENST00001002542.1,ENST00001002543.1,ENST00001101100.1,ENST00001101101.1,ENST00001101102.1,ENST00001101103.1,ENST00001101104.1,ENST00001101105.1,ENST00001101106.1,ENST00001119124.1,ENST00001119125.1,ENST00001122141.1,ENST00001122142.1,ENST00001134514.1	8	ENST00000261811.6,ENST00000889044.2,ENST00000889045.2,ENST00000889046.2,ENST00000921948.2,ENST00001101101.1,ENST00001101102.1,ENST00001134514.1	3	multiple_isoforms_differential_probe_coverage
CYTOR	5	39	5	0	28	ENST00000331944.10,ENST00000409139.6,ENST00000409898.2,ENST00000413202.1,ENST00000414030.6,ENST00000414584.1,ENST00000419680.6,ENST00000423846.5,ENST00000437561.2,ENST00000455131.5,ENST00000642293.1,ENST00000642451.1,ENST00000642796.1,ENST00000643070.1,ENST00000643321.1,ENST00000643509.1,ENST00000643589.1,ENST00000643743.1,ENST00000644040.1,ENST00000644125.1,ENST00000644577.1,ENST00000644976.1,ENST00000645138.1,ENST00000645257.1,ENST00000645729.1,ENST00000646386.1,ENST00000646636.1,ENST00000703011.1	0		5	multiple_isoforms_differential_probe_coverage
DCN	5	51	5	0	49	ENST00000052754.10,ENST00000393155.6,ENST00000420120.6,ENST00000425043.5,ENST00000441303.6,ENST00000456569.2,ENST00000546370.6,ENST00000546391.5,ENST00000546745.6,ENST00000547568.6,ENST00000547937.5,ENST00000548218.1,ENST00000549513.5,ENST00000550099.6,ENST00000550563.5,ENST00000551354.2,ENST00000552145.5,ENST00000552962.6,ENST00000880701.2,ENST00000880702.2,ENST00000880703.2,ENST00000880704.2,ENST00000880705.2,ENST00000880706.2,ENST00000880707.2,ENST00000880708.2,ENST00000880709.2,ENST00000880710.2,ENST00000970668.2,ENST00000970669.2,ENST00000970670.2,ENST00000970671.2,ENST00000970672.2,ENST00000995074.1,ENST00000995075.1,ENST00000995076.1,ENST00000995077.1,ENST00000995079.1,ENST00000995080.1,ENST00000995081.1,ENST00001055095.1,ENST00001055096.1,ENST00001055097.1,ENST00001055113.1,ENST00001109606.1,ENST00001109607.1,ENST00001109608.1,ENST00001109609.1,ENST00001137396.1	20	ENST00000052754.10,ENST00000552962.6,ENST00000880701.2,ENST00000880702.2,ENST00000880703.2,ENST00000880704.2,ENST00000880705.2,ENST00000880706.2,ENST00000880707.2,ENST00000880708.2,ENST00000880709.2,ENST00000880710.2,ENST00000970668.2,ENST00000970669.2,ENST00000970670.2,ENST00000970671.2,ENST00000970672.2,ENST00000995074.1,ENST00000995076.1,ENST00001137396.1	3	multiple_isoforms_differential_probe_coverage
DDC	5	46	5	0	44	ENST00000357936.10,ENST00000380984.5,ENST00000420203.1,ENST00000426377.6,ENST00000430300.5,ENST00000431062.6,ENST00000444124.7,ENST00000444733.5,ENST00000494914.1,ENST00000615193.5,ENST00000617822.5,ENST00000622873.5,ENST00000897736.1,ENST00000897737.2,ENST00000897738.2,ENST00000897739.2,ENST00000897740.2,ENST00000897741.2,ENST00000897742.2,ENST00000897743.2,ENST00000897744.2,ENST00000897745.2,ENST00000897746.2,ENST00000897747.2,ENST00000897748.2,ENST00000897749.2,ENST00000897750.2,ENST00000897751.2,ENST00000897752.2,ENST00000897753.2,ENST00000897754.2,ENST00000897755.2,ENST00000897756.2,ENST00000897757.2,ENST00000897758.2,ENST00000962221.2,ENST00000962222.2,ENST00000962223.2,ENST00000994821.1,ENST00001094289.1,ENST00001111251.1,ENST00001111252.1,ENST00001111253.1,ENST00001137191.1	25	ENST00000357936.10,ENST00000426377.6,ENST00000431062.6,ENST00000444124.7,ENST00000615193.5,ENST00000617822.5,ENST00000622873.5,ENST00000897736.1,ENST00000897737.2,ENST00000897738.2,ENST00000897739.2,ENST00000897740.2,ENST00000897741.2,ENST00000897747.2,ENST00000897750.2,ENST00000897751.2,ENST00000897752.2,ENST00000897753.2,ENST00000897754.2,ENST00000897755.2,ENST00000897756.2,ENST00000897758.2,ENST00000962221.2,ENST00000962223.2,ENST00001137191.1	5	multiple_isoforms_differential_probe_coverage
DDIT3	5	24	5	0	24	ENST00000346473.8,ENST00000547303.6,ENST00000547526.1,ENST00000551116.6,ENST00000552740.5,ENST00000623876.3,ENST00000999955.1,ENST00000999956.1,ENST00000999957.1,ENST00000999958.1,ENST00000999959.1,ENST00001009926.1,ENST00001105322.1,ENST00001105323.1,ENST00001105324.1,ENST00001105325.1,ENST00001105326.1,ENST00001105327.1,ENST00001105328.1,ENST00001105329.1,ENST00001105330.1,ENST00001117696.1,ENST00001117697.1,ENST00001139982.1	20	ENST00000346473.8,ENST00000547303.6,ENST00000551116.6,ENST00000623876.3,ENST00000999955.1,ENST00000999957.1,ENST00000999959.1,ENST00001009926.1,ENST00001105322.1,ENST00001105323.1,ENST00001105324.1,ENST00001105325.1,ENST00001105326.1,ENST00001105327.1,ENST00001105328.1,ENST00001105329.1,ENST00001105330.1,ENST00001117696.1,ENST00001117697.1,ENST00001139982.1	3	multiple_isoforms_differential_probe_coverage
DDR1	5	249	5	0	222	ENST00000259875.11,ENST00000324771.13,ENST00000376567.7,ENST00000376568.8,ENST00000376569.8,ENST00000376570.9,ENST00000376575.7,ENST00000383377.6,ENST00000396342.6,ENST00000400407.5,ENST00000400410.5,ENST00000400411.5,ENST00000400414.5,ENST00000400484.5,ENST00000400486.5,ENST00000400488.5,ENST00000400489.7,ENST00000400491.5,ENST00000400492.5,ENST00000412274.6,ENST00000412329.5,ENST00000413044.5,ENST00000413115.5,ENST00000414077.5,ENST00000414378.5,ENST00000414794.5,ENST00000415092.5,ENST00000416705.5,ENST00000417521.5,ENST00000418397.5,ENST00000418800.7,ENST00000419285.5,ENST00000419412.5,ENST00000420929.5,ENST00000421124.6,ENST00000421229.6,ENST00000421499.5,ENST00000421672.5,ENST00000422275.5,ENST00000422628.5,ENST00000424544.2,ENST00000426303.5,ENST00000427053.6,ENST00000428153.6,ENST00000429699.5,ENST00000429955.5,ENST00000430486.1,ENST00000430933.5,ENST00000431334.5,ENST00000431373.1,ENST00000433244.5,ENST00000433322.5,ENST00000433393.5,ENST00000434134.5,ENST00000434428.5,ENST00000434782.5,ENST00000435818.5,ENST00000437124.6,ENST00000437449.5,ENST00000438728.5,ENST00000439604.1,ENST00000439772.5,ENST00000440427.5,ENST00000442268.5,ENST00000444160.5,ENST00000444198.5,ENST00000445017.5,ENST00000445749.5,ENST00000446312.6,ENST00000448263.5,ENST00000448651.5,ENST00000449518.5,ENST00000451632.5,ENST00000452052.5,ENST00000452441.6,ENST00000453391.5,ENST00000453510.5,ENST00000454377.5,ENST00000454612.7,ENST00000454774.5,ENST00000458576.5,ENST00000460152.1,ENST00000460944.6,ENST00000461551.5,ENST00000462241.5,ENST00000468225.5,ENST00000469592.1,ENST00000470720.1,ENST00000473596.5,ENST00000474440.1,ENST00000482873.6,ENST00000483193.5,ENST00000484230.1,ENST00000485023.1,ENST00000487780.5,ENST00000488414.5,ENST00000490403.1,ENST00000490712.5,ENST00000490817.1,ENST00000491012.1,ENST00000502955.5,ENST00000503180.5,ENST00000503495.5,ENST00000503628.5,ENST00000503670.5,ENST00000504152.5,ENST00000504651.5,ENST00000504679.5,ENST00000504927.5,ENST00000505066.5,ENST00000505534.5,ENST00000507046.5,ENST00000507533.1,ENST00000507901.5,ENST00000508312.6,ENST00000508317.5,ENST00000508472.5,ENST00000509639.5,ENST00000511510.5,ENST00000512336.5,ENST00000512694.5,ENST00000512725.5,ENST00000513043.5,ENST00000513240.5,ENST00000513243.5,ENST00000513749.5,ENST00000515219.5,ENST00000515233.5,ENST00000515881.5,ENST00000548133.4,ENST00000548693.4,ENST00000548962.5,ENST00000549026.3,ENST00000550384.5,ENST00000550395.5,ENST00000550666.3,ENST00000552068.5,ENST00000552434.5,ENST00000552721.4,ENST00000553015.5,ENST00000616404.2,ENST00000617572.3,ENST00000618059.2,ENST00000620318.4,ENST00000621544.4,ENST00000908924.1,ENST00000908925.2,ENST00000908926.2,ENST00000908927.1,ENST00000908928.2,ENST00000908929.2,ENST00000908930.2,ENST00000908931.2,ENST00000908932.2,ENST00000908933.2,ENST00000908934.2,ENST00000908935.2,ENST00000908936.2,ENST00000908937.2,ENST00000908938.2,ENST00000908939.2,ENST00000908940.2,ENST00000908941.2,ENST00000908942.2,ENST00000908943.2,ENST00000908944.2,ENST00000908945.2,ENST00000908946.2,ENST00000908947.2,ENST00000908948.2,ENST00000908949.2,ENST00000908950.2,ENST00000908951.2,ENST00000908952.2,ENST00000908953.2,ENST00000908954.2,ENST00000908955.2,ENST00000908956.2,ENST00000908957.2,ENST00000908958.2,ENST00000937421.2,ENST00000937422.2,ENST00000937423.2,ENST00000937424.2,ENST00000937425.2,ENST00000937426.2,ENST00000937427.2,ENST00000937428.2,ENST00000937429.2,ENST00000937430.2,ENST00000937431.2,ENST00000937432.2,ENST00000937433.2,ENST00000937434.2,ENST00000937435.2,ENST00000937436.2,ENST00000937437.2,ENST00000937438.2,ENST00000937439.2,ENST00000937440.2,ENST00000937441.2,ENST00000937442.2,ENST00000956419.2,ENST00000956420.2,ENST00000956421.2,ENST00000956422.2,ENST00000956423.2,ENST00000956424.2,ENST00000956425.2,ENST00000956426.2,ENST00000956427.2,ENST00000956428.2,ENST00000956429.2,ENST00001008795.1,ENST00001008796.1,ENST00001008797.1,ENST00001008798.1,ENST00001008799.1,ENST00001008801.1,ENST00001021493.1,ENST00001081613.1,ENST00001139673.1	114	ENST00000259875.11,ENST00000324771.13,ENST00000376567.7,ENST00000376568.8,ENST00000376569.8,ENST00000376570.9,ENST00000383377.6,ENST00000400410.5,ENST00000400411.5,ENST00000400414.5,ENST00000400486.5,ENST00000400488.5,ENST00000400489.7,ENST00000400491.5,ENST00000400492.5,ENST00000418800.7,ENST00000419412.5,ENST00000421229.6,ENST00000429699.5,ENST00000430933.5,ENST00000446312.6,ENST00000452441.6,ENST00000454612.7,ENST00000454774.5,ENST00000468225.5,ENST00000482873.6,ENST00000487780.5,ENST00000490712.5,ENST00000508312.6,ENST00000513240.5,ENST00000548693.4,ENST00000549026.3,ENST00000550384.5,ENST00000550395.5,ENST00000552068.5,ENST00000552434.5,ENST00000552721.4,ENST00000553015.5,ENST00000616404.2,ENST00000908924.1,ENST00000908925.2,ENST00000908926.2,ENST00000908927.1,ENST00000908928.2,ENST00000908929.2,ENST00000908930.2,ENST00000908931.2,ENST00000908932.2,ENST00000908933.2,ENST00000908934.2,ENST00000908935.2,ENST00000908936.2,ENST00000908937.2,ENST00000908938.2,ENST00000908939.2,ENST00000908940.2,ENST00000908941.2,ENST00000908942.2,ENST00000908943.2,ENST00000908944.2,ENST00000908945.2,ENST00000908946.2,ENST00000908947.2,ENST00000908948.2,ENST00000908949.2,ENST00000908950.2,ENST00000908951.2,ENST00000908952.2,ENST00000908953.2,ENST00000908954.2,ENST00000908955.2,ENST00000908956.2,ENST00000908957.2,ENST00000908958.2,ENST00000937421.2,ENST00000937422.2,ENST00000937423.2,ENST00000937424.2,ENST00000937425.2,ENST00000937426.2,ENST00000937428.2,ENST00000937429.2,ENST00000937430.2,ENST00000937431.2,ENST00000937432.2,ENST00000937433.2,ENST00000937434.2,ENST00000937435.2,ENST00000937436.2,ENST00000937437.2,ENST00000937438.2,ENST00000937439.2,ENST00000937440.2,ENST00000937441.2,ENST00000937442.2,ENST00000956420.2,ENST00000956421.2,ENST00000956422.2,ENST00000956423.2,ENST00000956424.2,ENST00000956425.2,ENST00000956426.2,ENST00000956427.2,ENST00000956428.2,ENST00000956429.2,ENST00001008795.1,ENST00001008796.1,ENST00001008797.1,ENST00001008798.1,ENST00001008799.1,ENST00001008801.1,ENST00001021493.1,ENST00001081613.1,ENST00001139673.1	5	multiple_isoforms_differential_probe_coverage
DDR2	5	29	5	0	27	ENST00000367921.8,ENST00000367922.8,ENST00000415555.5,ENST00000433757.1,ENST00000446985.7,ENST00000458105.1,ENST00000672207.1,ENST00000877159.2,ENST00000877160.2,ENST00000877161.2,ENST00000877162.2,ENST00000877163.2,ENST00000877164.2,ENST00000877165.2,ENST00000877166.2,ENST00000877167.2,ENST00000877168.2,ENST00000877169.2,ENST00000877170.2,ENST00000877171.2,ENST00000877172.2,ENST00000966492.2,ENST00000966493.2,ENST00000966494.2,ENST00000966495.2,ENST00001126022.1,ENST00001145176.1	23	ENST00000367921.8,ENST00000367922.8,ENST00000446985.7,ENST00000672207.1,ENST00000877159.2,ENST00000877160.2,ENST00000877161.2,ENST00000877162.2,ENST00000877163.2,ENST00000877164.2,ENST00000877165.2,ENST00000877166.2,ENST00000877167.2,ENST00000877168.2,ENST00000877169.2,ENST00000877170.2,ENST00000877171.2,ENST00000966492.2,ENST00000966493.2,ENST00000966494.2,ENST00000966495.2,ENST00001126022.1,ENST00001145176.1	3	multiple_isoforms_differential_probe_coverage
DDX58	5	22	5	0	21	ENST00000379868.7,ENST00000379883.3,ENST00000679662.1,ENST00000679665.1,ENST00000679771.1,ENST00000679859.2,ENST00000680733.1,ENST00000680883.1,ENST00000681352.1,ENST00000715269.1,ENST00000715270.1,ENST00000715271.1,ENST00000896058.2,ENST00000896059.2,ENST00000896060.2,ENST00000896061.2,ENST00000932231.2,ENST00000969568.2,ENST00000999580.1,ENST00000999581.1,ENST00001137047.1	12	ENST00000379868.7,ENST00000379883.3,ENST00000679771.1,ENST00000680733.1,ENST00000715269.1,ENST00000715270.1,ENST00000715271.1,ENST00000896059.2,ENST00000896060.2,ENST00000896061.2,ENST00000932231.2,ENST00001137047.1	5	multiple_isoforms_differential_probe_coverage
DHRS2	5	19	5	0	19	ENST00000250383.11,ENST00000344777.12,ENST00000432832.6,ENST00000553600.1,ENST00000553896.5,ENST00000556550.1,ENST00000556701.5,ENST00000556729.1,ENST00000557535.5,ENST00000611765.5,ENST00000897469.2,ENST00000897470.2,ENST00000897471.2,ENST00000897472.2,ENST00001008188.1,ENST00001008189.1,ENST00001008190.1,ENST00001008191.1,ENST00001008192.1	14	ENST00000250383.11,ENST00000344777.12,ENST00000556701.5,ENST00000556729.1,ENST00000611765.5,ENST00000897469.2,ENST00000897470.2,ENST00000897471.2,ENST00000897472.2,ENST00001008188.1,ENST00001008189.1,ENST00001008190.1,ENST00001008191.1,ENST00001008192.1	3	multiple_isoforms_differential_probe_coverage
DLL1	5	17	5	0	15	ENST00000366756.4,ENST00000616526.2,ENST00000876123.2,ENST00000876124.2,ENST00000876125.2,ENST00000876126.2,ENST00000876127.2,ENST00000876128.2,ENST00000915772.2,ENST00000915773.2,ENST00000915774.2,ENST00000966432.2,ENST00000966433.2,ENST00001112700.1,ENST00001133417.1	14	ENST00000366756.4,ENST00000616526.2,ENST00000876123.2,ENST00000876124.2,ENST00000876125.2,ENST00000876126.2,ENST00000876127.2,ENST00000876128.2,ENST00000915772.2,ENST00000915773.2,ENST00000915774.2,ENST00000966432.2,ENST00000966433.2,ENST00001133417.1	2	multiple_isoforms_differential_probe_coverage
DMBT1	5	23	5	0	17	ENST00000330163.9,ENST00000338354.10,ENST00000344338.8,ENST00000368909.8,ENST00000368955.8,ENST00000368956.7,ENST00000619379.2,ENST00000652446.3,ENST00000653442.1,ENST00000654082.1,ENST00000657942.2,ENST00000663574.1,ENST00000664692.1,ENST00000664974.1,ENST00000666315.2,ENST00000866238.2,ENST00001138678.1	15	ENST00000330163.9,ENST00000338354.10,ENST00000344338.8,ENST00000368909.8,ENST00000368955.8,ENST00000368956.7,ENST00000619379.2,ENST00000652446.3,ENST00000653442.1,ENST00000657942.2,ENST00000664692.1,ENST00000664974.1,ENST00000666315.2,ENST00000866238.2,ENST00001138678.1	3	multiple_isoforms_differential_probe_coverage
DNMT1	5	62	5	0	49	ENST00000340748.9,ENST00000359526.9,ENST00000585843.1,ENST00000586588.5,ENST00000586667.2,ENST00000586799.1,ENST00000586800.5,ENST00000586988.5,ENST00000587197.1,ENST00000588118.5,ENST00000588913.5,ENST00000588952.5,ENST00000589349.5,ENST00000589351.6,ENST00000591764.1,ENST00000592054.5,ENST00000592342.5,ENST00000592705.5,ENST00000676604.1,ENST00000676610.2,ENST00000676820.1,ENST00000676868.1,ENST00000677013.1,ENST00000677250.1,ENST00000677616.1,ENST00000677634.1,ENST00000677685.1,ENST00000677783.1,ENST00000677946.2,ENST00000678024.1,ENST00000678107.1,ENST00000678239.1,ENST00000678647.1,ENST00000678694.1,ENST00000678804.2,ENST00000678957.1,ENST00000679100.1,ENST00000679103.2,ENST00000679313.2,ENST00000917926.2,ENST00000917927.2,ENST00000917928.2,ENST00000917929.2,ENST00001058037.1,ENST00001058038.1,ENST00001058039.1,ENST00001058042.1,ENST00001118058.1,ENST00001140293.1	21	ENST00000340748.9,ENST00000359526.9,ENST00000592705.5,ENST00000676610.2,ENST00000676820.1,ENST00000677013.1,ENST00000677250.1,ENST00000677616.1,ENST00000677634.1,ENST00000677946.2,ENST00000678804.2,ENST00000679103.2,ENST00000679313.2,ENST00000917926.2,ENST00000917927.2,ENST00000917928.2,ENST00000917929.2,ENST00001058037.1,ENST00001058038.1,ENST00001058042.1,ENST00001140293.1	5	multiple_isoforms_differential_probe_coverage
DNMT3A	5	33	5	0	27	ENST00000264709.7,ENST00000321117.10,ENST00000380746.9,ENST00000380756.7,ENST00000402667.2,ENST00000461228.1,ENST00000466601.5,ENST00000470983.5,ENST00000474807.5,ENST00000474887.6,ENST00000482935.5,ENST00000484184.1,ENST00000491288.5,ENST00000683393.1,ENST00000683760.2,ENST00000861234.2,ENST00000861235.2,ENST00000861236.2,ENST00000938699.2,ENST00000938700.2,ENST00000960044.2,ENST00001002021.1,ENST00001039952.1,ENST00001039953.1,ENST00001039955.1,ENST00001039956.1,ENST00001142781.1	18	ENST00000264709.7,ENST00000321117.10,ENST00000380746.9,ENST00000380756.7,ENST00000402667.2,ENST00000683760.2,ENST00000861234.2,ENST00000861235.2,ENST00000861236.2,ENST00000938699.2,ENST00000938700.2,ENST00000960044.2,ENST00001002021.1,ENST00001039952.1,ENST00001039953.1,ENST00001039955.1,ENST00001039956.1,ENST00001142781.1	5	multiple_isoforms_differential_probe_coverage
DNTT	5	3	5	0	3	ENST00000371174.5,ENST00000630152.2,ENST00001142792.1	3	ENST00000371174.5,ENST00000630152.2,ENST00001142792.1	1	multiple_isoforms_same_probe_coverage
DPP4	5	34	5	0	32	ENST00000360534.8,ENST00000413651.3,ENST00000416189.6,ENST00000434918.6,ENST00000461836.6,ENST00000490286.5,ENST00000491591.5,ENST00000494507.2,ENST00000497461.5,ENST00000676479.1,ENST00000676624.1,ENST00000676768.2,ENST00000676810.2,ENST00000676996.1,ENST00000677015.1,ENST00000677212.1,ENST00000678522.1,ENST00000678566.1,ENST00000678583.1,ENST00000678668.2,ENST00000678740.1,ENST00000679104.1,ENST00000881342.2,ENST00000881343.2,ENST00000980209.1,ENST00000980210.1,ENST00000980211.1,ENST00001043100.1,ENST00001071929.1,ENST00001111167.1,ENST00001111168.1,ENST00001138191.1	17	ENST00000360534.8,ENST00000434918.6,ENST00000676479.1,ENST00000676624.1,ENST00000676810.2,ENST00000676996.1,ENST00000677212.1,ENST00000678522.1,ENST00000678566.1,ENST00000678668.2,ENST00000678740.1,ENST00000679104.1,ENST00000881342.2,ENST00000881343.2,ENST00000980209.1,ENST00000980211.1,ENST00001138191.1	5	multiple_isoforms_differential_probe_coverage
DST	5	42	5	0	16	ENST00000244364.11,ENST00000312431.11,ENST00000361203.8,ENST00000370765.11,ENST00000370788.7,ENST00000421834.8,ENST00000439203.5,ENST00000449297.8,ENST00000518935.5,ENST00000520645.7,ENST00000521104.1,ENST00000522360.5,ENST00000523967.5,ENST00000652573.1,ENST00000680361.1,ENST00001141268.1	13	ENST00000244364.11,ENST00000312431.11,ENST00000361203.8,ENST00000370765.11,ENST00000370788.7,ENST00000421834.8,ENST00000439203.5,ENST00000449297.8,ENST00000518935.5,ENST00000520645.7,ENST00000652573.1,ENST00000680361.1,ENST00001141268.1	3	multiple_isoforms_differential_probe_coverage
DUSP1	5	11	5	0	11	ENST00000239223.4,ENST00000868089.2,ENST00000868090.2,ENST00000868091.2,ENST00000868092.2,ENST00000993198.1,ENST00000993199.1,ENST00000993201.1,ENST00001117281.1,ENST00001117282.1,ENST00001132611.1	8	ENST00000239223.4,ENST00000868089.2,ENST00000868090.2,ENST00000868092.2,ENST00000993201.1,ENST00001117281.1,ENST00001117282.1,ENST00001132611.1	2	multiple_isoforms_differential_probe_coverage
DUSP2	5	4	5	0	4	ENST00000288943.5,ENST00000488952.1,ENST00000718436.2,ENST00000914868.2	3	ENST00000288943.5,ENST00000718436.2,ENST00000914868.2	2	multiple_isoforms_differential_probe_coverage
DUSP4	5	3	5	0	3	ENST00000240100.7,ENST00000240101.3,ENST00001133083.1	3	ENST00000240100.7,ENST00000240101.3,ENST00001133083.1	1	multiple_isoforms_same_probe_coverage
DUSP5	5	7	5	0	7	ENST00000369583.4,ENST00000468749.1,ENST00000895745.2,ENST00000925260.2,ENST00001025980.1,ENST00001118050.1,ENST00001143185.1	3	ENST00000369583.4,ENST00000925260.2,ENST00001143185.1	4	multiple_isoforms_differential_probe_coverage
DUSP6	5	9	5	0	8	ENST00000279488.8,ENST00000308385.7,ENST00000547291.2,ENST00000548755.1,ENST00000924807.2,ENST00001038024.1,ENST00001082708.1,ENST00001142287.1	5	ENST00000279488.8,ENST00000308385.7,ENST00000924807.2,ENST00001082708.1,ENST00001142287.1	3	multiple_isoforms_differential_probe_coverage
EFNA1	5	10	5	0	10	ENST00000368406.3,ENST00000368407.8,ENST00000469878.5,ENST00000474413.5,ENST00000497282.1,ENST00000899924.2,ENST00000974322.1,ENST00000974323.1,ENST00000974325.1,ENST00001145818.1	5	ENST00000368406.3,ENST00000368407.8,ENST00000974323.1,ENST00000974325.1,ENST00001145818.1	4	multiple_isoforms_differential_probe_coverage
EFNA4	5	8	5	0	8	ENST00000359751.8,ENST00000368409.8,ENST00000427683.3,ENST00000987305.1,ENST00000987306.1,ENST00001104528.1,ENST00001122572.1,ENST00001144342.1	7	ENST00000359751.8,ENST00000368409.8,ENST00000427683.3,ENST00000987305.1,ENST00000987306.1,ENST00001104528.1,ENST00001144342.1	2	multiple_isoforms_differential_probe_coverage
EFNA5	5	6	5	0	5	ENST00000333274.11,ENST00000504941.1,ENST00000505499.1,ENST00000509503.2,ENST00001132193.1	3	ENST00000333274.11,ENST00000509503.2,ENST00001132193.1	2	multiple_isoforms_differential_probe_coverage
EFNB1	5	4	5	0	4	ENST00000204961.5,ENST00000851101.2,ENST00001124047.1,ENST00001133522.1	4	ENST00000204961.5,ENST00000851101.2,ENST00001124047.1,ENST00001133522.1	1	multiple_isoforms_same_probe_coverage
EFNB2	5	7	5	0	6	ENST00000646441.1,ENST00000955444.2,ENST00001051745.1,ENST00001127055.1,ENST00001127056.1,ENST00001131593.1	5	ENST00000646441.1,ENST00000955444.2,ENST00001051745.1,ENST00001127055.1,ENST00001131593.1	2	multiple_isoforms_differential_probe_coverage
EFNB3	5	4	5	0	4	ENST00000226091.3,ENST00001119444.1,ENST00001119445.1,ENST00001141774.1	2	ENST00000226091.3,ENST00001141774.1	2	multiple_isoforms_differential_probe_coverage
EGF	5	23	5	0	17	ENST00000265171.10,ENST00000502579.1,ENST00000503392.2,ENST00000504633.1,ENST00000509793.6,ENST00000541061.1,ENST00000652245.2,ENST00000868529.2,ENST00000868530.2,ENST00000868531.2,ENST00000868532.2,ENST00000868533.2,ENST00000934497.2,ENST00000951655.2,ENST00000995575.1,ENST00001013523.1,ENST00001133260.1	13	ENST00000265171.10,ENST00000503392.2,ENST00000509793.6,ENST00000652245.2,ENST00000868529.2,ENST00000868530.2,ENST00000868531.2,ENST00000868533.2,ENST00000934497.2,ENST00000951655.2,ENST00000995575.1,ENST00001013523.1,ENST00001133260.1	5	multiple_isoforms_differential_probe_coverage
EGFR	5	23	5	0	15	ENST00000275493.7,ENST00000342916.8,ENST00000344576.8,ENST00000420316.7,ENST00000450046.3,ENST00000455089.6,ENST00000700144.1,ENST00000700145.1,ENST00000898199.2,ENST00000898200.2,ENST00000898201.2,ENST00000898202.2,ENST00000998125.1,ENST00001110465.1,ENST00001134423.1	11	ENST00000275493.7,ENST00000342916.8,ENST00000344576.8,ENST00000450046.3,ENST00000455089.6,ENST00000898199.2,ENST00000898200.2,ENST00000898202.2,ENST00000998125.1,ENST00001110465.1,ENST00001134423.1	3	multiple_isoforms_differential_probe_coverage
EIF5A	5	63	5	0	63	ENST00000336452.12,ENST00000336458.13,ENST00000355068.4,ENST00000416016.3,ENST00000419711.7,ENST00000571955.6,ENST00000572815.6,ENST00000573542.6,ENST00000573714.5,ENST00000575001.1,ENST00000576930.6,ENST00000672043.1,ENST00000672250.1,ENST00000672326.1,ENST00000672451.1,ENST00000672755.1,ENST00000672765.1,ENST00000673099.1,ENST00000673105.1,ENST00000673210.1,ENST00000673259.1,ENST00000673304.1,ENST00000894295.2,ENST00000894296.2,ENST00000894297.2,ENST00000894298.2,ENST00000894299.2,ENST00000894300.1,ENST00000894301.2,ENST00000894302.2,ENST00000894303.2,ENST00000894304.2,ENST00000894305.2,ENST00000894306.2,ENST00000894307.2,ENST00000894308.2,ENST00000894309.2,ENST00000894310.2,ENST00000939950.2,ENST00000939951.2,ENST00000939952.2,ENST00000939953.2,ENST00000939954.2,ENST00000939955.2,ENST00000939956.2,ENST00000939957.2,ENST00000939958.2,ENST00000939959.2,ENST00000939960.2,ENST00000939961.2,ENST00000939962.2,ENST00000939963.2,ENST00000939964.2,ENST00000939965.2,ENST00000939966.2,ENST00000939967.2,ENST00000943430.2,ENST00000943431.2,ENST00000943432.2,ENST00000943433.2,ENST00000943434.1,ENST00000943435.2,ENST00001141886.1	54	ENST00000336452.12,ENST00000336458.13,ENST00000416016.3,ENST00000419711.7,ENST00000571955.6,ENST00000572815.6,ENST00000573542.6,ENST00000576930.6,ENST00000672250.1,ENST00000672755.1,ENST00000672765.1,ENST00000673099.1,ENST00000673210.1,ENST00000673259.1,ENST00000894295.2,ENST00000894296.2,ENST00000894297.2,ENST00000894298.2,ENST00000894299.2,ENST00000894300.1,ENST00000894301.2,ENST00000894302.2,ENST00000894303.2,ENST00000894304.2,ENST00000894305.2,ENST00000894306.2,ENST00000894307.2,ENST00000894308.2,ENST00000894309.2,ENST00000894310.2,ENST00000939950.2,ENST00000939951.2,ENST00000939952.2,ENST00000939953.2,ENST00000939954.2,ENST00000939955.2,ENST00000939956.2,ENST00000939957.2,ENST00000939958.2,ENST00000939960.2,ENST00000939961.2,ENST00000939962.2,ENST00000939963.2,ENST00000939964.2,ENST00000939965.2,ENST00000939966.2,ENST00000939967.2,ENST00000943430.2,ENST00000943431.2,ENST00000943432.2,ENST00000943433.2,ENST00000943434.1,ENST00000943435.2,ENST00001141886.1	5	multiple_isoforms_differential_probe_coverage
ELANE	5	6	5	0	6	ENST00000263621.2,ENST00000590230.6,ENST00000615489.1,ENST00000632488.1,ENST00000958526.2,ENST00001140620.1	6	ENST00000263621.2,ENST00000590230.6,ENST00000615489.1,ENST00000632488.1,ENST00000958526.2,ENST00001140620.1	1	multiple_isoforms_same_probe_coverage
EMP3	5	25	5	0	24	ENST00000270221.11,ENST00000593437.1,ENST00000596315.6,ENST00000597057.1,ENST00000597279.6,ENST00000597529.1,ENST00000599255.5,ENST00000599704.5,ENST00000850572.2,ENST00000859923.2,ENST00000859924.2,ENST00000859925.2,ENST00000859926.2,ENST00000859927.2,ENST00000859928.2,ENST00000859929.2,ENST00000935119.2,ENST00000964536.2,ENST00000964537.2,ENST00000982600.1,ENST00000982601.1,ENST00001093474.1,ENST00001093475.1,ENST00001142478.1	4	ENST00000597279.6,ENST00000859924.2,ENST00000859927.2,ENST00000964536.2	5	multiple_isoforms_differential_probe_coverage
ENG	5	63	5	0	63	ENST00000344849.5,ENST00000373203.9,ENST00000462196.2,ENST00000480266.7,ENST00000486329.1,ENST00000713956.1,ENST00000713957.1,ENST00000713995.1,ENST00000713996.1,ENST00000713997.2,ENST00000714046.2,ENST00000714047.2,ENST00000714076.2,ENST00000714077.2,ENST00000714078.1,ENST00000714079.1,ENST00000714080.1,ENST00000714081.1,ENST00000714082.2,ENST00000714083.1,ENST00000714084.2,ENST00000714102.2,ENST00000714103.1,ENST00000714126.1,ENST00000714127.1,ENST00000886302.2,ENST00000886303.2,ENST00000886304.2,ENST00000886305.2,ENST00000886306.2,ENST00000886307.2,ENST00000886308.2,ENST00000886309.2,ENST00000886310.2,ENST00000942917.1,ENST00000942918.2,ENST00000942919.2,ENST00000942920.2,ENST00000942921.2,ENST00000942922.2,ENST00000942923.2,ENST00000987120.1,ENST00000987123.1,ENST00001020278.1,ENST00001020279.1,ENST00001020282.1,ENST00001020283.1,ENST00001020284.1,ENST00001020286.1,ENST00001020290.1,ENST00001020292.1,ENST00001020293.1,ENST00001020295.1,ENST00001020296.1,ENST00001020297.1,ENST00001108795.1,ENST00001108796.1,ENST00001112487.1,ENST00001112488.1,ENST00001112489.1,ENST00001112490.1,ENST00001126442.1,ENST00001141124.1	40	ENST00000344849.5,ENST00000373203.9,ENST00000462196.2,ENST00000480266.7,ENST00000713956.1,ENST00000713957.1,ENST00000713996.1,ENST00000713997.2,ENST00000714046.2,ENST00000714047.2,ENST00000714077.2,ENST00000714081.1,ENST00000714082.2,ENST00000714083.1,ENST00000714084.2,ENST00000714102.2,ENST00000886304.2,ENST00000886305.2,ENST00000886306.2,ENST00000886308.2,ENST00000886310.2,ENST00000942917.1,ENST00000942918.2,ENST00000942919.2,ENST00000942921.2,ENST00000942922.2,ENST00000942923.2,ENST00001020278.1,ENST00001020279.1,ENST00001020282.1,ENST00001020283.1,ENST00001020284.1,ENST00001020286.1,ENST00001020290.1,ENST00001020292.1,ENST00001020293.1,ENST00001020295.1,ENST00001020296.1,ENST00001020297.1,ENST00001141124.1	5	multiple_isoforms_differential_probe_coverage
ENTPD1	5	28	5	0	27	ENST00000371205.5,ENST00000371206.6,ENST00000371207.8,ENST00000422161.2,ENST00000453258.7,ENST00000483213.6,ENST00000490659.5,ENST00000494070.1,ENST00000543964.6,ENST00000635076.1,ENST00000635677.1,ENST00000639992.1,ENST00000859523.1,ENST00000859524.1,ENST00000859525.1,ENST00000859526.1,ENST00000859527.1,ENST00000953039.1,ENST00000953040.1,ENST00000953041.1,ENST00001036709.1,ENST00001102904.1,ENST00001112262.1,ENST00001119324.1,ENST00001119325.1,ENST00001119326.1,ENST00001125367.1	14	ENST00000371205.5,ENST00000371207.8,ENST00000453258.7,ENST00000543964.6,ENST00000635076.1,ENST00000639992.1,ENST00000859524.1,ENST00000859525.1,ENST00001036709.1,ENST00001102904.1,ENST00001112262.1,ENST00001119324.1,ENST00001119326.1,ENST00001125367.1	5	multiple_isoforms_differential_probe_coverage
EOMES	5	4	5	0	4	ENST00000295743.8,ENST00000449599.4,ENST00000461503.3,ENST00001144104.1	4	ENST00000295743.8,ENST00000449599.4,ENST00000461503.3,ENST00001144104.1	1	multiple_isoforms_same_probe_coverage
EPCAM	5	23	5	0	23	ENST00000263735.9,ENST00000405271.6,ENST00000419334.1,ENST00000456133.5,ENST00000474691.1,ENST00000490733.1,ENST00000895681.1,ENST00000895682.2,ENST00000895683.2,ENST00000895684.2,ENST00000895685.1,ENST00000934495.2,ENST00000934496.2,ENST00000983074.1,ENST00000983075.1,ENST00001050079.1,ENST00001050081.1,ENST00001079082.1,ENST00001079083.1,ENST00001079084.1,ENST00001120478.1,ENST00001120479.1,ENST00001143609.1	13	ENST00000263735.9,ENST00000405271.6,ENST00000456133.5,ENST00000895681.1,ENST00000895684.2,ENST00000983074.1,ENST00001050079.1,ENST00001050081.1,ENST00001079082.1,ENST00001079083.1,ENST00001079084.1,ENST00001120478.1,ENST00001143609.1	5	multiple_isoforms_differential_probe_coverage
EPHA2	5	11	5	0	10	ENST00000358432.8,ENST00000461614.1,ENST00000480202.1,ENST00000863593.2,ENST00000863594.2,ENST00000917106.2,ENST00001003032.1,ENST00001058685.1,ENST00001110391.1,ENST00001144651.1	7	ENST00000358432.8,ENST00000863593.2,ENST00000863594.2,ENST00000917106.2,ENST00001003032.1,ENST00001058685.1,ENST00001144651.1	2	multiple_isoforms_differential_probe_coverage
EPHA3	5	10	5	0	10	ENST00000336596.7,ENST00000452448.7,ENST00000494014.2,ENST00000860929.1,ENST00000860930.2,ENST00000860931.2,ENST00000934137.2,ENST00001046984.1,ENST00001061887.1,ENST00001142191.1	10	ENST00000336596.7,ENST00000452448.7,ENST00000494014.2,ENST00000860929.1,ENST00000860930.2,ENST00000860931.2,ENST00000934137.2,ENST00001046984.1,ENST00001061887.1,ENST00001142191.1	1	multiple_isoforms_same_probe_coverage
EPHA4	5	16	5	0	12	ENST00000281821.7,ENST00000409854.6,ENST00000409938.6,ENST00000415749.1,ENST00000419964.1,ENST00000434266.1,ENST00000441679.1,ENST00000443796.5,ENST00000463446.1,ENST00000541600.5,ENST00000891631.1,ENST00001142006.1	5	ENST00000281821.7,ENST00000409854.6,ENST00000409938.6,ENST00000891631.1,ENST00001142006.1	4	multiple_isoforms_differential_probe_coverage
EPHA7	5	27	5	0	22	ENST00000369297.2,ENST00000369303.9,ENST00000679565.1,ENST00000679915.1,ENST00000680082.1,ENST00000680190.2,ENST00000680224.2,ENST00000680473.1,ENST00000680550.1,ENST00000680953.1,ENST00000681130.1,ENST00000681287.1,ENST00000681503.1,ENST00000681532.1,ENST00000681647.1,ENST00000868213.2,ENST00000868214.2,ENST00000922908.2,ENST00001111325.1,ENST00001111326.1,ENST00001115836.1,ENST00001137485.1	22	ENST00000369297.2,ENST00000369303.9,ENST00000679565.1,ENST00000679915.1,ENST00000680082.1,ENST00000680190.2,ENST00000680224.2,ENST00000680473.1,ENST00000680550.1,ENST00000680953.1,ENST00000681130.1,ENST00000681287.1,ENST00000681503.1,ENST00000681532.1,ENST00000681647.1,ENST00000868213.2,ENST00000868214.2,ENST00000922908.2,ENST00001111325.1,ENST00001111326.1,ENST00001115836.1,ENST00001137485.1	1	multiple_isoforms_same_probe_coverage
EPHB2	5	10	5	0	9	ENST00000374627.1,ENST00000374630.8,ENST00000374632.8,ENST00000400191.8,ENST00000465676.1,ENST00000490436.1,ENST00000544305.6,ENST00001058638.1,ENST00001144771.1	6	ENST00000374627.1,ENST00000374630.8,ENST00000374632.8,ENST00000400191.8,ENST00001058638.1,ENST00001144771.1	2	multiple_isoforms_differential_probe_coverage
EPHB3	5	7	5	0	5	ENST00000330394.3,ENST00000890161.2,ENST00000911962.2,ENST00000957734.2,ENST00001143428.1	5	ENST00000330394.3,ENST00000890161.2,ENST00000911962.2,ENST00000957734.2,ENST00001143428.1	1	multiple_isoforms_same_probe_coverage
EPHB4	5	28	5	0	27	ENST00000358173.8,ENST00000360620.8,ENST00000477446.5,ENST00000478459.5,ENST00000487222.5,ENST00000489808.1,ENST00000492403.1,ENST00000492878.1,ENST00000616502.5,ENST00000856888.2,ENST00000856889.2,ENST00000856890.2,ENST00000856891.2,ENST00000856892.2,ENST00000856893.2,ENST00000922072.2,ENST00000922073.2,ENST00000922074.2,ENST00000922075.2,ENST00000922076.2,ENST00000971335.2,ENST00000971336.2,ENST00001038172.1,ENST00001074910.1,ENST00001074911.1,ENST00001108415.1,ENST00001138075.1	14	ENST00000358173.8,ENST00000487222.5,ENST00000856891.2,ENST00000856892.2,ENST00000856893.2,ENST00000922072.2,ENST00000922073.2,ENST00000922075.2,ENST00000922076.2,ENST00000971336.2,ENST00001038172.1,ENST00001074910.1,ENST00001074911.1,ENST00001138075.1	5	multiple_isoforms_differential_probe_coverage
EPHB6	5	45	5	0	43	ENST00000422643.6,ENST00000471581.5,ENST00000476059.2,ENST00000486511.5,ENST00000611578.4,ENST00000614832.4,ENST00000615824.1,ENST00000616380.4,ENST00000617632.1,ENST00000618483.4,ENST00000619012.5,ENST00000631900.1,ENST00000631924.1,ENST00000632037.1,ENST00000632242.1,ENST00000632889.1,ENST00000633684.1,ENST00000634148.1,ENST00000634205.1,ENST00000652003.1,ENST00000886646.2,ENST00000886648.2,ENST00000886649.2,ENST00000886650.2,ENST00000886651.2,ENST00000886652.2,ENST00000886653.2,ENST00000937289.2,ENST00000937290.2,ENST00000937291.2,ENST00000937292.2,ENST00000937293.2,ENST00000940976.2,ENST00000940977.2,ENST00000940978.2,ENST00001016996.1,ENST00001016997.1,ENST00001016998.1,ENST00001017001.1,ENST00001017002.1,ENST00001017003.1,ENST00001081753.1,ENST00001135024.1	29	ENST00000422643.6,ENST00000611578.4,ENST00000614832.4,ENST00000615824.1,ENST00000616380.4,ENST00000618483.4,ENST00000619012.5,ENST00000631900.1,ENST00000632037.1,ENST00000632889.1,ENST00000634148.1,ENST00000652003.1,ENST00000886646.2,ENST00000886648.2,ENST00000886650.2,ENST00000886651.2,ENST00000886653.2,ENST00000937289.2,ENST00000937291.2,ENST00000937292.2,ENST00000937293.2,ENST00000940977.2,ENST00000940978.2,ENST00001016996.1,ENST00001016998.1,ENST00001017002.1,ENST00001017003.1,ENST00001081753.1,ENST00001135024.1	5	multiple_isoforms_differential_probe_coverage
EPOR	5	20	5	0	20	ENST00000222139.11,ENST00000586890.5,ENST00000588681.5,ENST00000588859.5,ENST00000589402.1,ENST00000590927.1,ENST00000591958.5,ENST00000592375.7,ENST00000852161.2,ENST00000852162.2,ENST00000940249.2,ENST00000986886.1,ENST00000986887.1,ENST00000986888.1,ENST00001027866.1,ENST00001027867.1,ENST00001076434.1,ENST00001076435.1,ENST00001076436.1,ENST00001136873.1	16	ENST00000222139.11,ENST00000586890.5,ENST00000588681.5,ENST00000588859.5,ENST00000591958.5,ENST00000592375.7,ENST00000852161.2,ENST00000852162.2,ENST00000986886.1,ENST00000986887.1,ENST00000986888.1,ENST00001027866.1,ENST00001027867.1,ENST00001076435.1,ENST00001076436.1,ENST00001136873.1	5	multiple_isoforms_differential_probe_coverage
ERBB2	5	49	5	0	47	ENST00000269571.10,ENST00000445658.8,ENST00000578199.5,ENST00000578373.5,ENST00000578502.3,ENST00000578630.1,ENST00000578709.5,ENST00000582648.5,ENST00000582788.5,ENST00000582818.5,ENST00000583038.5,ENST00000583391.1,ENST00000584014.6,ENST00000584099.1,ENST00000584450.6,ENST00000584601.6,ENST00000584684.1,ENST00000584908.5,ENST00000863095.2,ENST00000863096.2,ENST00000863097.2,ENST00000863098.2,ENST00000863099.2,ENST00000863100.2,ENST00000863101.2,ENST00000863102.2,ENST00000863103.2,ENST00000938923.2,ENST00000938924.2,ENST00000938925.2,ENST00000959774.2,ENST00000959775.2,ENST00001005734.1,ENST00001018292.1,ENST00001018293.1,ENST00001018294.1,ENST00001066796.1,ENST00001066797.1,ENST00001066798.1,ENST00001066799.1,ENST00001066800.1,ENST00001066801.1,ENST00001066802.1,ENST00001066803.1,ENST00001066805.1,ENST00001116003.1,ENST00001141787.1	33	ENST00000269571.10,ENST00000578199.5,ENST00000578373.5,ENST00000578502.3,ENST00000583038.5,ENST00000584014.6,ENST00000584450.6,ENST00000584601.6,ENST00000863096.2,ENST00000863097.2,ENST00000863098.2,ENST00000863099.2,ENST00000863101.2,ENST00000863102.2,ENST00000863103.2,ENST00000938923.2,ENST00000938924.2,ENST00000959774.2,ENST00001005734.1,ENST00001018292.1,ENST00001018293.1,ENST00001018294.1,ENST00001066796.1,ENST00001066797.1,ENST00001066798.1,ENST00001066799.1,ENST00001066800.1,ENST00001066801.1,ENST00001066802.1,ENST00001066803.1,ENST00001066805.1,ENST00001116003.1,ENST00001141787.1	5	multiple_isoforms_differential_probe_coverage
ERBB3	5	39	5	0	23	ENST00000267101.8,ENST00000411731.6,ENST00000415288.7,ENST00000546884.1,ENST00000549061.5,ENST00000549282.5,ENST00000549672.6,ENST00000550869.5,ENST00000551085.5,ENST00000551242.5,ENST00000643266.1,ENST00000682431.1,ENST00000683018.2,ENST00000683059.2,ENST00000683164.2,ENST00000683653.1,ENST00000684500.1,ENST00000878113.2,ENST00000878114.2,ENST00000878115.2,ENST00000926495.1,ENST00001053360.1,ENST00001140101.1	11	ENST00000267101.8,ENST00000411731.6,ENST00000549672.6,ENST00000551085.5,ENST00000682431.1,ENST00000684500.1,ENST00000878113.2,ENST00000878114.2,ENST00000878115.2,ENST00001053360.1,ENST00001140101.1	5	multiple_isoforms_differential_probe_coverage
ESAM	5	34	5	0	33	ENST00000278927.10,ENST00000417453.5,ENST00000435477.1,ENST00000464067.1,ENST00000485116.5,ENST00000906450.2,ENST00000906451.2,ENST00000906452.2,ENST00000906453.2,ENST00000942605.2,ENST00000942606.2,ENST00000983026.1,ENST00000983027.1,ENST00000983028.1,ENST00000983029.1,ENST00000983030.1,ENST00000983031.1,ENST00000983032.1,ENST00000983033.1,ENST00001040710.1,ENST00001040711.1,ENST00001116004.1,ENST00001119392.1,ENST00001119393.1,ENST00001119394.1,ENST00001119395.1,ENST00001122791.1,ENST00001122792.1,ENST00001122793.1,ENST00001122794.1,ENST00001122795.1,ENST00001122796.1,ENST00001143214.1	12	ENST00000278927.10,ENST00000417453.5,ENST00000906451.2,ENST00000906452.2,ENST00000942606.2,ENST00000983027.1,ENST00000983028.1,ENST00000983029.1,ENST00000983031.1,ENST00001119395.1,ENST00001122796.1,ENST00001143214.1	5	multiple_isoforms_differential_probe_coverage
ESR1	5	23	5	0	19	ENST00000206249.8,ENST00000338799.9,ENST00000406599.6,ENST00000415488.1,ENST00000427531.6,ENST00000440973.5,ENST00000443427.6,ENST00000456483.4,ENST00000482101.1,ENST00000641399.1,ENST00000858333.1,ENST00000858334.1,ENST00000858335.2,ENST00000947759.1,ENST00000988352.1,ENST00001120066.1,ENST00001120067.1,ENST00001120068.1,ENST00001139102.1	13	ENST00000206249.8,ENST00000338799.9,ENST00000427531.6,ENST00000440973.5,ENST00000443427.6,ENST00000858333.1,ENST00000858334.1,ENST00000858335.2,ENST00000947759.1,ENST00000988352.1,ENST00001120066.1,ENST00001120068.1,ENST00001139102.1	4	multiple_isoforms_differential_probe_coverage
ETS1	5	18	5	0	12	ENST00000319397.8,ENST00000392668.8,ENST00000526145.7,ENST00000530924.2,ENST00000531611.6,ENST00000535549.5,ENST00000900294.2,ENST00000917570.2,ENST00000917571.2,ENST00000917572.2,ENST00000917573.2,ENST00001138913.1	10	ENST00000319397.8,ENST00000392668.8,ENST00000526145.7,ENST00000535549.5,ENST00000900294.2,ENST00000917570.2,ENST00000917571.2,ENST00000917572.2,ENST00000917573.2,ENST00001138913.1	2	multiple_isoforms_differential_probe_coverage
ETV4	5	42	5	0	38	ENST00000319349.10,ENST00000393664.7,ENST00000538265.6,ENST00000545089.6,ENST00000545954.6,ENST00000586826.2,ENST00000591713.6,ENST00000857843.2,ENST00000857844.2,ENST00000922774.2,ENST00000922775.2,ENST00000922776.2,ENST00000922777.2,ENST00000922778.2,ENST00000922779.2,ENST00000922780.2,ENST00001028119.1,ENST00001028120.1,ENST00001028121.1,ENST00001078053.1,ENST00001078054.1,ENST00001078055.1,ENST00001078056.1,ENST00001078057.1,ENST00001078059.1,ENST00001078060.1,ENST00001078061.1,ENST00001078062.1,ENST00001078063.1,ENST00001078065.1,ENST00001078066.1,ENST00001078067.1,ENST00001078068.1,ENST00001078069.1,ENST00001078070.1,ENST00001078072.1,ENST00001078073.1,ENST00001143078.1	34	ENST00000319349.10,ENST00000393664.7,ENST00000538265.6,ENST00000545089.6,ENST00000545954.6,ENST00000586826.2,ENST00000591713.6,ENST00000857843.2,ENST00000857844.2,ENST00000922774.2,ENST00000922775.2,ENST00000922779.2,ENST00001028119.1,ENST00001028120.1,ENST00001028121.1,ENST00001078053.1,ENST00001078054.1,ENST00001078055.1,ENST00001078056.1,ENST00001078057.1,ENST00001078059.1,ENST00001078060.1,ENST00001078061.1,ENST00001078062.1,ENST00001078063.1,ENST00001078065.1,ENST00001078066.1,ENST00001078067.1,ENST00001078068.1,ENST00001078069.1,ENST00001078070.1,ENST00001078072.1,ENST00001078073.1,ENST00001143078.1	2	multiple_isoforms_differential_probe_coverage
ETV5	5	22	5	0	18	ENST00000306376.10,ENST00000413301.5,ENST00000421809.5,ENST00000422039.1,ENST00000434744.6,ENST00000440773.5,ENST00000476890.1,ENST00000480706.1,ENST00000489830.5,ENST00000495808.1,ENST00000875747.2,ENST00000875748.2,ENST00000875749.2,ENST00000927545.2,ENST00000927546.2,ENST00000927547.2,ENST00000941996.2,ENST00001143424.1	9	ENST00000306376.10,ENST00000434744.6,ENST00000875747.2,ENST00000875748.2,ENST00000875749.2,ENST00000927545.2,ENST00000927546.2,ENST00000927547.2,ENST00001143424.1	4	multiple_isoforms_differential_probe_coverage
EZH2	5	56	5	0	53	ENST00000320356.7,ENST00000350995.7,ENST00000460911.6,ENST00000476773.6,ENST00000478654.6,ENST00000483012.1,ENST00000483967.6,ENST00000492143.5,ENST00000498186.5,ENST00000682263.1,ENST00000682317.1,ENST00000682401.1,ENST00000683292.1,ENST00000683744.1,ENST00000684300.1,ENST00000684436.1,ENST00000684510.1,ENST00000893364.2,ENST00000893365.2,ENST00000893366.2,ENST00000893367.2,ENST00000893368.2,ENST00000931950.2,ENST00000931951.2,ENST00000931952.2,ENST00000931953.2,ENST00000931954.2,ENST00000931955.2,ENST00000931956.2,ENST00000931957.2,ENST00000931958.2,ENST00000931959.2,ENST00000931960.1,ENST00000931961.2,ENST00000943026.2,ENST00001002104.1,ENST00001002105.1,ENST00001002106.1,ENST00001009527.1,ENST00001066226.1,ENST00001066227.1,ENST00001066228.1,ENST00001066229.1,ENST00001066230.1,ENST00001066231.1,ENST00001066232.1,ENST00001066233.1,ENST00001066234.1,ENST00001066235.1,ENST00001066236.1,ENST00001066237.1,ENST00001066238.1,ENST00001139558.1	44	ENST00000320356.7,ENST00000350995.7,ENST00000460911.6,ENST00000476773.6,ENST00000478654.6,ENST00000483967.6,ENST00000492143.5,ENST00000498186.5,ENST00000682263.1,ENST00000682317.1,ENST00000683292.1,ENST00000683744.1,ENST00000684300.1,ENST00000893364.2,ENST00000893365.2,ENST00000893366.2,ENST00000893367.2,ENST00000893368.2,ENST00000931950.2,ENST00000931951.2,ENST00000931952.2,ENST00000931954.2,ENST00000931955.2,ENST00000931956.2,ENST00000931957.2,ENST00000931958.2,ENST00000931959.2,ENST00000931961.2,ENST00001002104.1,ENST00001002105.1,ENST00001009527.1,ENST00001066226.1,ENST00001066227.1,ENST00001066228.1,ENST00001066229.1,ENST00001066230.1,ENST00001066231.1,ENST00001066232.1,ENST00001066233.1,ENST00001066235.1,ENST00001066236.1,ENST00001066237.1,ENST00001066238.1,ENST00001139558.1	4	multiple_isoforms_differential_probe_coverage
EZR	5	55	5	0	55	ENST00000337147.11,ENST00000367075.4,ENST00000476189.1,ENST00000852603.2,ENST00000852604.2,ENST00000852605.2,ENST00000852606.2,ENST00000852607.2,ENST00000852608.2,ENST00000852609.2,ENST00000852610.2,ENST00000852611.2,ENST00000852612.2,ENST00000852613.2,ENST00000852614.2,ENST00000923500.2,ENST00000923501.2,ENST00000923502.2,ENST00000923503.2,ENST00000923504.2,ENST00000923505.2,ENST00000923506.2,ENST00000945662.2,ENST00000945663.2,ENST00000945664.2,ENST00000945665.2,ENST00000986941.1,ENST00000986942.1,ENST00000986944.1,ENST00000986945.1,ENST00000986946.1,ENST00000986947.1,ENST00000986948.1,ENST00000986949.1,ENST00000986951.1,ENST00000986952.1,ENST00001045001.1,ENST00001045005.1,ENST00001045006.1,ENST00001045009.1,ENST00001045015.1,ENST00001045017.1,ENST00001045021.1,ENST00001045026.1,ENST00001072026.1,ENST00001072029.1,ENST00001072031.1,ENST00001072034.1,ENST00001072036.1,ENST00001072040.1,ENST00001098816.1,ENST00001106893.1,ENST00001106894.1,ENST00001114039.1,ENST00001138679.1	34	ENST00000337147.11,ENST00000367075.4,ENST00000852603.2,ENST00000852604.2,ENST00000852605.2,ENST00000852606.2,ENST00000852607.2,ENST00000852609.2,ENST00000852610.2,ENST00000852612.2,ENST00000852613.2,ENST00000852614.2,ENST00000923500.2,ENST00000923502.2,ENST00000923503.2,ENST00000923506.2,ENST00000945663.2,ENST00000945664.2,ENST00000986941.1,ENST00000986944.1,ENST00000986945.1,ENST00000986946.1,ENST00000986947.1,ENST00000986948.1,ENST00000986949.1,ENST00000986951.1,ENST00001045005.1,ENST00001045006.1,ENST00001045009.1,ENST00001045017.1,ENST00001045021.1,ENST00001072031.1,ENST00001072034.1,ENST00001138679.1	5	multiple_isoforms_differential_probe_coverage
FABP4	5	16	5	0	16	ENST00000256104.5,ENST00000518669.5,ENST00000521734.1,ENST00000522659.1,ENST00000956908.2,ENST00000956909.2,ENST00000956910.2,ENST00000956911.2,ENST00001018195.1,ENST00001018196.1,ENST00001098970.1,ENST00001098971.1,ENST00001098972.1,ENST00001098973.1,ENST00001098974.1,ENST00001133435.1	3	ENST00000256104.5,ENST00000956908.2,ENST00001133435.1	5	multiple_isoforms_differential_probe_coverage
FABP5	5	15	5	0	15	ENST00000297258.11,ENST00000396359.2,ENST00000481695.1,ENST00000486269.1,ENST00000917311.2,ENST00000917312.2,ENST00000943582.2,ENST00000943583.2,ENST00001081573.1,ENST00001081575.1,ENST00001081576.1,ENST00001103636.1,ENST00001103637.1,ENST00001103638.1,ENST00001137054.1	6	ENST00000297258.11,ENST00001081573.1,ENST00001081576.1,ENST00001103636.1,ENST00001103638.1,ENST00001137054.1	5	multiple_isoforms_differential_probe_coverage
FAS	5	62	5	0	60	ENST00000313771.10,ENST00000355279.2,ENST00000355740.9,ENST00000357339.8,ENST00000371857.8,ENST00000460510.7,ENST00000466081.6,ENST00000477270.7,ENST00000479522.6,ENST00000484444.6,ENST00000487314.1,ENST00000488877.6,ENST00000492756.7,ENST00000494410.5,ENST00000494799.7,ENST00000562983.4,ENST00000612663.6,ENST00000640140.2,ENST00000640250.2,ENST00000640681.2,ENST00000652046.1,ENST00000690268.1,ENST00000696723.1,ENST00000696741.1,ENST00000696742.1,ENST00000696743.1,ENST00000696744.1,ENST00000696767.1,ENST00000696768.2,ENST00000696769.1,ENST00000696770.1,ENST00000696771.2,ENST00000696772.1,ENST00000696773.1,ENST00000696774.1,ENST00000696775.1,ENST00000696776.2,ENST00000696777.1,ENST00000696778.1,ENST00000696779.2,ENST00000696780.2,ENST00000696781.2,ENST00000696782.1,ENST00000696783.1,ENST00000696992.1,ENST00000696994.1,ENST00000696995.1,ENST00000696996.1,ENST00000696997.1,ENST00000696998.1,ENST00000696999.2,ENST00000697035.1,ENST00000697036.1,ENST00000697037.1,ENST00000697093.1,ENST00000697094.1,ENST00000697095.1,ENST00000697096.1,ENST00000697097.2,ENST00001140016.1	27	ENST00000313771.10,ENST00000355740.9,ENST00000357339.8,ENST00000460510.7,ENST00000477270.7,ENST00000492756.7,ENST00000494799.7,ENST00000562983.4,ENST00000652046.1,ENST00000690268.1,ENST00000696723.1,ENST00000696741.1,ENST00000696743.1,ENST00000696767.1,ENST00000696768.2,ENST00000696771.2,ENST00000696774.1,ENST00000696776.2,ENST00000696778.1,ENST00000696779.2,ENST00000696780.2,ENST00000696781.2,ENST00000696999.2,ENST00000697037.1,ENST00000697094.1,ENST00000697097.2,ENST00001140016.1	4	multiple_isoforms_differential_probe_coverage
FASLG	5	4	5	0	4	ENST00000340030.5,ENST00000367721.3,ENST00000875216.2,ENST00001145550.1	4	ENST00000340030.5,ENST00000367721.3,ENST00000875216.2,ENST00001145550.1	1	multiple_isoforms_same_probe_coverage
FASN	5	20	5	0	9	ENST00000306749.4,ENST00000634990.2,ENST00000940341.2,ENST00000940342.2,ENST00000940343.2,ENST00000940344.2,ENST00000940345.2,ENST00000940346.2,ENST00001141861.1	9	ENST00000306749.4,ENST00000634990.2,ENST00000940341.2,ENST00000940342.2,ENST00000940343.2,ENST00000940344.2,ENST00000940345.2,ENST00000940346.2,ENST00001141861.1	1	multiple_isoforms_same_probe_coverage
FCER1G	5	12	5	0	12	ENST00000289902.2,ENST00000367992.8,ENST00000490414.1,ENST00000882697.2,ENST00001047914.1,ENST00001098891.1,ENST00001098892.1,ENST00001098893.1,ENST00001098894.1,ENST00001098895.1,ENST00001098896.1,ENST00001145036.1	6	ENST00000289902.2,ENST00000490414.1,ENST00001047914.1,ENST00001098894.1,ENST00001098896.1,ENST00001145036.1	3	multiple_isoforms_differential_probe_coverage
FCGBP	5	3	5	0	2	ENST00000616721.7,ENST00000628705.3	2	ENST00000616721.7,ENST00000628705.3	1	multiple_isoforms_same_probe_coverage
FCGR3A	5	24	5	0	23	ENST00000367967.9,ENST00000426740.9,ENST00000436743.8,ENST00000442336.2,ENST00000443193.6,ENST00000699395.2,ENST00000699396.2,ENST00000699397.2,ENST00000699398.2,ENST00000699399.2,ENST00000699400.2,ENST00000699401.2,ENST00000699493.1,ENST00000884927.2,ENST00000884928.2,ENST00000884929.2,ENST00000884930.2,ENST00000946729.2,ENST00000946730.2,ENST00000946731.2,ENST00000946732.2,ENST00000946733.2,ENST00001145059.1	20	ENST00000367967.9,ENST00000426740.9,ENST00000436743.8,ENST00000443193.6,ENST00000699395.2,ENST00000699396.2,ENST00000699397.2,ENST00000699398.2,ENST00000699400.2,ENST00000699401.2,ENST00000884927.2,ENST00000884928.2,ENST00000884929.2,ENST00000884930.2,ENST00000946729.2,ENST00000946730.2,ENST00000946731.2,ENST00000946732.2,ENST00000946733.2,ENST00001145059.1	2	multiple_isoforms_differential_probe_coverage
FCRLA	5	19	5	0	19	ENST00000236938.12,ENST00000294796.8,ENST00000309691.10,ENST00000349527.9,ENST00000350710.4,ENST00000367949.7,ENST00000367950.2,ENST00000367953.7,ENST00000367957.8,ENST00000367959.7,ENST00000465403.1,ENST00000470841.1,ENST00000540521.6,ENST00000546024.6,ENST00000674251.2,ENST00000674323.2,ENST00000954393.2,ENST00001104917.1,ENST00001104918.1	13	ENST00000236938.12,ENST00000349527.9,ENST00000350710.4,ENST00000367949.7,ENST00000367953.7,ENST00000367957.8,ENST00000367959.7,ENST00000540521.6,ENST00000546024.6,ENST00000674251.2,ENST00000674323.2,ENST00000954393.2,ENST00001104917.1	4	multiple_isoforms_differential_probe_coverage
FES	5	75	5	0	74	ENST00000328850.8,ENST00000394300.7,ENST00000394302.6,ENST00000414248.7,ENST00000416779.1,ENST00000443697.1,ENST00000444422.2,ENST00000448367.5,ENST00000452243.5,ENST00000462476.1,ENST00000464684.5,ENST00000470152.6,ENST00000481665.5,ENST00000494259.1,ENST00000496379.5,ENST00000559355.5,ENST00000907217.1,ENST00000907218.2,ENST00000907219.2,ENST00000907220.2,ENST00000907221.2,ENST00000907222.2,ENST00000907223.2,ENST00000907224.2,ENST00000907225.2,ENST00000907226.2,ENST00000907227.2,ENST00000907228.2,ENST00000907229.2,ENST00000907230.2,ENST00000907231.2,ENST00000907232.2,ENST00000907233.2,ENST00000907234.2,ENST00000907235.2,ENST00000907236.2,ENST00000907237.2,ENST00000907238.2,ENST00000939599.2,ENST00000939600.2,ENST00000963618.2,ENST00000963619.2,ENST00000963620.2,ENST00000963621.2,ENST00000963622.2,ENST00000963623.2,ENST00000963624.2,ENST00000963625.2,ENST00000963626.2,ENST00000963627.2,ENST00000963628.2,ENST00000963629.2,ENST00000963630.2,ENST00000963631.2,ENST00000963632.2,ENST00000963633.2,ENST00000963634.2,ENST00000963635.2,ENST00000963636.2,ENST00000963637.2,ENST00000991641.1,ENST00001011613.1,ENST00001011614.1,ENST00001011615.1,ENST00001011617.1,ENST00001011618.1,ENST00001011619.1,ENST00001011621.1,ENST00001011623.1,ENST00001011625.1,ENST00001011627.1,ENST00001064504.1,ENST00001109280.1,ENST00001132347.1	58	ENST00000328850.8,ENST00000394300.7,ENST00000394302.6,ENST00000414248.7,ENST00000444422.2,ENST00000464684.5,ENST00000907217.1,ENST00000907218.2,ENST00000907219.2,ENST00000907220.2,ENST00000907221.2,ENST00000907222.2,ENST00000907223.2,ENST00000907224.2,ENST00000907225.2,ENST00000907226.2,ENST00000907228.2,ENST00000907229.2,ENST00000907230.2,ENST00000907231.2,ENST00000907232.2,ENST00000907233.2,ENST00000907234.2,ENST00000907235.2,ENST00000907236.2,ENST00000907237.2,ENST00000907238.2,ENST00000939599.2,ENST00000939600.2,ENST00000963618.2,ENST00000963619.2,ENST00000963620.2,ENST00000963621.2,ENST00000963622.2,ENST00000963623.2,ENST00000963624.2,ENST00000963626.2,ENST00000963627.2,ENST00000963628.2,ENST00000963629.2,ENST00000963630.2,ENST00000963632.2,ENST00000963633.2,ENST00000963635.2,ENST00000963637.2,ENST00000991641.1,ENST00001011613.1,ENST00001011614.1,ENST00001011615.1,ENST00001011617.1,ENST00001011618.1,ENST00001011619.1,ENST00001011621.1,ENST00001011623.1,ENST00001011625.1,ENST00001011627.1,ENST00001064504.1,ENST00001132347.1	4	multiple_isoforms_differential_probe_coverage
FFAR2	5	3	5	0	2	ENST00000246549.2,ENST00000599180.3	2	ENST00000246549.2,ENST00000599180.3	1	multiple_isoforms_same_probe_coverage
FFAR3	5	3	5	0	2	ENST00000327809.5,ENST00000965195.2	1	ENST00000327809.5	2	multiple_isoforms_differential_probe_coverage
FFAR4	5	5	5	0	5	ENST00000371481.9,ENST00000371483.8,ENST00000604414.2,ENST00000944863.2,ENST00001001553.1	4	ENST00000371481.9,ENST00000371483.8,ENST00000604414.2,ENST00001001553.1	2	multiple_isoforms_differential_probe_coverage
FGF1	5	60	5	0	60	ENST00000337706.7,ENST00000359370.11,ENST00000360966.10,ENST00000378046.6,ENST00000394496.2,ENST00000407758.6,ENST00000411960.1,ENST00000419524.7,ENST00000441680.7,ENST00000489937.5,ENST00000494344.5,ENST00000494579.1,ENST00000610990.5,ENST00000612258.5,ENST00000619447.5,ENST00000621536.5,ENST00000865998.2,ENST00000865999.2,ENST00000866000.2,ENST00000866001.2,ENST00000866002.2,ENST00000866003.2,ENST00000866004.2,ENST00000866005.2,ENST00000866006.2,ENST00000866007.2,ENST00000866008.2,ENST00000866009.2,ENST00000866010.2,ENST00000866011.2,ENST00000866012.2,ENST00000866013.2,ENST00000866014.2,ENST00000866015.2,ENST00000866016.2,ENST00000866017.2,ENST00000954582.2,ENST00000954583.2,ENST00000954584.2,ENST00000954585.2,ENST00000954586.2,ENST00000954587.2,ENST00000954588.2,ENST00000954589.2,ENST00000954590.2,ENST00000954591.2,ENST00000954592.2,ENST00000985400.1,ENST00000985401.1,ENST00000985402.1,ENST00000985403.1,ENST00000985404.1,ENST00000985405.1,ENST00001041526.1,ENST00001041527.1,ENST00001041528.1,ENST00001041529.1,ENST00001041530.1,ENST00001097043.1,ENST00001134340.1	55	ENST00000337706.7,ENST00000359370.11,ENST00000360966.10,ENST00000378046.6,ENST00000407758.6,ENST00000419524.7,ENST00000441680.7,ENST00000610990.5,ENST00000612258.5,ENST00000619447.5,ENST00000621536.5,ENST00000865998.2,ENST00000865999.2,ENST00000866000.2,ENST00000866001.2,ENST00000866002.2,ENST00000866003.2,ENST00000866004.2,ENST00000866005.2,ENST00000866006.2,ENST00000866007.2,ENST00000866008.2,ENST00000866009.2,ENST00000866010.2,ENST00000866011.2,ENST00000866012.2,ENST00000866013.2,ENST00000866014.2,ENST00000866015.2,ENST00000866016.2,ENST00000866017.2,ENST00000954582.2,ENST00000954583.2,ENST00000954584.2,ENST00000954585.2,ENST00000954586.2,ENST00000954587.2,ENST00000954588.2,ENST00000954589.2,ENST00000954590.2,ENST00000954591.2,ENST00000954592.2,ENST00000985400.1,ENST00000985401.1,ENST00000985402.1,ENST00000985403.1,ENST00000985404.1,ENST00000985405.1,ENST00001041526.1,ENST00001041527.1,ENST00001041528.1,ENST00001041529.1,ENST00001041530.1,ENST00001097043.1,ENST00001134340.1	4	multiple_isoforms_differential_probe_coverage
FGF12	5	15	5	0	14	ENST00000418610.1,ENST00000430714.6,ENST00000440901.4,ENST00000445105.7,ENST00000448795.5,ENST00000450716.6,ENST00000454309.8,ENST00000682572.1,ENST00000682819.2,ENST00000683451.3,ENST00000683935.2,ENST00000684282.2,ENST00000684728.2,ENST00001142407.1	9	ENST00000430714.6,ENST00000445105.7,ENST00000450716.6,ENST00000454309.8,ENST00000683451.3,ENST00000683935.2,ENST00000684282.2,ENST00000684728.2,ENST00001142407.1	4	multiple_isoforms_differential_probe_coverage
FGF13	5	11	5	0	10	ENST00000305414.9,ENST00000315930.11,ENST00000436198.7,ENST00000441825.9,ENST00000448673.1,ENST00000455663.5,ENST00000626909.3,ENST00000875444.2,ENST00001032070.1,ENST00001063112.1	8	ENST00000305414.9,ENST00000315930.11,ENST00000436198.7,ENST00000441825.9,ENST00000626909.3,ENST00000875444.2,ENST00001032070.1,ENST00001063112.1	3	multiple_isoforms_differential_probe_coverage
FGF18	5	4	5	0	4	ENST00000274625.6,ENST00000966519.2,ENST00001019144.1,ENST00001132459.1	4	ENST00000274625.6,ENST00000966519.2,ENST00001019144.1,ENST00001132459.1	1	multiple_isoforms_same_probe_coverage
FGF2	5	2	5	0	2	ENST00000264498.10,ENST00000644866.2	2	ENST00000264498.10,ENST00000644866.2	1	multiple_isoforms_same_probe_coverage
FGF7	5	13	5	0	12	ENST00000267843.9,ENST00000560270.2,ENST00000560979.1,ENST00000906705.2,ENST00000906706.2,ENST00000906707.2,ENST00001024215.1,ENST00001024216.1,ENST00001104802.1,ENST00001130817.1,ENST00001130818.1,ENST00001133220.1	5	ENST00000267843.9,ENST00000906705.2,ENST00000906706.2,ENST00000906707.2,ENST00001133220.1	3	multiple_isoforms_differential_probe_coverage
FGF9	5	4	5	0	4	ENST00000382353.6,ENST00000461657.1,ENST00000478546.1,ENST00001131794.1	2	ENST00000382353.6,ENST00001131794.1	3	multiple_isoforms_differential_probe_coverage
FGFR1	5	78	5	0	65	ENST00000326324.11,ENST00000335922.9,ENST00000341462.10,ENST00000356207.10,ENST00000397091.10,ENST00000397103.5,ENST00000397108.9,ENST00000397113.6,ENST00000425967.9,ENST00000447712.7,ENST00000464163.1,ENST00000470826.5,ENST00000474970.1,ENST00000475621.1,ENST00000484370.5,ENST00000487647.5,ENST00000496296.5,ENST00000524528.2,ENST00000525001.5,ENST00000526570.5,ENST00000526742.5,ENST00000527114.5,ENST00000527203.5,ENST00000529552.5,ENST00000530568.5,ENST00000532386.5,ENST00000532791.6,ENST00000533619.5,ENST00000533668.5,ENST00000619564.3,ENST00000649678.1,ENST00000674189.1,ENST00000674217.1,ENST00000674235.1,ENST00000674380.1,ENST00000674474.1,ENST00000682398.1,ENST00000682770.1,ENST00000683132.1,ENST00000683276.1,ENST00000683765.2,ENST00000683795.1,ENST00000683815.2,ENST00000683948.1,ENST00000684654.2,ENST00000703405.1,ENST00000857933.2,ENST00000857934.2,ENST00000857935.2,ENST00000857936.2,ENST00000857937.2,ENST00000857938.2,ENST00000857939.2,ENST00000857940.1,ENST00000934569.2,ENST00000934570.2,ENST00000934571.2,ENST00000934572.2,ENST00000934573.1,ENST00000965843.1,ENST00000965844.1,ENST00001067623.1,ENST00001067624.1,ENST00001067625.1,ENST00001133667.1	39	ENST00000326324.11,ENST00000335922.9,ENST00000341462.10,ENST00000356207.10,ENST00000397091.10,ENST00000397103.5,ENST00000397108.9,ENST00000397113.6,ENST00000425967.9,ENST00000447712.7,ENST00000526570.5,ENST00000532791.6,ENST00000619564.3,ENST00000649678.1,ENST00000674380.1,ENST00000674474.1,ENST00000683765.2,ENST00000683815.2,ENST00000683948.1,ENST00000684654.2,ENST00000703405.1,ENST00000857933.2,ENST00000857934.2,ENST00000857935.2,ENST00000857936.2,ENST00000857937.2,ENST00000857939.2,ENST00000857940.1,ENST00000934569.2,ENST00000934570.2,ENST00000934571.2,ENST00000934572.2,ENST00000934573.1,ENST00000965843.1,ENST00000965844.1,ENST00001067623.1,ENST00001067624.1,ENST00001067625.1,ENST00001133667.1	5	multiple_isoforms_differential_probe_coverage
FGFR2	5	59	5	0	44	ENST00000336553.10,ENST00000346997.6,ENST00000351936.11,ENST00000356226.9,ENST00000357555.9,ENST00000358487.10,ENST00000360144.8,ENST00000369056.6,ENST00000369058.7,ENST00000369059.6,ENST00000369060.9,ENST00000369061.9,ENST00000429361.5,ENST00000457416.7,ENST00000478859.5,ENST00000604236.5,ENST00000613048.5,ENST00000638709.2,ENST00000682296.1,ENST00000682550.2,ENST00000682772.1,ENST00000682904.1,ENST00000683029.1,ENST00000683211.1,ENST00000683250.1,ENST00000683418.1,ENST00000683885.1,ENST00000684153.2,ENST00000684516.1,ENST00000937092.2,ENST00000937093.2,ENST00000985634.1,ENST00001044438.1,ENST00001044439.1,ENST00001044440.1,ENST00001044441.1,ENST00001044442.1,ENST00001075068.1,ENST00001075069.1,ENST00001075070.1,ENST00001075071.1,ENST00001075072.1,ENST00001142304.1,ENST00001142305.1	41	ENST00000336553.10,ENST00000346997.6,ENST00000351936.11,ENST00000356226.9,ENST00000357555.9,ENST00000358487.10,ENST00000360144.8,ENST00000369056.6,ENST00000369058.7,ENST00000369059.6,ENST00000369060.9,ENST00000369061.9,ENST00000457416.7,ENST00000478859.5,ENST00000604236.5,ENST00000613048.5,ENST00000638709.2,ENST00000682296.1,ENST00000682550.2,ENST00000682772.1,ENST00000682904.1,ENST00000683211.1,ENST00000683250.1,ENST00000683418.1,ENST00000684153.2,ENST00000684516.1,ENST00000937092.2,ENST00000937093.2,ENST00000985634.1,ENST00001044438.1,ENST00001044439.1,ENST00001044440.1,ENST00001044441.1,ENST00001044442.1,ENST00001075068.1,ENST00001075069.1,ENST00001075070.1,ENST00001075071.1,ENST00001075072.1,ENST00001142304.1,ENST00001142305.1	3	multiple_isoforms_differential_probe_coverage
FGFR3	5	24	5	0	23	ENST00000260795.8,ENST00000340107.10,ENST00000352904.7,ENST00000412135.8,ENST00000440486.8,ENST00000469068.1,ENST00000474521.1,ENST00000481110.8,ENST00000507588.1,ENST00000901225.2,ENST00000901226.2,ENST00000901227.2,ENST00000901228.2,ENST00000911470.2,ENST00000911471.2,ENST00000911472.2,ENST00000911473.2,ENST00000911474.2,ENST00000955401.2,ENST00000955402.2,ENST00000955403.1,ENST00000955404.2,ENST00001134169.1	20	ENST00000260795.8,ENST00000340107.10,ENST00000352904.7,ENST00000412135.8,ENST00000440486.8,ENST00000481110.8,ENST00000901225.2,ENST00000901226.2,ENST00000901227.2,ENST00000901228.2,ENST00000911470.2,ENST00000911471.2,ENST00000911472.2,ENST00000911473.2,ENST00000911474.2,ENST00000955401.2,ENST00000955402.2,ENST00000955403.1,ENST00000955404.2,ENST00001134169.1	3	multiple_isoforms_differential_probe_coverage
FGG	5	31	5	0	31	ENST00000336098.8,ENST00000393846.6,ENST00000404648.8,ENST00000405164.6,ENST00000407946.6,ENST00000443553.5,ENST00000464532.5,ENST00000465336.1,ENST00000465913.1,ENST00000473393.5,ENST00000484695.1,ENST00000492082.5,ENST00000906289.2,ENST00000906290.2,ENST00000906291.1,ENST00000906292.2,ENST00001005500.1,ENST00001005501.1,ENST00001005502.1,ENST00001005505.1,ENST00001005506.1,ENST00001005507.1,ENST00001005518.1,ENST00001005520.1,ENST00001005521.1,ENST00001005522.1,ENST00001005523.1,ENST00001005524.1,ENST00001005525.1,ENST00001005526.1,ENST00001134938.1	18	ENST00000336098.8,ENST00000404648.8,ENST00000405164.6,ENST00000407946.6,ENST00000492082.5,ENST00000906290.2,ENST00000906291.1,ENST00000906292.2,ENST00001005501.1,ENST00001005506.1,ENST00001005518.1,ENST00001005520.1,ENST00001005521.1,ENST00001005522.1,ENST00001005523.1,ENST00001005524.1,ENST00001005526.1,ENST00001134938.1	5	multiple_isoforms_differential_probe_coverage
FGR	5	40	5	0	40	ENST00000374003.8,ENST00000374004.6,ENST00000374005.8,ENST00000399173.6,ENST00000457296.5,ENST00000468038.1,ENST00000475472.5,ENST00000859115.2,ENST00000859116.2,ENST00000859117.2,ENST00000859118.2,ENST00000859119.2,ENST00000859120.2,ENST00000859121.2,ENST00000859122.2,ENST00000859123.2,ENST00000859124.2,ENST00000859125.2,ENST00000859126.2,ENST00000859127.2,ENST00000859128.2,ENST00000859129.2,ENST00000859130.2,ENST00000859131.2,ENST00000968119.2,ENST00000968120.2,ENST00000968121.2,ENST00000968122.2,ENST00000968123.2,ENST00000968124.2,ENST00000968125.2,ENST00000968126.2,ENST00001048576.1,ENST00001048577.1,ENST00001048578.1,ENST00001048579.1,ENST00001048580.1,ENST00001048581.1,ENST00001048582.1,ENST00001145338.1	34	ENST00000374003.8,ENST00000374004.6,ENST00000374005.8,ENST00000399173.6,ENST00000859115.2,ENST00000859116.2,ENST00000859117.2,ENST00000859118.2,ENST00000859119.2,ENST00000859121.2,ENST00000859122.2,ENST00000859123.2,ENST00000859124.2,ENST00000859125.2,ENST00000859126.2,ENST00000859127.2,ENST00000859128.2,ENST00000859129.2,ENST00000859130.2,ENST00000859131.2,ENST00000968119.2,ENST00000968120.2,ENST00000968121.2,ENST00000968122.2,ENST00000968123.2,ENST00000968125.2,ENST00000968126.2,ENST00001048576.1,ENST00001048577.1,ENST00001048578.1,ENST00001048580.1,ENST00001048581.1,ENST00001048582.1,ENST00001145338.1	4	multiple_isoforms_differential_probe_coverage
FKBP11	5	31	5	0	30	ENST00000256680.10,ENST00000444214.6,ENST00000453172.3,ENST00000546847.5,ENST00000547789.1,ENST00000549084.1,ENST00000550765.6,ENST00000551094.5,ENST00000551694.5,ENST00000551807.1,ENST00000552878.6,ENST00000553027.1,ENST00000890173.2,ENST00000974901.1,ENST00000974902.1,ENST00000974903.1,ENST00000974904.1,ENST00001038485.1,ENST00001060287.1,ENST00001060289.1,ENST00001060290.1,ENST00001060291.1,ENST00001060292.1,ENST00001060293.1,ENST00001060294.1,ENST00001060295.1,ENST00001060296.1,ENST00001060297.1,ENST00001119796.1,ENST00001140984.1	13	ENST00000550765.6,ENST00000551694.5,ENST00000890173.2,ENST00000974901.1,ENST00001060289.1,ENST00001060290.1,ENST00001060291.1,ENST00001060293.1,ENST00001060294.1,ENST00001060295.1,ENST00001060296.1,ENST00001060297.1,ENST00001140984.1	5	multiple_isoforms_differential_probe_coverage
FLT1	5	17	5	0	11	ENST00000282397.9,ENST00000539099.2,ENST00000541932.6,ENST00000615840.6,ENST00000639477.2,ENST00000909997.2,ENST00000909998.2,ENST00000910000.2,ENST00001003174.1,ENST00001069434.1,ENST00001131755.1	11	ENST00000282397.9,ENST00000539099.2,ENST00000541932.6,ENST00000615840.6,ENST00000639477.2,ENST00000909997.2,ENST00000909998.2,ENST00000910000.2,ENST00001003174.1,ENST00001069434.1,ENST00001131755.1	1	multiple_isoforms_same_probe_coverage
FLT3LG	5	34	5	0	34	ENST00000204637.6,ENST00000593422.5,ENST00000594009.6,ENST00000595510.1,ENST00000596435.6,ENST00000597551.6,ENST00000597914.1,ENST00000598472.1,ENST00000598555.1,ENST00000600084.5,ENST00000600429.6,ENST00000601800.5,ENST00000892347.1,ENST00000892348.2,ENST00000892349.1,ENST00000892350.1,ENST00000892351.1,ENST00000892352.1,ENST00000892353.2,ENST00000892354.2,ENST00000892355.2,ENST00000892356.2,ENST00000947101.2,ENST00001004444.1,ENST00001004445.1,ENST00001101979.1,ENST00001101980.1,ENST00001101981.1,ENST00001101982.1,ENST00001101983.1,ENST00001101984.1,ENST00001101985.1,ENST00001101986.1,ENST00001138794.1	24	ENST00000204637.6,ENST00000594009.6,ENST00000596435.6,ENST00000597551.6,ENST00000600084.5,ENST00000601800.5,ENST00000892347.1,ENST00000892348.2,ENST00000892349.1,ENST00000892350.1,ENST00000892351.1,ENST00000892352.1,ENST00000892353.2,ENST00000892354.2,ENST00000892355.2,ENST00001004444.1,ENST00001004445.1,ENST00001101981.1,ENST00001101982.1,ENST00001101983.1,ENST00001101984.1,ENST00001101985.1,ENST00001101986.1,ENST00001138794.1	4	multiple_isoforms_differential_probe_coverage
FN1	5	43	5	0	27	ENST00000323926.11,ENST00000336916.9,ENST00000354785.11,ENST00000356005.9,ENST00000357867.9,ENST00000359671.6,ENST00000421182.6,ENST00000426059.2,ENST00000432072.7,ENST00000443816.6,ENST00000446046.6,ENST00000865084.2,ENST00000865085.2,ENST00000865086.2,ENST00000865087.2,ENST00000865088.2,ENST00000865089.2,ENST00000933287.2,ENST00000967217.2,ENST00000967218.2,ENST00000967219.2,ENST00001108273.1,ENST00001108274.1,ENST00001114429.1,ENST00001114430.1,ENST00001129894.1,ENST00001137442.1	26	ENST00000323926.11,ENST00000336916.9,ENST00000354785.11,ENST00000356005.9,ENST00000357867.9,ENST00000359671.6,ENST00000421182.6,ENST00000426059.2,ENST00000432072.7,ENST00000443816.6,ENST00000446046.6,ENST00000865084.2,ENST00000865085.2,ENST00000865086.2,ENST00000865087.2,ENST00000865088.2,ENST00000865089.2,ENST00000933287.2,ENST00000967217.2,ENST00000967218.2,ENST00000967219.2,ENST00001108273.1,ENST00001108274.1,ENST00001114429.1,ENST00001114430.1,ENST00001137442.1	2	multiple_isoforms_differential_probe_coverage
FOS	5	16	5	0	16	ENST00000303562.9,ENST00000535987.7,ENST00000554212.5,ENST00000554617.2,ENST00000555242.2,ENST00000555347.2,ENST00000555672.1,ENST00000555686.2,ENST00000556324.2,ENST00000557139.1,ENST00000871987.2,ENST00000944924.2,ENST00000988368.1,ENST00001119055.1,ENST00001119056.1,ENST00001136861.1	7	ENST00000303562.9,ENST00000871987.2,ENST00000944924.2,ENST00000988368.1,ENST00001119055.1,ENST00001119056.1,ENST00001136861.1	5	multiple_isoforms_differential_probe_coverage
FOXF1	5	4	5	0	4	ENST00000262426.6,ENST00001122298.1,ENST00001122299.1,ENST00001139344.1	3	ENST00000262426.6,ENST00001122299.1,ENST00001139344.1	2	multiple_isoforms_differential_probe_coverage
FOXP3	5	12	5	0	11	ENST00000376197.1,ENST00000376199.8,ENST00000376207.10,ENST00000455775.8,ENST00000518685.6,ENST00000557224.6,ENST00000651307.1,ENST00000652559.1,ENST00000905168.2,ENST00000905169.1,ENST00001132580.1	10	ENST00000376197.1,ENST00000376199.8,ENST00000376207.10,ENST00000455775.8,ENST00000518685.6,ENST00000557224.6,ENST00000651307.1,ENST00000905168.2,ENST00000905169.1,ENST00001132580.1	2	multiple_isoforms_differential_probe_coverage
FPR1	5	16	5	0	16	ENST00000304748.5,ENST00000594900.2,ENST00000595042.6,ENST00000600815.3,ENST00000881808.2,ENST00000881809.2,ENST00000881810.1,ENST00000930484.1,ENST00000948394.2,ENST00000948395.2,ENST00000948396.2,ENST00001095018.1,ENST00001095019.1,ENST00001126873.1,ENST00001126874.1,ENST00001136045.1	14	ENST00000304748.5,ENST00000594900.2,ENST00000595042.6,ENST00000600815.3,ENST00000881808.2,ENST00000881809.2,ENST00000881810.1,ENST00000930484.1,ENST00000948394.2,ENST00000948395.2,ENST00000948396.2,ENST00001095018.1,ENST00001095019.1,ENST00001136045.1	2	multiple_isoforms_differential_probe_coverage
FYB1	5	18	5	0	12	ENST00000351578.13,ENST00000506557.5,ENST00000509072.5,ENST00000510188.1,ENST00000512138.1,ENST00000512982.4,ENST00000515010.6,ENST00000646045.3,ENST00000909807.2,ENST00000909808.2,ENST00000909809.2,ENST00001134926.1	8	ENST00000351578.13,ENST00000512982.4,ENST00000515010.6,ENST00000646045.3,ENST00000909807.2,ENST00000909808.2,ENST00000909809.2,ENST00001134926.1	4	multiple_isoforms_differential_probe_coverage
FYN	5	87	5	0	84	ENST00000229471.9,ENST00000354650.7,ENST00000368667.7,ENST00000368678.9,ENST00000368682.9,ENST00000462598.7,ENST00000462856.6,ENST00000467899.5,ENST00000476769.6,ENST00000484067.6,ENST00000487824.2,ENST00000495927.5,ENST00000495935.1,ENST00000496864.6,ENST00000517419.5,ENST00000518295.5,ENST00000518630.5,ENST00000520518.5,ENST00000521062.5,ENST00000521361.5,ENST00000523238.5,ENST00000523322.5,ENST00000523570.5,ENST00000523574.5,ENST00000524310.5,ENST00000905530.2,ENST00000905531.2,ENST00000905532.2,ENST00000905533.2,ENST00000905534.2,ENST00000905535.2,ENST00000905536.2,ENST00000905537.2,ENST00000905538.2,ENST00000905539.2,ENST00000905540.2,ENST00000905541.2,ENST00000905542.2,ENST00000905543.2,ENST00000905544.2,ENST00000905545.2,ENST00000905546.2,ENST00000905547.2,ENST00000905548.2,ENST00000905549.2,ENST00000905550.2,ENST00000905551.2,ENST00000905552.2,ENST00000912314.2,ENST00000912315.2,ENST00000912316.2,ENST00000912317.2,ENST00000912318.2,ENST00000912319.2,ENST00000912320.2,ENST00000912321.2,ENST00000912322.2,ENST00000912323.2,ENST00000912324.2,ENST00000912325.2,ENST00000912326.2,ENST00000912327.2,ENST00000966561.2,ENST00000966562.2,ENST00000966563.2,ENST00000966564.2,ENST00000966565.2,ENST00000966566.2,ENST00000966567.2,ENST00000966568.2,ENST00000966569.2,ENST00000966570.2,ENST00000966571.2,ENST00000966572.2,ENST00000966573.2,ENST00000966574.2,ENST00000966575.2,ENST00000966576.2,ENST00000966577.2,ENST00001016292.1,ENST00001016293.1,ENST00001099098.1,ENST00001112802.1,ENST00001134049.1	62	ENST00000229471.9,ENST00000354650.7,ENST00000368667.7,ENST00000368678.9,ENST00000368682.9,ENST00000462856.6,ENST00000523322.5,ENST00000905530.2,ENST00000905531.2,ENST00000905532.2,ENST00000905533.2,ENST00000905534.2,ENST00000905535.2,ENST00000905536.2,ENST00000905537.2,ENST00000905538.2,ENST00000905539.2,ENST00000905540.2,ENST00000905541.2,ENST00000905542.2,ENST00000905543.2,ENST00000905544.2,ENST00000905545.2,ENST00000905547.2,ENST00000905548.2,ENST00000905549.2,ENST00000905550.2,ENST00000905551.2,ENST00000905552.2,ENST00000912314.2,ENST00000912315.2,ENST00000912316.2,ENST00000912317.2,ENST00000912318.2,ENST00000912319.2,ENST00000912320.2,ENST00000912321.2,ENST00000912322.2,ENST00000912323.2,ENST00000912324.2,ENST00000912325.2,ENST00000912326.2,ENST00000912327.2,ENST00000966561.2,ENST00000966562.2,ENST00000966563.2,ENST00000966565.2,ENST00000966566.2,ENST00000966567.2,ENST00000966568.2,ENST00000966569.2,ENST00000966570.2,ENST00000966571.2,ENST00000966572.2,ENST00000966573.2,ENST00000966575.2,ENST00000966576.2,ENST00000966577.2,ENST00001016292.1,ENST00001016293.1,ENST00001099098.1,ENST00001134049.1	4	multiple_isoforms_differential_probe_coverage
FZD1	5	2	5	0	2	ENST00000287934.4,ENST00001122654.1	2	ENST00000287934.4,ENST00001122654.1	1	multiple_isoforms_same_probe_coverage
FZD3	5	12	5	0	10	ENST00000240093.8,ENST00000537916.3,ENST00000878250.2,ENST00000927846.2,ENST00000927847.2,ENST00000927848.2,ENST00001075538.1,ENST00001075539.1,ENST00001124506.1,ENST00001135499.1	8	ENST00000240093.8,ENST00000537916.3,ENST00000878250.2,ENST00000927846.2,ENST00000927847.2,ENST00000927848.2,ENST00001075538.1,ENST00001135499.1	3	multiple_isoforms_differential_probe_coverage
FZD4	5	3	5	0	3	ENST00000531380.2,ENST00001118180.1,ENST00001118181.1	2	ENST00000531380.2,ENST00001118180.1	2	multiple_isoforms_differential_probe_coverage
FZD5	5	5	5	0	5	ENST00000295417.4,ENST00000908573.1,ENST00000937374.2,ENST00000937375.2,ENST00001145397.1	5	ENST00000295417.4,ENST00000908573.1,ENST00000937374.2,ENST00000937375.2,ENST00001145397.1	1	multiple_isoforms_same_probe_coverage
FZD6	5	23	5	0	23	ENST00000358755.5,ENST00000519011.5,ENST00000521195.1,ENST00000522484.5,ENST00000522566.6,ENST00000523739.6,ENST00000523933.5,ENST00000861009.2,ENST00000861010.2,ENST00000861011.2,ENST00000861012.2,ENST00000955107.2,ENST00000983059.1,ENST00000983060.1,ENST00000983061.1,ENST00001009411.1,ENST00001009412.1,ENST00001009413.1,ENST00001009415.1,ENST00001109710.1,ENST00001109711.1,ENST00001109712.1,ENST00001133956.1	15	ENST00000358755.5,ENST00000519011.5,ENST00000521195.1,ENST00000522484.5,ENST00000522566.6,ENST00000523739.6,ENST00000861009.2,ENST00000861010.2,ENST00000861012.2,ENST00000955107.2,ENST00000983060.1,ENST00000983061.1,ENST00001009411.1,ENST00001009412.1,ENST00001133956.1	4	multiple_isoforms_differential_probe_coverage
FZD7	5	1	5	0	1	ENST00000286201.3	1	ENST00000286201.3	1	single_isoform
FZD8	5	1	5	0	1	ENST00000374694.3	1	ENST00000374694.3	1	single_isoform
G6PC2	5	10	5	0	10	ENST00000282075.5,ENST00000375363.8,ENST00000421979.2,ENST00000429379.3,ENST00000461586.1,ENST00000612807.1,ENST00000617403.1,ENST00000618310.1,ENST00000622133.4,ENST00000622908.1	5	ENST00000282075.5,ENST00000375363.8,ENST00000429379.3,ENST00000617403.1,ENST00000622133.4	4	multiple_isoforms_differential_probe_coverage
G6PD	5	36	5	0	34	ENST00000369620.6,ENST00000393562.10,ENST00000393564.8,ENST00000433845.1,ENST00000439227.6,ENST00000440967.5,ENST00000488434.1,ENST00000490651.1,ENST00000497281.5,ENST00000647501.1,ENST00000696420.2,ENST00000696421.2,ENST00000696422.1,ENST00000696423.1,ENST00000696424.1,ENST00000696425.1,ENST00000696426.1,ENST00000696427.1,ENST00000696428.1,ENST00000696429.1,ENST00000696430.2,ENST00000696431.1,ENST00000907454.1,ENST00000907455.2,ENST00000907456.2,ENST00000907457.1,ENST00000915894.2,ENST00000915895.2,ENST00000915896.2,ENST00000915897.1,ENST00000968237.2,ENST00001005900.1,ENST00001046981.1,ENST00001065124.1	18	ENST00000369620.6,ENST00000393562.10,ENST00000393564.8,ENST00000439227.6,ENST00000696425.1,ENST00000696426.1,ENST00000696427.1,ENST00000696428.1,ENST00000696429.1,ENST00000696430.2,ENST00000907454.1,ENST00000907455.2,ENST00000907457.1,ENST00000915895.2,ENST00000915896.2,ENST00000915897.1,ENST00000968237.2,ENST00001046981.1	5	multiple_isoforms_differential_probe_coverage
GADD45B	5	14	5	0	14	ENST00000215631.9,ENST00000585359.1,ENST00000586759.1,ENST00000587345.2,ENST00000587887.5,ENST00000592937.1,ENST00000593043.1,ENST00000718317.1,ENST00000904740.2,ENST00000993792.1,ENST00000993793.1,ENST00001067810.1,ENST00001093541.1,ENST00001141953.1	2	ENST00000215631.9,ENST00001141953.1	5	multiple_isoforms_differential_probe_coverage
GAS6	5	67	5	0	65	ENST00000327773.7,ENST00000480426.5,ENST00000608763.1,ENST00000610073.1,ENST00000881720.1,ENST00000881721.2,ENST00000881722.2,ENST00000881723.2,ENST00000881724.2,ENST00000881725.2,ENST00000881726.2,ENST00000881727.2,ENST00000881728.2,ENST00000881729.2,ENST00000881730.2,ENST00000881731.2,ENST00000881732.2,ENST00000881733.2,ENST00000881734.2,ENST00000881735.2,ENST00000881736.2,ENST00000881737.2,ENST00000881738.2,ENST00000881739.2,ENST00000881740.2,ENST00000952101.2,ENST00000952102.2,ENST00000952103.2,ENST00000952104.2,ENST00000952105.2,ENST00000952106.2,ENST00000952107.2,ENST00000952108.2,ENST00000952109.2,ENST00000952110.2,ENST00000952111.2,ENST00000952112.2,ENST00000952113.2,ENST00000952114.2,ENST00000952115.2,ENST00000998784.1,ENST00000998787.1,ENST00000998788.1,ENST00000998789.1,ENST00000998790.1,ENST00000998791.1,ENST00001050977.1,ENST00001050979.1,ENST00001050980.1,ENST00001050981.1,ENST00001050982.1,ENST00001050984.1,ENST00001050986.1,ENST00001050987.1,ENST00001050989.1,ENST00001050990.1,ENST00001050991.1,ENST00001050992.1,ENST00001050996.1,ENST00001050998.1,ENST00001050999.1,ENST00001051002.1,ENST00001051004.1,ENST00001051005.1,ENST00001132199.1	44	ENST00000327773.7,ENST00000881720.1,ENST00000881721.2,ENST00000881723.2,ENST00000881725.2,ENST00000881726.2,ENST00000881727.2,ENST00000881728.2,ENST00000881729.2,ENST00000881731.2,ENST00000881733.2,ENST00000881734.2,ENST00000881736.2,ENST00000881737.2,ENST00000881739.2,ENST00000881740.2,ENST00000952101.2,ENST00000952104.2,ENST00000952106.2,ENST00000952107.2,ENST00000952108.2,ENST00000952109.2,ENST00000952110.2,ENST00000952111.2,ENST00000952113.2,ENST00000952114.2,ENST00000998789.1,ENST00000998790.1,ENST00000998791.1,ENST00001050977.1,ENST00001050979.1,ENST00001050980.1,ENST00001050981.1,ENST00001050982.1,ENST00001050984.1,ENST00001050987.1,ENST00001050989.1,ENST00001050990.1,ENST00001050996.1,ENST00001050999.1,ENST00001051002.1,ENST00001051004.1,ENST00001051005.1,ENST00001132199.1	5	multiple_isoforms_differential_probe_coverage
GATA3	5	9	5	0	9	ENST00000346208.5,ENST00000379328.9,ENST00000461472.1,ENST00000481743.2,ENST00000643001.1,ENST00000872595.2,ENST00000955812.2,ENST00000955813.2,ENST00001140932.1	6	ENST00000346208.5,ENST00000379328.9,ENST00000872595.2,ENST00000955812.2,ENST00000955813.2,ENST00001140932.1	3	multiple_isoforms_differential_probe_coverage
GC	5	39	5	0	38	ENST00000273951.13,ENST00000503472.5,ENST00000504199.6,ENST00000505234.1,ENST00000506245.1,ENST00000509740.5,ENST00000513476.6,ENST00000882421.1,ENST00000882422.1,ENST00000882423.1,ENST00000882424.1,ENST00000882425.1,ENST00000882426.1,ENST00000882427.1,ENST00000882428.1,ENST00000882429.1,ENST00000882430.1,ENST00000882431.1,ENST00000882432.1,ENST00000941117.1,ENST00000941118.1,ENST00000994914.1,ENST00000994916.1,ENST00000994917.1,ENST00000994918.1,ENST00000994919.1,ENST00000994926.1,ENST00000994927.1,ENST00000994931.1,ENST00000994935.1,ENST00000994936.1,ENST00000994941.1,ENST00000994944.1,ENST00000994948.1,ENST00000994949.1,ENST00001096554.1,ENST00001096555.1,ENST00001096556.1	31	ENST00000273951.13,ENST00000503472.5,ENST00000504199.6,ENST00000513476.6,ENST00000882421.1,ENST00000882422.1,ENST00000882423.1,ENST00000882424.1,ENST00000882425.1,ENST00000882426.1,ENST00000882427.1,ENST00000882428.1,ENST00000882429.1,ENST00000882430.1,ENST00000882431.1,ENST00000882432.1,ENST00000941117.1,ENST00000941118.1,ENST00000994914.1,ENST00000994916.1,ENST00000994917.1,ENST00000994918.1,ENST00000994919.1,ENST00000994926.1,ENST00000994931.1,ENST00000994935.1,ENST00000994936.1,ENST00000994941.1,ENST00000994948.1,ENST00001096554.1,ENST00001096555.1	5	multiple_isoforms_differential_probe_coverage
GCG	5	6	5	0	5	ENST00000375497.3,ENST00000418842.7,ENST00000492913.1,ENST00000497568.1,ENST00001145410.1	2	ENST00000418842.7,ENST00001145410.1	4	multiple_isoforms_differential_probe_coverage
GDF10	5	4	5	0	4	ENST00000580279.2,ENST00000895678.2,ENST00001118900.1,ENST00001135789.1	3	ENST00000580279.2,ENST00000895678.2,ENST00001135789.1	2	multiple_isoforms_differential_probe_coverage
GDF15	5	6	5	0	5	ENST00000252809.3,ENST00000594925.1,ENST00000595973.3,ENST00000597765.2,ENST00001142234.1	4	ENST00000252809.3,ENST00000595973.3,ENST00000597765.2,ENST00001142234.1	2	multiple_isoforms_differential_probe_coverage
GDF3	5	2	5	0	2	ENST00000329913.4,ENST00001138235.1	2	ENST00000329913.4,ENST00001138235.1	1	multiple_isoforms_same_probe_coverage
GDF6	5	2	5	0	2	ENST00000287020.7,ENST00001135812.1	2	ENST00000287020.7,ENST00001135812.1	1	multiple_isoforms_same_probe_coverage
GDF9	5	9	5	0	9	ENST00000296875.4,ENST00000378673.2,ENST00000464378.2,ENST00000621295.5,ENST00000624492.4,ENST00000624495.4,ENST00000687138.1,ENST00000687214.1,ENST00001132041.1	9	ENST00000296875.4,ENST00000378673.2,ENST00000464378.2,ENST00000621295.5,ENST00000624492.4,ENST00000624495.4,ENST00000687138.1,ENST00000687214.1,ENST00001132041.1	1	multiple_isoforms_same_probe_coverage
GDNF	5	10	5	0	10	ENST00000326524.7,ENST00000344622.8,ENST00000381826.8,ENST00000427982.5,ENST00000502572.1,ENST00000510177.5,ENST00000515058.5,ENST00000620847.1,ENST00000854000.2,ENST00001134473.1	5	ENST00000326524.7,ENST00000344622.8,ENST00000620847.1,ENST00000854000.2,ENST00001134473.1	3	multiple_isoforms_differential_probe_coverage
GLUD1	5	54	5	0	49	ENST00000277865.5,ENST00000474574.2,ENST00000487058.2,ENST00000681987.1,ENST00000681988.2,ENST00000682396.1,ENST00000682507.2,ENST00000682622.1,ENST00000682833.1,ENST00000683022.1,ENST00000683256.2,ENST00000683269.2,ENST00000683647.1,ENST00000683649.1,ENST00000683783.2,ENST00000683813.1,ENST00000684032.1,ENST00000684201.2,ENST00000684338.1,ENST00000684372.2,ENST00000684434.1,ENST00000684546.2,ENST00000684665.1,ENST00000684690.1,ENST00000684699.1,ENST00000898382.2,ENST00000898383.2,ENST00000898384.2,ENST00000898385.2,ENST00000898386.2,ENST00000898387.2,ENST00000898388.2,ENST00000898389.2,ENST00000898390.2,ENST00000898391.2,ENST00000898392.2,ENST00000915199.2,ENST00000915200.2,ENST00000915201.2,ENST00000944406.2,ENST00000944407.2,ENST00001001914.1,ENST00001001915.1,ENST00001040632.1,ENST00001040633.1,ENST00001107490.1,ENST00001120871.1,ENST00001120872.1,ENST00001140277.1	24	ENST00000277865.5,ENST00000681988.2,ENST00000682507.2,ENST00000683256.2,ENST00000683269.2,ENST00000683783.2,ENST00000684201.2,ENST00000684372.2,ENST00000684546.2,ENST00000898382.2,ENST00000898383.2,ENST00000898384.2,ENST00000898385.2,ENST00000898386.2,ENST00000898387.2,ENST00000898388.2,ENST00000898390.2,ENST00000898392.2,ENST00000915199.2,ENST00000915200.2,ENST00000915201.2,ENST00000944406.2,ENST00000944407.2,ENST00001140277.1	4	multiple_isoforms_differential_probe_coverage
GLUL	5	11	5	0	11	ENST00000311223.10,ENST00000331872.11,ENST00000339526.10,ENST00000417584.7,ENST00000461447.1,ENST00000462444.1,ENST00000463851.6,ENST00000475808.5,ENST00000489818.5,ENST00000491322.1,ENST00000642379.2	6	ENST00000311223.10,ENST00000331872.11,ENST00000339526.10,ENST00000417584.7,ENST00000491322.1,ENST00000642379.2	3	multiple_isoforms_differential_probe_coverage
GNLY	5	31	5	0	31	ENST00000263863.9,ENST00000409696.8,ENST00000464298.5,ENST00000470974.1,ENST00000482900.5,ENST00000488945.5,ENST00000489214.5,ENST00000489980.5,ENST00000491234.1,ENST00000524600.6,ENST00000526018.1,ENST00000531685.1,ENST00000533041.5,ENST00000534351.5,ENST00000905733.2,ENST00001036754.1,ENST00001036755.1,ENST00001100274.1,ENST00001100275.1,ENST00001100276.1,ENST00001100277.1,ENST00001100278.1,ENST00001100279.1,ENST00001100280.1,ENST00001100281.1,ENST00001100282.1,ENST00001100283.1,ENST00001100284.1,ENST00001100285.1,ENST00001100286.1,ENST00001145277.1	5	ENST00000263863.9,ENST00000409696.8,ENST00000524600.6,ENST00001100280.1,ENST00001145277.1	5	multiple_isoforms_differential_probe_coverage
GPBAR1	5	7	5	0	7	ENST00000479077.6,ENST00000519574.2,ENST00000521462.2,ENST00000522678.5,ENST00000971011.2,ENST00000971012.2,ENST00000971013.2	7	ENST00000479077.6,ENST00000519574.2,ENST00000521462.2,ENST00000522678.5,ENST00000971011.2,ENST00000971012.2,ENST00000971013.2	1	multiple_isoforms_same_probe_coverage
GPER1	5	18	5	0	18	ENST00000297469.4,ENST00000397088.4,ENST00000397092.6,ENST00000401670.2,ENST00000413368.5,ENST00000853504.2,ENST00000853505.2,ENST00000853506.2,ENST00000853507.2,ENST00000853508.2,ENST00000853509.2,ENST00000853510.2,ENST00000853511.2,ENST00000853512.2,ENST00000853513.2,ENST00000964574.2,ENST00000964575.2,ENST00001142994.1	17	ENST00000297469.4,ENST00000397088.4,ENST00000397092.6,ENST00000401670.2,ENST00000853504.2,ENST00000853505.2,ENST00000853506.2,ENST00000853507.2,ENST00000853508.2,ENST00000853509.2,ENST00000853510.2,ENST00000853511.2,ENST00000853512.2,ENST00000853513.2,ENST00000964574.2,ENST00000964575.2,ENST00001142994.1	2	multiple_isoforms_differential_probe_coverage
GPNMB	5	40	5	0	39	ENST00000258733.9,ENST00000381990.7,ENST00000409458.4,ENST00000459927.5,ENST00000463011.5,ENST00000465673.5,ENST00000468723.1,ENST00000470994.1,ENST00000478451.1,ENST00000479625.1,ENST00000487890.5,ENST00000492512.1,ENST00000492858.6,ENST00000647578.2,ENST00000878815.2,ENST00000878816.2,ENST00000878817.2,ENST00000878818.2,ENST00000878819.2,ENST00000878820.2,ENST00000963721.2,ENST00000963722.2,ENST00000963723.2,ENST00000963724.2,ENST00000982203.1,ENST00000982204.1,ENST00001056150.1,ENST00001056154.1,ENST00001056155.1,ENST00001056159.1,ENST00001056161.1,ENST00001056162.1,ENST00001096256.1,ENST00001113498.1,ENST00001120958.1,ENST00001120959.1,ENST00001126203.1,ENST00001126204.1,ENST00001142045.1	22	ENST00000258733.9,ENST00000381990.7,ENST00000647578.2,ENST00000878815.2,ENST00000878817.2,ENST00000878818.2,ENST00000878819.2,ENST00000878820.2,ENST00000963722.2,ENST00000982203.1,ENST00000982204.1,ENST00001056150.1,ENST00001056154.1,ENST00001056155.1,ENST00001056159.1,ENST00001056161.1,ENST00001056162.1,ENST00001096256.1,ENST00001120958.1,ENST00001126203.1,ENST00001126204.1,ENST00001142045.1	5	multiple_isoforms_differential_probe_coverage
GPR183	5	3	5	0	3	ENST00000376414.5,ENST00000858905.2,ENST00001131581.1	3	ENST00000376414.5,ENST00000858905.2,ENST00001131581.1	1	multiple_isoforms_same_probe_coverage
GPX1	5	15	5	0	15	ENST00000419349.3,ENST00000419783.3,ENST00000496791.4,ENST00000643797.2,ENST00000646881.4,ENST00000703795.1,ENST00000703796.1,ENST00000703797.1,ENST00000704356.2,ENST00000704374.1,ENST00000704375.1,ENST00000704376.1,ENST00000704377.2,ENST00000704378.2,ENST00001140145.1	9	ENST00000419349.3,ENST00000419783.3,ENST00000496791.4,ENST00000643797.2,ENST00000646881.4,ENST00000703795.1,ENST00000704374.1,ENST00000704375.1,ENST00001140145.1	5	multiple_isoforms_differential_probe_coverage
GPX3	5	10	5	0	9	ENST00000388825.9,ENST00000517973.2,ENST00000519214.5,ENST00000520059.1,ENST00000520597.1,ENST00000521632.1,ENST00000521650.5,ENST00000521722.5,ENST00001136258.1	2	ENST00000388825.9,ENST00001136258.1	5	multiple_isoforms_differential_probe_coverage
GSN	5	306	5	0	303	ENST00000373806.1,ENST00000373807.5,ENST00000373808.9,ENST00000373818.9,ENST00000373823.8,ENST00000394353.8,ENST00000432226.7,ENST00000449733.8,ENST00000477104.2,ENST00000477553.1,ENST00000477863.5,ENST00000483960.5,ENST00000485767.1,ENST00000545652.7,ENST00000699558.2,ENST00000900518.1,ENST00000900519.2,ENST00000900520.2,ENST00000900521.2,ENST00000900522.2,ENST00000900523.2,ENST00000900524.2,ENST00000900525.2,ENST00000900526.2,ENST00000900527.2,ENST00000900528.2,ENST00000900529.2,ENST00000900530.2,ENST00000900531.2,ENST00000900532.2,ENST00000900533.2,ENST00000900534.2,ENST00000900535.2,ENST00000900536.2,ENST00000900537.2,ENST00000900538.2,ENST00000900539.2,ENST00000900540.2,ENST00000900541.2,ENST00000900542.2,ENST00000900543.2,ENST00000900544.2,ENST00000900545.2,ENST00000900546.2,ENST00000900547.2,ENST00000900548.2,ENST00000900549.2,ENST00000900550.2,ENST00000900551.2,ENST00000900552.2,ENST00000900553.2,ENST00000900554.2,ENST00000900555.2,ENST00000900556.2,ENST00000900557.2,ENST00000900558.2,ENST00000900559.2,ENST00000900560.2,ENST00000900561.2,ENST00000900562.2,ENST00000900563.2,ENST00000900564.2,ENST00000900565.2,ENST00000900566.2,ENST00000900567.2,ENST00000900568.2,ENST00000900569.2,ENST00000900570.2,ENST00000900571.2,ENST00000900572.2,ENST00000900573.2,ENST00000900574.2,ENST00000900575.2,ENST00000900576.2,ENST00000900577.2,ENST00000900578.2,ENST00000900579.2,ENST00000900580.2,ENST00000900581.2,ENST00000900582.2,ENST00000900583.2,ENST00000900584.2,ENST00000900585.2,ENST00000900586.2,ENST00000900587.2,ENST00000900588.2,ENST00000900589.2,ENST00000900590.2,ENST00000900591.2,ENST00000900592.2,ENST00000900593.2,ENST00000900594.2,ENST00000900595.2,ENST00000900596.2,ENST00000900597.2,ENST00000900598.2,ENST00000900599.2,ENST00000900600.2,ENST00000900601.2,ENST00000900602.2,ENST00000900603.2,ENST00000900604.2,ENST00000900605.2,ENST00000900606.2,ENST00000900607.2,ENST00000900608.2,ENST00000900609.2,ENST00000900610.2,ENST00000900611.2,ENST00000900612.2,ENST00000900613.2,ENST00000900614.2,ENST00000900615.2,ENST00000900616.2,ENST00000900617.2,ENST00000900618.2,ENST00000900619.2,ENST00000900620.2,ENST00000900621.2,ENST00000900622.2,ENST00000900623.2,ENST00000900624.2,ENST00000900625.2,ENST00000900626.2,ENST00000900627.2,ENST00000900628.2,ENST00000900629.2,ENST00000900630.2,ENST00000900631.2,ENST00000900632.2,ENST00000900633.2,ENST00000900634.2,ENST00000900635.2,ENST00000900636.2,ENST00000900637.2,ENST00000900638.2,ENST00000900639.2,ENST00000900640.2,ENST00000900641.2,ENST00000900642.2,ENST00000900643.2,ENST00000900644.2,ENST00000900645.2,ENST00000900646.2,ENST00000917232.2,ENST00000917233.2,ENST00000917234.2,ENST00000917235.2,ENST00000917236.2,ENST00000917237.2,ENST00000917238.2,ENST00000917239.2,ENST00000972553.2,ENST00000972554.2,ENST00000972555.2,ENST00000972556.2,ENST00000972557.2,ENST00000972558.2,ENST00000972559.2,ENST00000972560.2,ENST00000972561.2,ENST00000972562.2,ENST00000972563.2,ENST00000972564.2,ENST00000972565.2,ENST00000972566.2,ENST00000972567.2,ENST00000972568.2,ENST00000972569.2,ENST00000972570.2,ENST00000972571.2,ENST00000972572.2,ENST00000972573.2,ENST00000972574.2,ENST00000972575.2,ENST00000972576.2,ENST00000972577.2,ENST00000972578.2,ENST00000972579.2,ENST00000972580.2,ENST00000972581.2,ENST00000972582.1,ENST00000972583.2,ENST00000972584.2,ENST00000972585.2,ENST00000972586.2,ENST00000972587.2,ENST00000972588.2,ENST00000972589.2,ENST00000972590.2,ENST00000972591.2,ENST00000972592.2,ENST00000972593.2,ENST00000972594.2,ENST00000972595.2,ENST00000972596.2,ENST00000972597.2,ENST00000972598.2,ENST00000972599.2,ENST00000972600.2,ENST00000972601.2,ENST00000972602.2,ENST00000972603.2,ENST00000972604.2,ENST00000972605.2,ENST00000972606.2,ENST00000972607.2,ENST00000972608.2,ENST00000972609.2,ENST00000972610.2,ENST00000972611.2,ENST00000972612.2,ENST00000972613.2,ENST00000972614.2,ENST00000972615.2,ENST00000972616.2,ENST00000972617.2,ENST00000972618.2,ENST00000972619.2,ENST00000972620.2,ENST00000972621.2,ENST00000972622.2,ENST00000972623.2,ENST00000972624.2,ENST00000972625.2,ENST00000972626.2,ENST00000972627.2,ENST00000972628.2,ENST00000972629.2,ENST00000972630.2,ENST00000972631.2,ENST00000972632.2,ENST00000972633.2,ENST00000972634.2,ENST00000972635.2,ENST00000972636.2,ENST00000972637.2,ENST00000972638.2,ENST00000972639.2,ENST00000972640.2,ENST00000972641.1,ENST00000972642.2,ENST00000972643.2,ENST00000972644.2,ENST00000972645.2,ENST00000972646.2,ENST00000972647.2,ENST00000972648.2,ENST00000972649.2,ENST00000972650.2,ENST00000972651.2,ENST00000972652.2,ENST00000972653.2,ENST00000972654.2,ENST00000972655.2,ENST00000972656.2,ENST00000972657.2,ENST00000972658.2,ENST00000972659.2,ENST00000972660.2,ENST00000972661.2,ENST00000972662.2,ENST00000972663.2,ENST00000972664.2,ENST00000972665.2,ENST00000972666.2,ENST00000972667.2,ENST00000972668.2,ENST00000972669.2,ENST00000972670.2,ENST00000972671.2,ENST00000972672.2,ENST00000972673.2,ENST00000995679.1,ENST00000995680.1,ENST00000995682.1,ENST00000995685.1,ENST00000995688.1,ENST00001046590.1,ENST00001046591.1,ENST00001046602.1,ENST00001046604.1,ENST00001046608.1,ENST00001046609.1,ENST00001046611.1,ENST00001046614.1,ENST00001046618.1,ENST00001046621.1,ENST00001046622.1,ENST00001046623.1,ENST00001046625.1,ENST00001046628.1,ENST00001046636.1,ENST00001046639.1,ENST00001046641.1,ENST00001046643.1,ENST00001046645.1,ENST00001046659.1,ENST00001046660.1,ENST00001046669.1,ENST00001129224.1,ENST00001129225.1,ENST00001137562.1	264	ENST00000373808.9,ENST00000373818.9,ENST00000373823.8,ENST00000394353.8,ENST00000432226.7,ENST00000449733.8,ENST00000545652.7,ENST00000699558.2,ENST00000900518.1,ENST00000900519.2,ENST00000900520.2,ENST00000900521.2,ENST00000900522.2,ENST00000900523.2,ENST00000900524.2,ENST00000900525.2,ENST00000900526.2,ENST00000900527.2,ENST00000900528.2,ENST00000900529.2,ENST00000900530.2,ENST00000900531.2,ENST00000900532.2,ENST00000900533.2,ENST00000900534.2,ENST00000900535.2,ENST00000900536.2,ENST00000900537.2,ENST00000900538.2,ENST00000900539.2,ENST00000900540.2,ENST00000900541.2,ENST00000900542.2,ENST00000900543.2,ENST00000900544.2,ENST00000900545.2,ENST00000900546.2,ENST00000900547.2,ENST00000900548.2,ENST00000900549.2,ENST00000900550.2,ENST00000900551.2,ENST00000900552.2,ENST00000900553.2,ENST00000900554.2,ENST00000900557.2,ENST00000900558.2,ENST00000900559.2,ENST00000900560.2,ENST00000900561.2,ENST00000900562.2,ENST00000900563.2,ENST00000900564.2,ENST00000900565.2,ENST00000900566.2,ENST00000900567.2,ENST00000900568.2,ENST00000900569.2,ENST00000900571.2,ENST00000900572.2,ENST00000900573.2,ENST00000900574.2,ENST00000900575.2,ENST00000900576.2,ENST00000900577.2,ENST00000900578.2,ENST00000900579.2,ENST00000900580.2,ENST00000900581.2,ENST00000900582.2,ENST00000900584.2,ENST00000900585.2,ENST00000900587.2,ENST00000900588.2,ENST00000900589.2,ENST00000900590.2,ENST00000900591.2,ENST00000900592.2,ENST00000900593.2,ENST00000900594.2,ENST00000900595.2,ENST00000900596.2,ENST00000900597.2,ENST00000900598.2,ENST00000900599.2,ENST00000900600.2,ENST00000900601.2,ENST00000900602.2,ENST00000900603.2,ENST00000900604.2,ENST00000900605.2,ENST00000900606.2,ENST00000900607.2,ENST00000900608.2,ENST00000900609.2,ENST00000900610.2,ENST00000900611.2,ENST00000900612.2,ENST00000900613.2,ENST00000900614.2,ENST00000900615.2,ENST00000900616.2,ENST00000900617.2,ENST00000900618.2,ENST00000900619.2,ENST00000900620.2,ENST00000900621.2,ENST00000900622.2,ENST00000900623.2,ENST00000900624.2,ENST00000900625.2,ENST00000900626.2,ENST00000900627.2,ENST00000900629.2,ENST00000900630.2,ENST00000900631.2,ENST00000900632.2,ENST00000900633.2,ENST00000900634.2,ENST00000900635.2,ENST00000900636.2,ENST00000900641.2,ENST00000900642.2,ENST00000900643.2,ENST00000900644.2,ENST00000900645.2,ENST00000900646.2,ENST00000917232.2,ENST00000917233.2,ENST00000917234.2,ENST00000917235.2,ENST00000917237.2,ENST00000917238.2,ENST00000917239.2,ENST00000972553.2,ENST00000972554.2,ENST00000972555.2,ENST00000972556.2,ENST00000972557.2,ENST00000972558.2,ENST00000972559.2,ENST00000972560.2,ENST00000972561.2,ENST00000972562.2,ENST00000972563.2,ENST00000972565.2,ENST00000972566.2,ENST00000972567.2,ENST00000972568.2,ENST00000972569.2,ENST00000972570.2,ENST00000972571.2,ENST00000972572.2,ENST00000972573.2,ENST00000972574.2,ENST00000972575.2,ENST00000972576.2,ENST00000972577.2,ENST00000972578.2,ENST00000972579.2,ENST00000972581.2,ENST00000972582.1,ENST00000972583.2,ENST00000972584.2,ENST00000972585.2,ENST00000972588.2,ENST00000972589.2,ENST00000972591.2,ENST00000972592.2,ENST00000972593.2,ENST00000972594.2,ENST00000972595.2,ENST00000972596.2,ENST00000972597.2,ENST00000972598.2,ENST00000972599.2,ENST00000972600.2,ENST00000972601.2,ENST00000972602.2,ENST00000972603.2,ENST00000972604.2,ENST00000972605.2,ENST00000972606.2,ENST00000972607.2,ENST00000972608.2,ENST00000972609.2,ENST00000972610.2,ENST00000972611.2,ENST00000972612.2,ENST00000972615.2,ENST00000972616.2,ENST00000972617.2,ENST00000972618.2,ENST00000972619.2,ENST00000972620.2,ENST00000972621.2,ENST00000972622.2,ENST00000972623.2,ENST00000972624.2,ENST00000972625.2,ENST00000972626.2,ENST00000972627.2,ENST00000972628.2,ENST00000972629.2,ENST00000972631.2,ENST00000972632.2,ENST00000972633.2,ENST00000972634.2,ENST00000972635.2,ENST00000972636.2,ENST00000972637.2,ENST00000972638.2,ENST00000972639.2,ENST00000972640.2,ENST00000972641.1,ENST00000972642.2,ENST00000972643.2,ENST00000972644.2,ENST00000972645.2,ENST00000972646.2,ENST00000972647.2,ENST00000972648.2,ENST00000972649.2,ENST00000972650.2,ENST00000972653.2,ENST00000972655.2,ENST00000972658.2,ENST00000972659.2,ENST00000972660.2,ENST00000972661.2,ENST00000972662.2,ENST00000972664.2,ENST00000972667.2,ENST00000972668.2,ENST00000972669.2,ENST00000972670.2,ENST00000972671.2,ENST00000972672.2,ENST00000995679.1,ENST00000995680.1,ENST00000995682.1,ENST00000995688.1,ENST00001046590.1,ENST00001046591.1,ENST00001046602.1,ENST00001046608.1,ENST00001046609.1,ENST00001046611.1,ENST00001046614.1,ENST00001046618.1,ENST00001046622.1,ENST00001046623.1,ENST00001046625.1,ENST00001046628.1,ENST00001046636.1,ENST00001046639.1,ENST00001046641.1,ENST00001046643.1,ENST00001046659.1,ENST00001046660.1,ENST00001046669.1,ENST00001129224.1,ENST00001129225.1,ENST00001137562.1	5	multiple_isoforms_differential_probe_coverage
GSTP1	5	28	5	0	28	ENST00000398603.7,ENST00000398606.10,ENST00000467591.1,ENST00000489040.1,ENST00000494593.1,ENST00000495996.3,ENST00000498765.5,ENST00000646888.1,ENST00000906565.2,ENST00000906566.2,ENST00000906567.2,ENST00000914373.2,ENST00000914374.2,ENST00000914375.2,ENST00000914376.2,ENST00000914377.2,ENST00000914378.2,ENST00000914379.2,ENST00000914380.2,ENST00001066433.1,ENST00001066437.1,ENST00001066439.1,ENST00001066456.1,ENST00001066465.1,ENST00001103891.1,ENST00001103892.1,ENST00001127221.1,ENST00001141368.1	13	ENST00000398603.7,ENST00000398606.10,ENST00000494593.1,ENST00000495996.3,ENST00000498765.5,ENST00000906565.2,ENST00000906567.2,ENST00000914374.2,ENST00001066433.1,ENST00001066437.1,ENST00001066465.1,ENST00001103891.1,ENST00001141368.1	5	multiple_isoforms_differential_probe_coverage
GZMA	5	6	5	0	6	ENST00000274306.7,ENST00000978878.1,ENST00001102030.1,ENST00001102031.1,ENST00001102032.1,ENST00001138335.1	5	ENST00000274306.7,ENST00001102030.1,ENST00001102031.1,ENST00001102032.1,ENST00001138335.1	2	multiple_isoforms_differential_probe_coverage
GZMB	5	10	5	0	10	ENST00000216341.9,ENST00000415355.8,ENST00000526004.2,ENST00000530830.1,ENST00000532263.5,ENST00000554242.5,ENST00000859020.2,ENST00001091013.1,ENST00001091014.1,ENST00001136792.1	6	ENST00000216341.9,ENST00000415355.8,ENST00000859020.2,ENST00001091013.1,ENST00001091014.1,ENST00001136792.1	5	multiple_isoforms_differential_probe_coverage
GZMH	5	10	5	0	10	ENST00000216338.9,ENST00000382548.5,ENST00000557220.7,ENST00000877853.2,ENST00001002669.1,ENST00001095547.1,ENST00001095548.1,ENST00001095549.1,ENST00001095550.1,ENST00001132824.1	6	ENST00000216338.9,ENST00000382548.5,ENST00000877853.2,ENST00001002669.1,ENST00001095549.1,ENST00001132824.1	3	multiple_isoforms_differential_probe_coverage
GZMK	5	3	5	0	3	ENST00000231009.3,ENST00000512089.1,ENST00001090631.1	1	ENST00000231009.3	3	multiple_isoforms_differential_probe_coverage
H2AZ1	5	30	5	0	30	ENST00000296417.6,ENST00000511203.1,ENST00000511319.5,ENST00000511348.1,ENST00000527366.1,ENST00000529158.5,ENST00000651623.2,ENST00000853046.1,ENST00000853047.2,ENST00000920946.2,ENST00000920947.2,ENST00000920948.2,ENST00000920949.2,ENST00000920950.2,ENST00000920951.2,ENST00000920952.2,ENST00000920953.2,ENST00000920954.2,ENST00000949049.2,ENST00001008310.1,ENST00001059355.1,ENST00001059358.1,ENST00001059366.1,ENST00001059373.1,ENST00001059374.1,ENST00001059392.1,ENST00001059393.1,ENST00001059397.1,ENST00001102911.1,ENST00001140415.1	10	ENST00000296417.6,ENST00000651623.2,ENST00000853047.2,ENST00000920951.2,ENST00000920954.2,ENST00000949049.2,ENST00001059355.1,ENST00001059358.1,ENST00001102911.1,ENST00001140415.1	5	multiple_isoforms_differential_probe_coverage
H4C3	5	1	5	0	1	ENST00000377803.4	1	ENST00000377803.4	1	single_isoform
HAVCR2	5	16	5	0	15	ENST00000307851.9,ENST00000517358.4,ENST00000521665.2,ENST00000522593.7,ENST00000522902.1,ENST00000524219.3,ENST00000696897.2,ENST00000696899.2,ENST00000696900.2,ENST00000696901.1,ENST00000696902.2,ENST00000853244.2,ENST00001027720.1,ENST00001027721.1,ENST00001132066.1	13	ENST00000307851.9,ENST00000517358.4,ENST00000522593.7,ENST00000524219.3,ENST00000696897.2,ENST00000696899.2,ENST00000696900.2,ENST00000696901.1,ENST00000696902.2,ENST00000853244.2,ENST00001027720.1,ENST00001027721.1,ENST00001132066.1	2	multiple_isoforms_differential_probe_coverage
HBA1	5	26	5	0	26	ENST00000320868.9,ENST00000397797.1,ENST00000472694.1,ENST00000487791.1,ENST00000875767.2,ENST00001097572.1,ENST00001097573.1,ENST00001097574.1,ENST00001097575.1,ENST00001097576.1,ENST00001097577.1,ENST00001097578.1,ENST00001097579.1,ENST00001097580.1,ENST00001097581.1,ENST00001097582.1,ENST00001097583.1,ENST00001097584.1,ENST00001097585.1,ENST00001097586.1,ENST00001097587.1,ENST00001097588.1,ENST00001097589.1,ENST00001097590.1,ENST00001097591.1,ENST00001133526.1	3	ENST00000320868.9,ENST00001097580.1,ENST00001133526.1	5	multiple_isoforms_differential_probe_coverage
HBB	5	19	5	0	19	ENST00000335295.4,ENST00000380315.2,ENST00000475226.1,ENST00000485743.2,ENST00000633227.1,ENST00000647020.1,ENST00000883533.1,ENST00001098717.1,ENST00001098718.1,ENST00001098719.1,ENST00001098720.1,ENST00001098721.1,ENST00001098722.1,ENST00001098723.1,ENST00001098724.1,ENST00001098725.1,ENST00001098726.1,ENST00001098727.1,ENST00001098728.1	10	ENST00000335295.4,ENST00000633227.1,ENST00000647020.1,ENST00000883533.1,ENST00001098717.1,ENST00001098718.1,ENST00001098720.1,ENST00001098721.1,ENST00001098722.1,ENST00001098723.1	5	multiple_isoforms_differential_probe_coverage
HCAR2	5	1	5	0	1	ENST00000328880.6	1	ENST00000328880.6	1	single_isoform
HCAR3	5	1	5	0	1	ENST00000528880.3	1	ENST00000528880.3	1	single_isoform
HCK	5	9	5	0	9	ENST00000262651.4,ENST00000375852.5,ENST00000375862.7,ENST00000470092.1,ENST00000486475.6,ENST00000518730.5,ENST00000520553.6,ENST00000629881.3,ENST00001133261.1	8	ENST00000262651.4,ENST00000375852.5,ENST00000375862.7,ENST00000486475.6,ENST00000518730.5,ENST00000520553.6,ENST00000629881.3,ENST00001133261.1	2	multiple_isoforms_differential_probe_coverage
HCST	5	17	5	0	17	ENST00000246551.9,ENST00000437550.3,ENST00000864003.2,ENST00000864004.2,ENST00000930206.2,ENST00000991377.1,ENST00001009013.1,ENST00001009014.1,ENST00001059589.1,ENST00001102789.1,ENST00001102790.1,ENST00001102791.1,ENST00001102792.1,ENST00001102793.1,ENST00001102794.1,ENST00001102795.1,ENST00001136609.1	9	ENST00000246551.9,ENST00000864003.2,ENST00000991377.1,ENST00001009013.1,ENST00001102789.1,ENST00001102790.1,ENST00001102791.1,ENST00001102792.1,ENST00001136609.1	4	multiple_isoforms_differential_probe_coverage
HDAC1	5	32	5	0	31	ENST00000373548.8,ENST00000428704.1,ENST00000463172.5,ENST00000471488.1,ENST00000472928.5,ENST00000476391.5,ENST00000481281.6,ENST00000482310.5,ENST00000490081.5,ENST00000718279.2,ENST00000906551.2,ENST00000906552.2,ENST00000906553.2,ENST00000906554.2,ENST00000906555.2,ENST00000906556.2,ENST00000933659.2,ENST00000933660.2,ENST00000933661.2,ENST00000943499.2,ENST00000973421.1,ENST00001020943.1,ENST00001065485.1,ENST00001065486.1,ENST00001065487.1,ENST00001065488.1,ENST00001065489.1,ENST00001065491.1,ENST00001123767.1,ENST00001123768.1,ENST00001143399.1	18	ENST00000373548.8,ENST00000481281.6,ENST00000718279.2,ENST00000906552.2,ENST00000906553.2,ENST00000906554.2,ENST00000906555.2,ENST00000933659.2,ENST00000933660.2,ENST00000943499.2,ENST00000973421.1,ENST00001020943.1,ENST00001065485.1,ENST00001065486.1,ENST00001065488.1,ENST00001065491.1,ENST00001123767.1,ENST00001143399.1	5	multiple_isoforms_differential_probe_coverage
HDAC11	5	42	5	0	40	ENST00000295757.8,ENST00000402259.6,ENST00000402271.6,ENST00000404040.6,ENST00000404548.6,ENST00000405025.6,ENST00000405478.5,ENST00000416248.5,ENST00000418189.5,ENST00000425430.5,ENST00000433119.6,ENST00000434848.5,ENST00000437379.3,ENST00000446613.6,ENST00000455904.5,ENST00000458642.5,ENST00000475818.5,ENST00000487585.5,ENST00000522202.6,ENST00000861266.2,ENST00000861267.2,ENST00000861268.2,ENST00000861269.2,ENST00000861270.2,ENST00000861271.2,ENST00000861272.2,ENST00000967009.2,ENST00000967010.2,ENST00000994402.1,ENST00000994403.1,ENST00000994404.1,ENST00000994405.1,ENST00000994406.1,ENST00001056217.1,ENST00001056219.1,ENST00001056224.1,ENST00001115068.1,ENST00001119172.1,ENST00001123603.1,ENST00001140404.1	22	ENST00000295757.8,ENST00000402271.6,ENST00000404040.6,ENST00000404548.6,ENST00000405025.6,ENST00000433119.6,ENST00000437379.3,ENST00000446613.6,ENST00000522202.6,ENST00000861266.2,ENST00000861267.2,ENST00000861268.2,ENST00000861270.2,ENST00000861271.2,ENST00000861272.2,ENST00000967010.2,ENST00000994402.1,ENST00000994405.1,ENST00000994406.1,ENST00001056217.1,ENST00001056224.1,ENST00001140404.1	3	multiple_isoforms_differential_probe_coverage
HDAC3	5	71	5	0	70	ENST00000305264.8,ENST00000459727.5,ENST00000467533.5,ENST00000469207.5,ENST00000469550.6,ENST00000471968.1,ENST00000475549.1,ENST00000486618.1,ENST00000490808.1,ENST00000491581.5,ENST00000492407.1,ENST00000492506.1,ENST00000495485.1,ENST00000519474.5,ENST00000523088.5,ENST00000856306.2,ENST00000856307.2,ENST00000856308.2,ENST00000856309.2,ENST00000937590.2,ENST00000937591.2,ENST00000937592.2,ENST00000937593.2,ENST00000937594.2,ENST00000937595.2,ENST00000937596.2,ENST00000940957.2,ENST00000940958.2,ENST00000940959.2,ENST00000940960.2,ENST00000989160.1,ENST00000989161.1,ENST00000989162.1,ENST00000989163.1,ENST00000989164.1,ENST00000989165.1,ENST00000989166.1,ENST00000989170.1,ENST00000989172.1,ENST00000989173.1,ENST00000989174.1,ENST00000989175.1,ENST00001012852.1,ENST00001012854.1,ENST00001012855.1,ENST00001012856.1,ENST00001012857.1,ENST00001012859.1,ENST00001012860.1,ENST00001012861.1,ENST00001070236.1,ENST00001070237.1,ENST00001070238.1,ENST00001070239.1,ENST00001070240.1,ENST00001070241.1,ENST00001070242.1,ENST00001070243.1,ENST00001070244.1,ENST00001070246.1,ENST00001070247.1,ENST00001070248.1,ENST00001107156.1,ENST00001107157.1,ENST00001112647.1,ENST00001112648.1,ENST00001112649.1,ENST00001112650.1,ENST00001130574.1,ENST00001133863.1	41	ENST00000305264.8,ENST00000856306.2,ENST00000856307.2,ENST00000937590.2,ENST00000937591.2,ENST00000937592.2,ENST00000937593.2,ENST00000940957.2,ENST00000940959.2,ENST00000940960.2,ENST00000989160.1,ENST00000989161.1,ENST00000989162.1,ENST00000989163.1,ENST00000989164.1,ENST00000989165.1,ENST00000989166.1,ENST00000989170.1,ENST00000989172.1,ENST00000989173.1,ENST00000989175.1,ENST00001012852.1,ENST00001012854.1,ENST00001012856.1,ENST00001012857.1,ENST00001012859.1,ENST00001012860.1,ENST00001012861.1,ENST00001070238.1,ENST00001070240.1,ENST00001070243.1,ENST00001070246.1,ENST00001070247.1,ENST00001070248.1,ENST00001107156.1,ENST00001107157.1,ENST00001112647.1,ENST00001112648.1,ENST00001112649.1,ENST00001112650.1,ENST00001133863.1	5	multiple_isoforms_differential_probe_coverage
HDAC4	5	41	5	0	33	ENST00000345617.8,ENST00000430200.1,ENST00000445704.1,ENST00000461113.5,ENST00000463007.5,ENST00000487617.5,ENST00000493582.5,ENST00000494800.1,ENST00000535493.5,ENST00000543185.6,ENST00000553145.1,ENST00000690129.1,ENST00000896768.2,ENST00000896769.2,ENST00000896770.2,ENST00000896771.2,ENST00000913662.2,ENST00000913663.2,ENST00000913664.1,ENST00000913665.2,ENST00000913666.2,ENST00000913667.2,ENST00000913668.2,ENST00000913669.2,ENST00000913670.2,ENST00000913671.2,ENST00000913672.2,ENST00000913673.2,ENST00000971555.2,ENST00001115534.1,ENST00001115535.1,ENST00001115536.1,ENST00001143753.1	20	ENST00000345617.8,ENST00000543185.6,ENST00000896768.2,ENST00000896769.2,ENST00000896770.2,ENST00000896771.2,ENST00000913662.2,ENST00000913663.2,ENST00000913664.1,ENST00000913665.2,ENST00000913666.2,ENST00000913667.2,ENST00000913668.2,ENST00000913669.2,ENST00000913670.2,ENST00000913671.2,ENST00000913672.2,ENST00000913673.2,ENST00000971555.2,ENST00001143753.1	4	multiple_isoforms_differential_probe_coverage
HDAC5	5	84	5	0	84	ENST00000225983.11,ENST00000336057.10,ENST00000586339.1,ENST00000586802.6,ENST00000587135.1,ENST00000587776.1,ENST00000588261.1,ENST00000588419.1,ENST00000588703.5,ENST00000591714.5,ENST00000592385.5,ENST00000593013.5,ENST00000682912.1,ENST00000715273.2,ENST00000864900.2,ENST00000864901.2,ENST00000864902.2,ENST00000864903.2,ENST00000864904.2,ENST00000864905.2,ENST00000864906.2,ENST00000864907.2,ENST00000864908.2,ENST00000864909.2,ENST00000864910.2,ENST00000864911.2,ENST00000864912.2,ENST00000864913.2,ENST00000864914.2,ENST00000864915.2,ENST00000864916.2,ENST00000864917.2,ENST00000864918.2,ENST00000864919.2,ENST00000864920.2,ENST00000864921.2,ENST00000864922.2,ENST00000864923.2,ENST00000864924.2,ENST00000864925.2,ENST00000925825.2,ENST00000925826.2,ENST00000925827.2,ENST00000925828.2,ENST00000925829.2,ENST00000925830.2,ENST00000925831.2,ENST00000925832.2,ENST00000968358.2,ENST00000968359.2,ENST00000968360.2,ENST00000968361.2,ENST00000968362.2,ENST00000968363.2,ENST00000968364.2,ENST00000968365.2,ENST00000968366.2,ENST00000968367.2,ENST00000968368.2,ENST00000968369.2,ENST00000968370.2,ENST00000968371.2,ENST00000968372.2,ENST00000968373.2,ENST00000986821.1,ENST00000986822.1,ENST00001057569.1,ENST00001057570.1,ENST00001057572.1,ENST00001057573.1,ENST00001057574.1,ENST00001057575.1,ENST00001057576.1,ENST00001057577.1,ENST00001057578.1,ENST00001057579.1,ENST00001057580.1,ENST00001057581.1,ENST00001057582.1,ENST00001057583.1,ENST00001057584.1,ENST00001057585.1,ENST00001057586.1,ENST00001141966.1	61	ENST00000225983.11,ENST00000336057.10,ENST00000586802.6,ENST00000682912.1,ENST00000715273.2,ENST00000864900.2,ENST00000864901.2,ENST00000864902.2,ENST00000864904.2,ENST00000864905.2,ENST00000864906.2,ENST00000864908.2,ENST00000864910.2,ENST00000864912.2,ENST00000864913.2,ENST00000864914.2,ENST00000864916.2,ENST00000864917.2,ENST00000864918.2,ENST00000864920.2,ENST00000864922.2,ENST00000864923.2,ENST00000864925.2,ENST00000925825.2,ENST00000925826.2,ENST00000925827.2,ENST00000925829.2,ENST00000925831.2,ENST00000925832.2,ENST00000968359.2,ENST00000968361.2,ENST00000968362.2,ENST00000968363.2,ENST00000968364.2,ENST00000968367.2,ENST00000968368.2,ENST00000968369.2,ENST00000968370.2,ENST00000968371.2,ENST00000968372.2,ENST00000968373.2,ENST00000986821.1,ENST00000986822.1,ENST00001057569.1,ENST00001057570.1,ENST00001057572.1,ENST00001057573.1,ENST00001057574.1,ENST00001057575.1,ENST00001057576.1,ENST00001057577.1,ENST00001057578.1,ENST00001057579.1,ENST00001057580.1,ENST00001057581.1,ENST00001057582.1,ENST00001057583.1,ENST00001057584.1,ENST00001057585.1,ENST00001057586.1,ENST00001141966.1	5	multiple_isoforms_differential_probe_coverage
HGF	5	12	5	0	12	ENST00000222390.11,ENST00000354224.10,ENST00000412881.5,ENST00000421558.1,ENST00000423064.8,ENST00000444829.8,ENST00000453018.1,ENST00000453411.7,ENST00000457544.8,ENST00000465234.3,ENST00000643024.1,ENST00001097975.1	7	ENST00000222390.11,ENST00000423064.8,ENST00000444829.8,ENST00000453411.7,ENST00000457544.8,ENST00000465234.3,ENST00001097975.1	4	multiple_isoforms_differential_probe_coverage
HIF1A	5	44	5	0	40	ENST00000323441.11,ENST00000337138.9,ENST00000394997.6,ENST00000539097.3,ENST00000553999.5,ENST00000555014.1,ENST00000556237.1,ENST00000557206.1,ENST00000557538.5,ENST00000908731.2,ENST00000908732.2,ENST00000918842.2,ENST00000918843.2,ENST00000918844.2,ENST00000918845.2,ENST00000918846.2,ENST00000918847.2,ENST00000918848.2,ENST00000918849.2,ENST00000918850.2,ENST00000918851.2,ENST00000941080.2,ENST00000941081.2,ENST00000941082.2,ENST00001006622.1,ENST00001006623.1,ENST00001006624.1,ENST00001025972.1,ENST00001025976.1,ENST00001025977.1,ENST00001025978.1,ENST00001025979.1,ENST00001061485.1,ENST00001061486.1,ENST00001061489.1,ENST00001110008.1,ENST00001110009.1,ENST00001112347.1,ENST00001112348.1,ENST00001137720.1	18	ENST00000323441.11,ENST00000337138.9,ENST00000394997.6,ENST00000539097.3,ENST00000557538.5,ENST00000908731.2,ENST00000918844.2,ENST00000918845.2,ENST00000918846.2,ENST00000918847.2,ENST00000918848.2,ENST00000941081.2,ENST00001006622.1,ENST00001006624.1,ENST00001025977.1,ENST00001061485.1,ENST00001061489.1,ENST00001137720.1	5	multiple_isoforms_differential_probe_coverage
HILPDA	5	7	5	0	7	ENST00000257696.5,ENST00000435296.3,ENST00000466473.1,ENST00000481454.1,ENST00000916177.2,ENST00000916178.2,ENST00001140762.1	5	ENST00000257696.5,ENST00000435296.3,ENST00000916177.2,ENST00000916178.2,ENST00001140762.1	2	multiple_isoforms_differential_probe_coverage
HLA-A	5	136	5	0	134	ENST00000376802.3,ENST00000376806.9,ENST00000376809.10,ENST00000376822.6,ENST00000383605.6,ENST00000383619.7,ENST00000396634.5,ENST00000413609.5,ENST00000414592.5,ENST00000416096.5,ENST00000417978.6,ENST00000431930.5,ENST00000438861.6,ENST00000442939.5,ENST00000443552.5,ENST00000444289.6,ENST00000450342.5,ENST00000453057.5,ENST00000453975.5,ENST00000454091.5,ENST00000455882.5,ENST00000456012.5,ENST00000457879.5,ENST00000460542.5,ENST00000461903.1,ENST00000461996.5,ENST00000462184.1,ENST00000462536.5,ENST00000462986.1,ENST00000463148.5,ENST00000464610.5,ENST00000464713.5,ENST00000465498.1,ENST00000468666.5,ENST00000468995.5,ENST00000470534.1,ENST00000470780.5,ENST00000471291.5,ENST00000473059.5,ENST00000476132.5,ENST00000478186.1,ENST00000478258.5,ENST00000478740.5,ENST00000479320.5,ENST00000479494.5,ENST00000479675.5,ENST00000479969.1,ENST00000481018.5,ENST00000484494.5,ENST00000485166.5,ENST00000487534.5,ENST00000488889.5,ENST00000490454.5,ENST00000492107.1,ENST00000492759.5,ENST00000495183.5,ENST00000496081.5,ENST00000547271.2,ENST00000549224.3,ENST00000549869.5,ENST00000550728.2,ENST00000551120.4,ENST00000552193.3,ENST00000552493.4,ENST00000552498.2,ENST00000612644.2,ENST00000616730.3,ENST00000638213.1,ENST00000638335.1,ENST00000638375.2,ENST00000638576.1,ENST00000638761.1,ENST00000639891.1,ENST00000640080.1,ENST00000640267.1,ENST00000640829.1,ENST00000706892.1,ENST00000706893.1,ENST00000706894.1,ENST00000706895.1,ENST00000706896.1,ENST00000706897.1,ENST00000706898.1,ENST00000706899.1,ENST00000706900.1,ENST00000706901.1,ENST00000706902.1,ENST00000706903.1,ENST00000706904.2,ENST00000706905.2,ENST00000714446.1,ENST00000897456.2,ENST00000897457.2,ENST00000897458.2,ENST00000934587.2,ENST00000934588.2,ENST00000934589.2,ENST00000934590.2,ENST00000934591.2,ENST00000952342.2,ENST00000952343.2,ENST00000952344.2,ENST00000952345.2,ENST00000990029.1,ENST00000990033.1,ENST00000990035.1,ENST00000990036.1,ENST00000990037.1,ENST00001028916.1,ENST00001028920.1,ENST00001028923.1,ENST00001028927.1,ENST00001059959.1,ENST00001059961.1,ENST00001059963.1,ENST00001103912.1,ENST00001103913.1,ENST00001103914.1,ENST00001103915.1,ENST00001103916.1,ENST00001103917.1,ENST00001103918.1,ENST00001103919.1,ENST00001103920.1,ENST00001103921.1,ENST00001103922.1,ENST00001103923.1,ENST00001103924.1,ENST00001103925.1,ENST00001103926.1,ENST00001103927.1,ENST00001103928.1,ENST00001103929.1,ENST00001140972.1	35	ENST00000376806.9,ENST00000376809.10,ENST00000396634.5,ENST00000417978.6,ENST00000431930.5,ENST00000443552.5,ENST00000444289.6,ENST00000549869.5,ENST00000552193.3,ENST00000706898.1,ENST00000706899.1,ENST00000706901.1,ENST00000706905.2,ENST00000714446.1,ENST00000897456.2,ENST00000897457.2,ENST00000934587.2,ENST00000934590.2,ENST00000952342.2,ENST00000990029.1,ENST00000990033.1,ENST00000990036.1,ENST00000990037.1,ENST00001028916.1,ENST00001028923.1,ENST00001059959.1,ENST00001059961.1,ENST00001059963.1,ENST00001103912.1,ENST00001103915.1,ENST00001103918.1,ENST00001103919.1,ENST00001103920.1,ENST00001103923.1,ENST00001140972.1	5	multiple_isoforms_differential_probe_coverage
HLA-B	5	77	5	0	60	ENST00000359635.9,ENST00000412585.7,ENST00000416726.5,ENST00000418147.5,ENST00000421349.6,ENST00000425798.5,ENST00000425848.6,ENST00000434333.1,ENST00000435618.6,ENST00000436729.5,ENST00000437265.5,ENST00000437866.1,ENST00000445222.1,ENST00000450871.6,ENST00000463574.1,ENST00000463600.5,ENST00000465455.1,ENST00000469883.1,ENST00000470915.1,ENST00000471639.5,ENST00000472294.5,ENST00000473379.5,ENST00000474381.2,ENST00000475902.1,ENST00000479990.5,ENST00000481849.6,ENST00000488367.5,ENST00000488641.5,ENST00000490054.5,ENST00000490676.1,ENST00000491669.5,ENST00000492573.5,ENST00000494335.5,ENST00000497377.6,ENST00000498007.1,ENST00000639633.1,ENST00000640094.2,ENST00000640223.1,ENST00000640675.1,ENST00000696558.1,ENST00000696559.1,ENST00000696560.1,ENST00000696561.2,ENST00000696562.2,ENST00000951754.1,ENST00000951755.2,ENST00000951756.2,ENST00001044969.1,ENST00001044970.1,ENST00001044971.1,ENST00001044974.1,ENST00001096481.1,ENST00001096482.1,ENST00001096483.1,ENST00001096484.1,ENST00001096485.1,ENST00001096486.1,ENST00001096487.1,ENST00001096488.1,ENST00001139456.1	17	ENST00000412585.7,ENST00000474381.2,ENST00000481849.6,ENST00000497377.6,ENST00000696559.1,ENST00000696560.1,ENST00000696561.2,ENST00000696562.2,ENST00000951754.1,ENST00000951755.2,ENST00001044969.1,ENST00001044970.1,ENST00001044971.1,ENST00001044974.1,ENST00001096484.1,ENST00001096486.1,ENST00001139456.1	5	multiple_isoforms_differential_probe_coverage
HLA-C	5	104	5	0	35	ENST00000376228.10,ENST00000376237.8,ENST00000383329.8,ENST00000415537.1,ENST00000422726.6,ENST00000423509.6,ENST00000424832.6,ENST00000430940.6,ENST00000457806.1,ENST00000462851.1,ENST00000464914.5,ENST00000466892.5,ENST00000470363.5,ENST00000476248.5,ENST00000484378.1,ENST00000486266.5,ENST00000487245.5,ENST00000494158.5,ENST00000495835.1,ENST00000496419.5,ENST00000497204.1,ENST00000956155.2,ENST00000956156.2,ENST00000995414.1,ENST00001044871.1,ENST00001044872.1,ENST00001044873.1,ENST00001044879.1,ENST00001096539.1,ENST00001096540.1,ENST00001096541.1,ENST00001096542.1,ENST00001096543.1,ENST00001096544.1,ENST00001132909.1	17	ENST00000376228.10,ENST00000376237.8,ENST00000383329.8,ENST00000422726.6,ENST00000424832.6,ENST00000476248.5,ENST00000956155.2,ENST00000956156.2,ENST00000995414.1,ENST00001044871.1,ENST00001044872.1,ENST00001044873.1,ENST00001044879.1,ENST00001096540.1,ENST00001096541.1,ENST00001096542.1,ENST00001132909.1	4	multiple_isoforms_differential_probe_coverage
HLA-DPA1	5	70	5	0	70	ENST00000374808.6,ENST00000383224.6,ENST00000413109.1,ENST00000414003.1,ENST00000414177.1,ENST00000415247.6,ENST00000417724.1,ENST00000419277.6,ENST00000419452.1,ENST00000422504.5,ENST00000423630.1,ENST00000425105.5,ENST00000427518.1,ENST00000428180.1,ENST00000429960.1,ENST00000432811.1,ENST00000436183.1,ENST00000437123.1,ENST00000437676.1,ENST00000437811.1,ENST00000439393.1,ENST00000439571.1,ENST00000439867.1,ENST00000441306.1,ENST00000441483.1,ENST00000442259.1,ENST00000443117.5,ENST00000447657.1,ENST00000448154.1,ENST00000448742.1,ENST00000452619.1,ENST00000453314.1,ENST00000453337.1,ENST00000454805.5,ENST00000455869.1,ENST00000456525.1,ENST00000463066.1,ENST00000463243.5,ENST00000472997.1,ENST00000474244.1,ENST00000475500.1,ENST00000476642.5,ENST00000479107.1,ENST00000480481.5,ENST00000480521.1,ENST00000480689.1,ENST00000481258.1,ENST00000483480.5,ENST00000484244.1,ENST00000484255.1,ENST00000485095.1,ENST00000486369.1,ENST00000486449.5,ENST00000488565.1,ENST00000494775.1,ENST00000495074.5,ENST00000497834.5,ENST00000502285.1,ENST00000511285.1,ENST00000512750.1,ENST00000514979.5,ENST00000515317.5,ENST00000515346.1,ENST00000692443.1,ENST00000910957.2,ENST00000910958.2,ENST00000923943.2,ENST00000973506.1,ENST00001103662.1,ENST00001127092.1	22	ENST00000374808.6,ENST00000383224.6,ENST00000415247.6,ENST00000419277.6,ENST00000422504.5,ENST00000443117.5,ENST00000454805.5,ENST00000472997.1,ENST00000479107.1,ENST00000480689.1,ENST00000481258.1,ENST00000484244.1,ENST00000485095.1,ENST00000486369.1,ENST00000511285.1,ENST00000515317.5,ENST00000692443.1,ENST00000910957.2,ENST00000923943.2,ENST00000973506.1,ENST00001103662.1,ENST00001127092.1	5	multiple_isoforms_differential_probe_coverage
HLA-DPB1	5	90	5	0	82	ENST00000383102.6,ENST00000399491.7,ENST00000399500.6,ENST00000402095.6,ENST00000411424.2,ENST00000411558.6,ENST00000411722.1,ENST00000411749.6,ENST00000415438.5,ENST00000415996.6,ENST00000416804.3,ENST00000418444.5,ENST00000418931.7,ENST00000425130.6,ENST00000428835.6,ENST00000432661.1,ENST00000433800.6,ENST00000434121.1,ENST00000441678.5,ENST00000441857.6,ENST00000441981.6,ENST00000444931.6,ENST00000445702.5,ENST00000445925.1,ENST00000447674.1,ENST00000447783.6,ENST00000450474.5,ENST00000454006.6,ENST00000455122.1,ENST00000456386.1,ENST00000458614.5,ENST00000461155.5,ENST00000466949.1,ENST00000469120.1,ENST00000469961.5,ENST00000471170.1,ENST00000471184.5,ENST00000471485.1,ENST00000472101.1,ENST00000474044.5,ENST00000475215.1,ENST00000476677.1,ENST00000478718.1,ENST00000481615.5,ENST00000483210.1,ENST00000486122.1,ENST00000487157.1,ENST00000487219.1,ENST00000487405.1,ENST00000487685.1,ENST00000488413.1,ENST00000491374.1,ENST00000491972.5,ENST00000492866.1,ENST00000492916.5,ENST00000492951.1,ENST00000493721.1,ENST00000494240.1,ENST00000494369.1,ENST00000495662.5,ENST00000497181.1,ENST00000498038.1,ENST00000714454.1,ENST00000714455.1,ENST00000714456.1,ENST00000714457.1,ENST00000907475.1,ENST00000907476.1,ENST00000907477.2,ENST00000907478.2,ENST00000966802.2,ENST00000966803.2,ENST00000966804.2,ENST00000973634.1,ENST00000973636.1,ENST00001057251.1,ENST00001057253.1,ENST00001057254.1,ENST00001057255.1,ENST00001103695.1,ENST00001103696.1,ENST00001133678.1	4	ENST00000418931.7,ENST00000973634.1,ENST00001103696.1,ENST00001133678.1	4	multiple_isoforms_differential_probe_coverage
HLA-DQA1	5	51	5	0	47	ENST00000343139.11,ENST00000374949.3,ENST00000383251.6,ENST00000395363.6,ENST00000399675.5,ENST00000399678.5,ENST00000416403.5,ENST00000418023.5,ENST00000420385.5,ENST00000441297.5,ENST00000442315.5,ENST00000442680.1,ENST00000443320.5,ENST00000444296.6,ENST00000450614.5,ENST00000450960.1,ENST00000451947.6,ENST00000453504.5,ENST00000456258.6,ENST00000457246.6,ENST00000460633.1,ENST00000461508.5,ENST00000463379.5,ENST00000466849.5,ENST00000468299.5,ENST00000468405.1,ENST00000474698.5,ENST00000476192.5,ENST00000477036.5,ENST00000481936.1,ENST00000482066.1,ENST00000482745.5,ENST00000484643.5,ENST00000486605.5,ENST00000496318.5,ENST00000497426.5,ENST00000498305.5,ENST00000498769.5,ENST00000640446.1,ENST00000898992.1,ENST00000898993.2,ENST00000954018.2,ENST00001020949.1,ENST00001117782.1,ENST00001117783.1,ENST00001127811.1,ENST00001138245.1	10	ENST00000343139.11,ENST00000374949.3,ENST00000395363.6,ENST00000496318.5,ENST00000954018.2,ENST00001020949.1,ENST00001117782.1,ENST00001117783.1,ENST00001127811.1,ENST00001138245.1	5	multiple_isoforms_differential_probe_coverage
HLA-DQB1	5	51	5	0	43	ENST00000374943.9,ENST00000383121.2,ENST00000383247.6,ENST00000399065.8,ENST00000399074.7,ENST00000399079.8,ENST00000399082.8,ENST00000399084.5,ENST00000399088.8,ENST00000399670.3,ENST00000413089.1,ENST00000414518.2,ENST00000415926.5,ENST00000416192.6,ENST00000419914.6,ENST00000421888.5,ENST00000422950.1,ENST00000424530.6,ENST00000424806.1,ENST00000428219.6,ENST00000433936.6,ENST00000434651.7,ENST00000434886.6,ENST00000443574.1,ENST00000460185.1,ENST00000472708.5,ENST00000473366.5,ENST00000475182.5,ENST00000476430.1,ENST00000479570.5,ENST00000480749.5,ENST00000484729.2,ENST00000487676.1,ENST00000490862.5,ENST00000922190.2,ENST00000955676.2,ENST00000955677.2,ENST00000995536.1,ENST00001102430.1,ENST00001102431.1,ENST00001102432.1,ENST00001116379.1,ENST00001116380.1	6	ENST00000374943.9,ENST00000399079.8,ENST00000399084.5,ENST00000434651.7,ENST00000487676.1,ENST00000955677.2	5	multiple_isoforms_differential_probe_coverage
HLA-DRA	5	29	5	0	29	ENST00000374982.6,ENST00000383127.6,ENST00000383258.3,ENST00000383259.6,ENST00000395388.7,ENST00000411505.2,ENST00000411524.6,ENST00000414698.6,ENST00000415767.2,ENST00000416883.6,ENST00000418111.2,ENST00000427753.2,ENST00000434866.2,ENST00000442960.6,ENST00000459705.1,ENST00000461633.1,ENST00000481943.1,ENST00000482781.1,ENST00000493431.1,ENST00000498597.1,ENST00000613328.1,ENST00000870694.2,ENST00000870695.2,ENST00000870696.2,ENST00000870697.2,ENST00000917299.2,ENST00001010181.1,ENST00001095080.1,ENST00001137553.1	10	ENST00000383127.6,ENST00000395388.7,ENST00000613328.1,ENST00000870694.2,ENST00000870695.2,ENST00000870696.2,ENST00000917299.2,ENST00001010181.1,ENST00001095080.1,ENST00001137553.1	5	multiple_isoforms_differential_probe_coverage
HLA-DRB1	5	33	4	1	27	ENST00000328980.11,ENST00000360004.6,ENST00000399450.6,ENST00000419393.6,ENST00000437784.6,ENST00000444645.6,ENST00000696610.1,ENST00000696611.1,ENST00000696612.1,ENST00000696613.1,ENST00000859897.2,ENST00000859898.2,ENST00000859899.2,ENST00000859900.2,ENST00000859901.2,ENST00000963203.2,ENST00000994739.1,ENST00001030916.1,ENST00001099557.1,ENST00001099558.1,ENST00001099559.1,ENST00001099560.1,ENST00001099561.1,ENST00001099562.1,ENST00001099563.1,ENST00001117827.1,ENST00001138303.1	0		5	incomplete_probe_mapping
HLA-DRB5	5	10	5	0	10	ENST00000374975.4,ENST00000714490.2,ENST00000871536.2,ENST00000871537.2,ENST00000943826.2,ENST00000943827.2,ENST00000998137.1,ENST00001030846.1,ENST00001099545.1,ENST00001139168.1	9	ENST00000374975.4,ENST00000714490.2,ENST00000871536.2,ENST00000871537.2,ENST00000943826.2,ENST00000943827.2,ENST00000998137.1,ENST00001030846.1,ENST00001139168.1	2	multiple_isoforms_differential_probe_coverage
HLA-E	5	49	5	0	48	ENST00000376630.5,ENST00000383597.6,ENST00000415289.4,ENST00000415649.4,ENST00000425603.4,ENST00000427936.4,ENST00000444683.4,ENST00000462399.1,ENST00000462865.1,ENST00000463494.1,ENST00000467974.1,ENST00000468139.1,ENST00000480259.1,ENST00000484194.1,ENST00000484637.1,ENST00000486452.1,ENST00000489115.1,ENST00000491393.1,ENST00000493284.1,ENST00000493699.1,ENST00000495114.1,ENST00000896637.1,ENST00000896638.2,ENST00000896639.2,ENST00000896640.2,ENST00000896641.2,ENST00000896642.1,ENST00000896643.2,ENST00000959570.2,ENST00001003833.1,ENST00001003834.1,ENST00001003835.1,ENST00001003838.1,ENST00001003840.1,ENST00001003841.1,ENST00001003844.1,ENST00001003846.1,ENST00001003847.1,ENST00001003850.1,ENST00001015645.1,ENST00001015649.1,ENST00001015650.1,ENST00001015651.1,ENST00001082118.1,ENST00001101890.1,ENST00001101892.1,ENST00001122019.1,ENST00001133257.1	18	ENST00000376630.5,ENST00000383597.6,ENST00000415289.4,ENST00000415649.4,ENST00000425603.4,ENST00000427936.4,ENST00000444683.4,ENST00000896638.2,ENST00000896639.2,ENST00000896640.2,ENST00000896641.2,ENST00000896643.2,ENST00001003834.1,ENST00001003835.1,ENST00001003840.1,ENST00001003847.1,ENST00001082118.1,ENST00001133257.1	3	multiple_isoforms_differential_probe_coverage
HMGB2	5	25	5	0	25	ENST00000296503.10,ENST00000438704.7,ENST00000446922.7,ENST00000506267.1,ENST00000511316.1,ENST00000907095.2,ENST00000907096.2,ENST00000920462.2,ENST00000920463.2,ENST00000920464.2,ENST00000920465.2,ENST00000920466.2,ENST00000920467.2,ENST00000920468.2,ENST00000920469.2,ENST00000920470.2,ENST00000920471.2,ENST00000920472.2,ENST00000995053.1,ENST00000995055.1,ENST00001083840.1,ENST00001083842.1,ENST00001083846.1,ENST00001093798.1,ENST00001140234.1	15	ENST00000296503.10,ENST00000438704.7,ENST00000446922.7,ENST00000511316.1,ENST00000907095.2,ENST00000907096.2,ENST00000920462.2,ENST00000920463.2,ENST00000920466.2,ENST00000920467.2,ENST00000920472.2,ENST00001083840.1,ENST00001083842.1,ENST00001093798.1,ENST00001140234.1	4	multiple_isoforms_differential_probe_coverage
HMGN2	5	47	5	0	37	ENST00000361427.6,ENST00000718304.2,ENST00000875382.1,ENST00000875383.2,ENST00000875384.2,ENST00000875385.2,ENST00000875386.2,ENST00000875387.2,ENST00000875388.2,ENST00000875389.2,ENST00000875390.2,ENST00000928458.2,ENST00000928459.2,ENST00000928460.2,ENST00000928461.2,ENST00000928462.2,ENST00000928463.2,ENST00000928464.2,ENST00000928465.2,ENST00000957195.2,ENST00001047864.1,ENST00001087073.1,ENST00001087079.1,ENST00001087080.1,ENST00001097845.1,ENST00001097846.1,ENST00001097847.1,ENST00001097848.1,ENST00001097849.1,ENST00001097850.1,ENST00001097851.1,ENST00001097852.1,ENST00001097853.1,ENST00001097854.1,ENST00001097855.1,ENST00001097856.1,ENST00001144084.1	5	ENST00000361427.6,ENST00000718304.2,ENST00000928458.2,ENST00001087073.1,ENST00001144084.1	2	multiple_isoforms_differential_probe_coverage
HPGDS	5	7	5	0	7	ENST00000295256.10,ENST00000506331.1,ENST00000514774.1,ENST00000944232.2,ENST00001112753.1,ENST00001130323.1,ENST00001141018.1	3	ENST00000295256.10,ENST00000944232.2,ENST00001141018.1	3	multiple_isoforms_differential_probe_coverage
HSD17B2	5	19	5	0	16	ENST00000199936.9,ENST00000563491.5,ENST00000566213.1,ENST00000566838.2,ENST00000568090.5,ENST00000569351.2,ENST00000891334.2,ENST00000891335.2,ENST00000891336.2,ENST00000891337.2,ENST00000891338.2,ENST00000997645.1,ENST00000997646.1,ENST00000997647.1,ENST00001117126.1,ENST00001138855.1	9	ENST00000199936.9,ENST00000891334.2,ENST00000891335.2,ENST00000891338.2,ENST00000997645.1,ENST00000997646.1,ENST00000997647.1,ENST00001117126.1,ENST00001138855.1	5	multiple_isoforms_differential_probe_coverage
HSD3B2	5	20	5	0	19	ENST00000369416.4,ENST00000433745.5,ENST00000443865.2,ENST00000471656.5,ENST00000543831.5,ENST00000902254.1,ENST00000948746.1,ENST00000948747.1,ENST00000948748.1,ENST00000948749.2,ENST00001019791.1,ENST00001019793.1,ENST00001124639.1,ENST00001124640.1,ENST00001124641.1,ENST00001124642.1,ENST00001124643.1,ENST00001124644.1,ENST00001143975.1	10	ENST00000369416.4,ENST00000543831.5,ENST00000902254.1,ENST00000948746.1,ENST00000948747.1,ENST00000948748.1,ENST00000948749.2,ENST00001019791.1,ENST00001019793.1,ENST00001143975.1	2	multiple_isoforms_differential_probe_coverage
HSP90AA1	5	32	5	0	26	ENST00000216281.13,ENST00000334701.12,ENST00000553585.5,ENST00000554401.1,ENST00000556554.1,ENST00000557234.1,ENST00000877282.1,ENST00000877283.1,ENST00000877284.1,ENST00000877285.1,ENST00000877286.1,ENST00000922308.1,ENST00000922309.1,ENST00000922310.1,ENST00000922311.1,ENST00000922312.1,ENST00001067517.1,ENST00001067531.1,ENST00001104413.1,ENST00001104415.1,ENST00001126307.1,ENST00001126308.1,ENST00001126309.1,ENST00001126310.1,ENST00001126311.1,ENST00001126312.1	12	ENST00000216281.13,ENST00000334701.12,ENST00000877282.1,ENST00000877283.1,ENST00000877284.1,ENST00000877286.1,ENST00000922308.1,ENST00000922309.1,ENST00000922311.1,ENST00000922312.1,ENST00001067517.1,ENST00001067531.1	5	multiple_isoforms_differential_probe_coverage
HSP90AB1	5	70	5	0	70	ENST00000353801.8,ENST00000371554.3,ENST00000371646.10,ENST00000620073.4,ENST00000874960.1,ENST00000874961.1,ENST00000874962.2,ENST00000874963.2,ENST00000874964.1,ENST00000874965.2,ENST00000874966.2,ENST00000874967.2,ENST00000874968.1,ENST00000924559.1,ENST00000924560.1,ENST00000924561.2,ENST00000924562.2,ENST00000924563.2,ENST00000924564.2,ENST00000924565.2,ENST00000924566.2,ENST00000924567.2,ENST00000924568.2,ENST00000924569.2,ENST00000924570.2,ENST00000924571.2,ENST00000924572.2,ENST00000924573.2,ENST00000924574.2,ENST00000924575.2,ENST00000924576.2,ENST00000924577.2,ENST00000924578.1,ENST00000924579.1,ENST00000945727.1,ENST00000945728.2,ENST00000945729.1,ENST00000945730.2,ENST00000945731.2,ENST00000945732.2,ENST00000945733.2,ENST00000945734.2,ENST00000945735.2,ENST00000988765.1,ENST00000988766.1,ENST00000988767.1,ENST00001020617.1,ENST00001020619.1,ENST00001020622.1,ENST00001020623.1,ENST00001020625.1,ENST00001020628.1,ENST00001020648.1,ENST00001020654.1,ENST00001020655.1,ENST00001020667.1,ENST00001077871.1,ENST00001077872.1,ENST00001077878.1,ENST00001077882.1,ENST00001098250.1,ENST00001098251.1,ENST00001098252.1,ENST00001098253.1,ENST00001098254.1,ENST00001098255.1,ENST00001098256.1,ENST00001128371.1,ENST00001128372.1,ENST00001133501.1	53	ENST00000353801.8,ENST00000371554.3,ENST00000371646.10,ENST00000620073.4,ENST00000874960.1,ENST00000874961.1,ENST00000874962.2,ENST00000874963.2,ENST00000874964.1,ENST00000874966.2,ENST00000874967.2,ENST00000874968.1,ENST00000924559.1,ENST00000924560.1,ENST00000924561.2,ENST00000924562.2,ENST00000924563.2,ENST00000924564.2,ENST00000924565.2,ENST00000924566.2,ENST00000924568.2,ENST00000924571.2,ENST00000924572.2,ENST00000924574.2,ENST00000924578.1,ENST00000924579.1,ENST00000945727.1,ENST00000945729.1,ENST00000945730.2,ENST00000945731.2,ENST00000945732.2,ENST00000945733.2,ENST00000945734.2,ENST00000945735.2,ENST00000988765.1,ENST00000988766.1,ENST00000988767.1,ENST00001020617.1,ENST00001020619.1,ENST00001020622.1,ENST00001020623.1,ENST00001020625.1,ENST00001020628.1,ENST00001020648.1,ENST00001020654.1,ENST00001020655.1,ENST00001020667.1,ENST00001077871.1,ENST00001077872.1,ENST00001077878.1,ENST00001098251.1,ENST00001098256.1,ENST00001133501.1	5	multiple_isoforms_differential_probe_coverage
HSP90B1	5	63	5	0	60	ENST00000299767.10,ENST00000540297.7,ENST00000548462.5,ENST00000549334.5,ENST00000550595.3,ENST00000551983.1,ENST00000552051.2,ENST00000614327.3,ENST00000640977.2,ENST00000679377.1,ENST00000679538.1,ENST00000679779.1,ENST00000679861.1,ENST00000680242.1,ENST00000680281.1,ENST00000680316.1,ENST00000680370.1,ENST00000680391.1,ENST00000680478.1,ENST00000680653.1,ENST00000680663.1,ENST00000680762.2,ENST00000680899.1,ENST00000680989.1,ENST00000681172.1,ENST00000681174.1,ENST00000681245.1,ENST00000681698.1,ENST00000681704.1,ENST00000681861.1,ENST00000681910.1,ENST00000681941.1,ENST00000681949.2,ENST00000863860.2,ENST00000863861.2,ENST00000863862.2,ENST00000863863.2,ENST00000863864.2,ENST00000925363.2,ENST00000925364.2,ENST00000925365.2,ENST00000925366.2,ENST00000949724.2,ENST00000987211.1,ENST00001010397.1,ENST00001010398.1,ENST00001010402.1,ENST00001010406.1,ENST00001010410.1,ENST00001010416.1,ENST00001074948.1,ENST00001074949.1,ENST00001074950.1,ENST00001074954.1,ENST00001074955.1,ENST00001074957.1,ENST00001074958.1,ENST00001074960.1,ENST00001097630.1,ENST00001142529.1	43	ENST00000299767.10,ENST00000548462.5,ENST00000550595.3,ENST00000614327.3,ENST00000679538.1,ENST00000679779.1,ENST00000679861.1,ENST00000680281.1,ENST00000680316.1,ENST00000680370.1,ENST00000680391.1,ENST00000680653.1,ENST00000680663.1,ENST00000680762.2,ENST00000680899.1,ENST00000680989.1,ENST00000681172.1,ENST00000681174.1,ENST00000681698.1,ENST00000681704.1,ENST00000681861.1,ENST00000681910.1,ENST00000681941.1,ENST00000681949.2,ENST00000863861.2,ENST00000863862.2,ENST00000925364.2,ENST00000925365.2,ENST00000987211.1,ENST00001010398.1,ENST00001010402.1,ENST00001010406.1,ENST00001010410.1,ENST00001010416.1,ENST00001074948.1,ENST00001074949.1,ENST00001074950.1,ENST00001074954.1,ENST00001074955.1,ENST00001074957.1,ENST00001074958.1,ENST00001097630.1,ENST00001142529.1	4	multiple_isoforms_differential_probe_coverage
HSPA1A	5	10	5	0	10	ENST00000375651.7,ENST00000383389.2,ENST00000400040.1,ENST00000422919.1,ENST00000430065.1,ENST00000433487.1,ENST00000441618.1,ENST00000449876.1,ENST00000452298.1,ENST00000608703.2	5	ENST00000375651.7,ENST00000400040.1,ENST00000430065.1,ENST00000433487.1,ENST00000441618.1	2	multiple_isoforms_differential_probe_coverage
HSPA1B	5	8	5	0	8	ENST00000375650.5,ENST00000391548.1,ENST00000391555.1,ENST00000417199.4,ENST00000445736.1,ENST00000450744.1,ENST00000458062.3,ENST00000545241.2	3	ENST00000375650.5,ENST00000445736.1,ENST00000450744.1	4	multiple_isoforms_differential_probe_coverage
HSPB1	5	22	5	0	21	ENST00000248553.7,ENST00000429938.2,ENST00000447574.1,ENST00000674547.2,ENST00000674560.1,ENST00000674638.2,ENST00000674650.2,ENST00000674965.1,ENST00000675134.2,ENST00000675226.2,ENST00000675417.1,ENST00000675488.1,ENST00000675538.2,ENST00000675624.1,ENST00000675733.1,ENST00000675906.2,ENST00000676231.3,ENST00000676398.1,ENST00001102934.1,ENST00001102935.1,ENST00001138499.1	6	ENST00000248553.7,ENST00000674547.2,ENST00000675134.2,ENST00000675906.2,ENST00001102935.1,ENST00001138499.1	3	multiple_isoforms_differential_probe_coverage
HTT	5	24	5	0	9	ENST00000355072.11,ENST00000509751.1,ENST00000510626.5,ENST00000680239.1,ENST00000680291.1,ENST00000680360.1,ENST00000680956.2,ENST00000681528.2,ENST00001118545.1	1	ENST00000355072.11	3	multiple_isoforms_differential_probe_coverage
IAPP	5	6	5	0	6	ENST00000240652.8,ENST00000535428.1,ENST00000537593.1,ENST00000539393.6,ENST00000542023.2,ENST00000877981.2	4	ENST00000240652.8,ENST00000539393.6,ENST00000542023.2,ENST00000877981.2	4	multiple_isoforms_differential_probe_coverage
ICAM1	5	11	5	0	9	ENST00000264832.8,ENST00000423829.3,ENST00000588645.1,ENST00000902798.2,ENST00000935832.2,ENST00001008940.1,ENST00001119890.1,ENST00001125128.1,ENST00001136646.1	5	ENST00000264832.8,ENST00001008940.1,ENST00001119890.1,ENST00001125128.1,ENST00001136646.1	3	multiple_isoforms_differential_probe_coverage
ICAM2	5	29	5	0	29	ENST00000412356.6,ENST00000418105.6,ENST00000449662.7,ENST00000578313.5,ENST00000578379.5,ENST00000578892.6,ENST00000579687.6,ENST00000579788.6,ENST00000580011.1,ENST00000580389.1,ENST00000581417.5,ENST00000583186.1,ENST00000583366.5,ENST00000583684.5,ENST00000584084.1,ENST00000584403.5,ENST00000852957.2,ENST00000852958.1,ENST00000965113.2,ENST00000965114.2,ENST00000965115.2,ENST00000965116.2,ENST00000965117.2,ENST00000965118.2,ENST00001029702.1,ENST00001029703.1,ENST00001097236.1,ENST00001128504.1,ENST00001140097.1	18	ENST00000412356.6,ENST00000418105.6,ENST00000449662.7,ENST00000579687.6,ENST00000579788.6,ENST00000581417.5,ENST00000852957.2,ENST00000852958.1,ENST00000965113.2,ENST00000965114.2,ENST00000965115.2,ENST00000965116.2,ENST00000965117.2,ENST00001029702.1,ENST00001029703.1,ENST00001097236.1,ENST00001128504.1,ENST00001140097.1	5	multiple_isoforms_differential_probe_coverage
ICAM3	5	19	5	0	19	ENST00000160262.10,ENST00000585439.1,ENST00000587992.1,ENST00000589249.1,ENST00000589261.5,ENST00000589580.1,ENST00000589900.5,ENST00000590569.1,ENST00000592439.1,ENST00000592945.1,ENST00000706691.1,ENST00000706692.1,ENST00000706693.1,ENST00000912542.1,ENST00000994733.1,ENST00001091592.1,ENST00001091593.1,ENST00001091594.1,ENST00001135139.1	8	ENST00000160262.10,ENST00000587992.1,ENST00000589261.5,ENST00000589900.5,ENST00000994733.1,ENST00001091593.1,ENST00001091594.1,ENST00001135139.1	5	multiple_isoforms_differential_probe_coverage
ICOS	5	4	5	0	4	ENST00000316386.11,ENST00000435193.2,ENST00000897354.2,ENST00001138099.1	2	ENST00000316386.11,ENST00001138099.1	3	multiple_isoforms_differential_probe_coverage
ICOSLG	5	21	5	0	21	ENST00000344330.10,ENST00000400377.4,ENST00000400379.9,ENST00000407780.8,ENST00000643466.3,ENST00000700350.1,ENST00000700351.1,ENST00000700352.2,ENST00000700353.1,ENST00000700354.1,ENST00000700355.2,ENST00000700356.1,ENST00000700357.1,ENST00000700358.1,ENST00000700359.1,ENST00000700360.1,ENST00000700361.2,ENST00000867614.2,ENST00000867615.2,ENST00001016063.1,ENST00001131522.1	3	ENST00000344330.10,ENST00000407780.8,ENST00001131522.1	4	multiple_isoforms_differential_probe_coverage
IDO1	5	10	5	0	10	ENST00000253513.11,ENST00000518237.6,ENST00000518804.5,ENST00000519154.5,ENST00000521480.1,ENST00000521636.1,ENST00000522495.6,ENST00000522840.1,ENST00000523779.1,ENST00001138146.1	4	ENST00000253513.11,ENST00000518237.6,ENST00000522495.6,ENST00001138146.1	4	multiple_isoforms_differential_probe_coverage
IER3	5	14	5	0	14	ENST00000259874.6,ENST00000376377.2,ENST00000383560.4,ENST00000400509.1,ENST00000416336.1,ENST00000416884.2,ENST00000429592.1,ENST00000435856.2,ENST00000436988.1,ENST00000439190.2,ENST00000446599.1,ENST00000450236.2,ENST00000917877.1,ENST00001140823.1	14	ENST00000259874.6,ENST00000376377.2,ENST00000383560.4,ENST00000400509.1,ENST00000416336.1,ENST00000416884.2,ENST00000429592.1,ENST00000435856.2,ENST00000436988.1,ENST00000439190.2,ENST00000446599.1,ENST00000450236.2,ENST00000917877.1,ENST00001140823.1	1	multiple_isoforms_same_probe_coverage
IFI27	5	53	5	0	53	ENST00000555081.5,ENST00000557700.1,ENST00000611954.4,ENST00000612499.1,ENST00000612813.5,ENST00000612838.4,ENST00000613997.4,ENST00000614204.4,ENST00000614288.1,ENST00000614648.1,ENST00000615978.4,ENST00000616764.6,ENST00000618200.4,ENST00000618321.1,ENST00000618863.2,ENST00000620396.5,ENST00000621160.5,ENST00000625437.1,ENST00000626577.1,ENST00000626591.1,ENST00000626715.2,ENST00000627111.2,ENST00000627913.2,ENST00000630123.2,ENST00000630342.1,ENST00000631302.2,ENST00000858888.1,ENST00000858889.2,ENST00000858890.2,ENST00000858891.1,ENST00000858892.2,ENST00000858893.2,ENST00000858894.2,ENST00000858895.2,ENST00000858896.2,ENST00000858897.2,ENST00000858898.2,ENST00000858899.2,ENST00000965111.2,ENST00000965112.2,ENST00000990406.1,ENST00001096814.1,ENST00001096815.1,ENST00001096816.1,ENST00001096817.1,ENST00001096818.1,ENST00001096819.1,ENST00001096820.1,ENST00001096821.1,ENST00001096822.1,ENST00001130117.1,ENST00001130118.1,ENST00001136175.1	28	ENST00000612813.5,ENST00000612838.4,ENST00000613997.4,ENST00000616764.6,ENST00000618321.1,ENST00000620396.5,ENST00000621160.5,ENST00000626715.2,ENST00000627111.2,ENST00000858888.1,ENST00000858889.2,ENST00000858890.2,ENST00000858891.1,ENST00000858894.2,ENST00000858895.2,ENST00000858896.2,ENST00000858897.2,ENST00000858899.2,ENST00000965112.2,ENST00000990406.1,ENST00001096814.1,ENST00001096815.1,ENST00001096816.1,ENST00001096817.1,ENST00001096819.1,ENST00001096821.1,ENST00001096822.1,ENST00001136175.1	4	multiple_isoforms_differential_probe_coverage
IFIH1	5	9	5	0	8	ENST00000421365.2,ENST00000464129.1,ENST00000648433.2,ENST00000649554.1,ENST00000649979.2,ENST00000679938.2,ENST00000697291.1,ENST00001005911.1	4	ENST00000648433.2,ENST00000649979.2,ENST00000697291.1,ENST00001005911.1	3	multiple_isoforms_differential_probe_coverage
IFIT1	5	6	5	0	3	ENST00000371804.4,ENST00000546318.3,ENST00001136716.1	3	ENST00000371804.4,ENST00000546318.3,ENST00001136716.1	1	multiple_isoforms_same_probe_coverage
IFITM1	5	39	5	0	37	ENST00000328221.6,ENST00000408968.4,ENST00000528780.6,ENST00000679353.1,ENST00000679380.2,ENST00000679765.1,ENST00000679982.1,ENST00000680299.1,ENST00000680310.1,ENST00000680342.1,ENST00000680588.1,ENST00000680696.2,ENST00000680699.2,ENST00000680802.1,ENST00000680855.1,ENST00000680870.1,ENST00000680938.2,ENST00000681111.1,ENST00000681180.1,ENST00000681293.1,ENST00000681350.1,ENST00000681426.1,ENST00000681577.1,ENST00000681702.1,ENST00000681761.1,ENST00000681821.1,ENST00000681938.2,ENST00000926401.1,ENST00000926402.2,ENST00000926403.2,ENST00000926404.2,ENST00000963667.2,ENST00001101635.1,ENST00001101636.1,ENST00001101637.1,ENST00001101638.1,ENST00001143694.1	18	ENST00000328221.6,ENST00000408968.4,ENST00000679380.2,ENST00000679765.1,ENST00000680588.1,ENST00000680696.2,ENST00000680938.2,ENST00000681180.1,ENST00000681426.1,ENST00000681577.1,ENST00000681938.2,ENST00000926402.2,ENST00000926403.2,ENST00000926404.2,ENST00000963667.2,ENST00001101637.1,ENST00001101638.1,ENST00001143694.1	3	multiple_isoforms_differential_probe_coverage
IFITM3	5	35	5	0	28	ENST00000399808.5,ENST00000526811.5,ENST00000531688.2,ENST00000602735.3,ENST00000679382.1,ENST00000679433.1,ENST00000679441.1,ENST00000679792.1,ENST00000679793.1,ENST00000680023.1,ENST00000680209.2,ENST00000680622.1,ENST00000680720.1,ENST00000680920.1,ENST00000680932.1,ENST00000681184.1,ENST00000681198.2,ENST00000681304.1,ENST00000681748.1,ENST00000681840.1,ENST00000926220.1,ENST00001026402.1,ENST00001066768.1,ENST00001101499.1,ENST00001101500.1,ENST00001101501.1,ENST00001101502.1,ENST00001137097.1	9	ENST00000399808.5,ENST00000680209.2,ENST00000681198.2,ENST00000926220.1,ENST00001026402.1,ENST00001066768.1,ENST00001101499.1,ENST00001101500.1,ENST00001137097.1	4	multiple_isoforms_differential_probe_coverage
IFNA1	5	1	5	0	1	ENST00000276927.3	1	ENST00000276927.3	1	single_isoform
IFNAR1	5	44	5	0	44	ENST00000270139.8,ENST00000442071.4,ENST00000651609.2,ENST00000652450.2,ENST00000652513.3,ENST00000652601.2,ENST00000652654.3,ENST00000700045.1,ENST00000700046.1,ENST00000700080.1,ENST00000700084.1,ENST00000700085.1,ENST00000700086.1,ENST00000700087.1,ENST00000700099.1,ENST00000700301.1,ENST00000703514.1,ENST00000703515.1,ENST00000703516.1,ENST00000703556.1,ENST00000703557.1,ENST00000703561.2,ENST00000703562.1,ENST00000703563.1,ENST00000703564.1,ENST00000703565.1,ENST00000703776.1,ENST00000703778.1,ENST00000703779.1,ENST00000873009.2,ENST00000873010.2,ENST00000873011.2,ENST00000873012.2,ENST00000970405.2,ENST00000970409.2,ENST00000970411.2,ENST00000974000.1,ENST00001014947.1,ENST00001014949.1,ENST00001108574.1,ENST00001108575.1,ENST00001130531.1,ENST00001130532.1,ENST00001131413.1	15	ENST00000270139.8,ENST00000652450.2,ENST00000700080.1,ENST00000703515.1,ENST00000703556.1,ENST00000703557.1,ENST00000703562.1,ENST00000703563.1,ENST00000703565.1,ENST00000873009.2,ENST00000873010.2,ENST00000873011.2,ENST00000974000.1,ENST00001014947.1,ENST00001131413.1	5	multiple_isoforms_differential_probe_coverage
IFNAR2	5	32	5	0	31	ENST00000342101.8,ENST00000342136.9,ENST00000382238.6,ENST00000382264.8,ENST00000404220.8,ENST00000413881.6,ENST00000420068.1,ENST00000443073.5,ENST00000447980.1,ENST00000682044.1,ENST00000683941.2,ENST00000700427.1,ENST00000700429.1,ENST00000869362.2,ENST00000869363.2,ENST00000869364.2,ENST00000869365.2,ENST00000954794.2,ENST00000980233.1,ENST00001029744.1,ENST00001029745.1,ENST00001029746.1,ENST00001029747.1,ENST00001029749.1,ENST00001029750.1,ENST00001110732.1,ENST00001116608.1,ENST00001116609.1,ENST00001116610.1,ENST00001122035.1,ENST00001131409.1	16	ENST00000342101.8,ENST00000342136.9,ENST00000404220.8,ENST00000413881.6,ENST00000683941.2,ENST00000869362.2,ENST00000869363.2,ENST00000869364.2,ENST00000869365.2,ENST00000954794.2,ENST00001029744.1,ENST00001029745.1,ENST00001029746.1,ENST00001029747.1,ENST00001116608.1,ENST00001131409.1	4	multiple_isoforms_differential_probe_coverage
IFNB1	5	1	5	0	1	ENST00000380232.4	1	ENST00000380232.4	1	single_isoform
IFNG	5	2	5	0	2	ENST00000229135.4,ENST00001142831.1	2	ENST00000229135.4,ENST00001142831.1	1	multiple_isoforms_same_probe_coverage
IFNGR1	5	28	5	0	28	ENST00000367739.9,ENST00000414770.7,ENST00000458076.6,ENST00000478333.1,ENST00000642390.2,ENST00000643119.1,ENST00000644894.2,ENST00000645045.2,ENST00000645753.2,ENST00000646036.2,ENST00000646898.2,ENST00000647124.2,ENST00000696693.2,ENST00000696694.2,ENST00000696695.2,ENST00000696696.1,ENST00000696697.1,ENST00000696698.1,ENST00000696699.1,ENST00000911309.2,ENST00000957752.2,ENST00000957753.2,ENST00000957754.2,ENST00001051727.1,ENST00001051728.1,ENST00001051731.1,ENST00001110581.1,ENST00001136703.1	23	ENST00000367739.9,ENST00000414770.7,ENST00000458076.6,ENST00000642390.2,ENST00000643119.1,ENST00000644894.2,ENST00000645045.2,ENST00000645753.2,ENST00000646036.2,ENST00000646898.2,ENST00000647124.2,ENST00000696693.2,ENST00000696694.2,ENST00000696695.2,ENST00000696696.1,ENST00000911309.2,ENST00000957752.2,ENST00000957753.2,ENST00000957754.2,ENST00001051727.1,ENST00001051728.1,ENST00001051731.1,ENST00001136703.1	4	multiple_isoforms_differential_probe_coverage
IFNGR2	5	30	5	0	30	ENST00000290219.11,ENST00000381995.6,ENST00000405436.6,ENST00000421802.1,ENST00000439213.5,ENST00000545369.2,ENST00000571550.5,ENST00000572016.5,ENST00000573079.5,ENST00000573887.2,ENST00000575304.1,ENST00000576463.5,ENST00000696724.1,ENST00000897490.2,ENST00000964419.2,ENST00000964420.2,ENST00001004446.1,ENST00001004447.1,ENST00001004448.1,ENST00001004449.1,ENST00001004450.1,ENST00001010645.1,ENST00001010647.1,ENST00001010648.1,ENST00001010649.1,ENST00001010650.1,ENST00001085226.1,ENST00001115066.1,ENST00001122025.1,ENST00001131582.1	22	ENST00000290219.11,ENST00000381995.6,ENST00000405436.6,ENST00000571550.5,ENST00000573079.5,ENST00000576463.5,ENST00000897490.2,ENST00000964419.2,ENST00000964420.2,ENST00001004446.1,ENST00001004447.1,ENST00001004448.1,ENST00001004449.1,ENST00001004450.1,ENST00001010645.1,ENST00001010647.1,ENST00001010648.1,ENST00001010649.1,ENST00001010650.1,ENST00001085226.1,ENST00001122025.1,ENST00001131582.1	4	multiple_isoforms_differential_probe_coverage
IFNL2	5	2	5	0	2	ENST00000331982.6,ENST00000709041.1	2	ENST00000331982.6,ENST00000709041.1	1	multiple_isoforms_same_probe_coverage
IFNL3	5	5	5	0	5	ENST00000413851.3,ENST00000613087.5,ENST00000709042.1,ENST00000709043.1,ENST00001136704.1	5	ENST00000413851.3,ENST00000613087.5,ENST00000709042.1,ENST00000709043.1,ENST00001136704.1	1	multiple_isoforms_same_probe_coverage
IGF1	5	15	5	0	14	ENST00000307046.9,ENST00000337514.11,ENST00000392904.6,ENST00000392905.8,ENST00000424202.7,ENST00000644491.2,ENST00000906561.2,ENST00000906562.2,ENST00000906563.2,ENST00000906564.2,ENST00001004634.1,ENST00001018572.1,ENST00001111190.1,ENST00001136732.1	10	ENST00000337514.11,ENST00000392904.6,ENST00000392905.8,ENST00000424202.7,ENST00000644491.2,ENST00000906561.2,ENST00000906562.2,ENST00000906563.2,ENST00000906564.2,ENST00001136732.1	3	multiple_isoforms_differential_probe_coverage
IGF1R	5	17	5	0	7	ENST00000558898.1,ENST00000559582.1,ENST00000559925.5,ENST00000560144.1,ENST00000560972.1,ENST00000649865.1,ENST00000650285.1	2	ENST00000649865.1,ENST00000650285.1	4	multiple_isoforms_differential_probe_coverage
IGF2	5	50	5	0	49	ENST00000381389.5,ENST00000381392.5,ENST00000381395.5,ENST00000381406.8,ENST00000416167.7,ENST00000418738.2,ENST00000434045.7,ENST00000481781.3,ENST00000695541.1,ENST00000973244.1,ENST00001004347.1,ENST00001004349.1,ENST00001004350.1,ENST00001004351.1,ENST00001004352.1,ENST00001004353.1,ENST00001004354.1,ENST00001004358.1,ENST00001004359.1,ENST00001004362.1,ENST00001004364.1,ENST00001004365.1,ENST00001004366.1,ENST00001004367.1,ENST00001004369.1,ENST00001004370.1,ENST00001004371.1,ENST00001004373.1,ENST00001004386.1,ENST00001004389.1,ENST00001004396.1,ENST00001046971.1,ENST00001046972.1,ENST00001094977.1,ENST00001119219.1,ENST00001119220.1,ENST00001119221.1,ENST00001119222.1,ENST00001119223.1,ENST00001119224.1,ENST00001119225.1,ENST00001119226.1,ENST00001119227.1,ENST00001119228.1,ENST00001119229.1,ENST00001119230.1,ENST00001119231.1,ENST00001119232.1,ENST00001123712.1	4	ENST00000381395.5,ENST00000381406.8,ENST00000416167.7,ENST00000973244.1	3	multiple_isoforms_differential_probe_coverage
IGF2R	5	19	5	0	12	ENST00000356956.6,ENST00000475834.2,ENST00000649737.1,ENST00000650503.1,ENST00000676781.1,ENST00000677628.1,ENST00000677704.1,ENST00001074165.1,ENST00001114592.1,ENST00001114593.1,ENST00001122348.1,ENST00001134701.1	5	ENST00000356956.6,ENST00000676781.1,ENST00000677704.1,ENST00001074165.1,ENST00001134701.1	4	multiple_isoforms_differential_probe_coverage
IGFBP3	5	15	5	0	15	ENST00000381083.9,ENST00000381086.9,ENST00000417621.5,ENST00000428530.5,ENST00000448817.1,ENST00000460209.1,ENST00000460477.1,ENST00000465642.1,ENST00000613132.5,ENST00000908403.1,ENST00000908404.2,ENST00000908405.2,ENST00000908406.2,ENST00000991157.1,ENST00001121366.1	6	ENST00000381083.9,ENST00000613132.5,ENST00000908403.1,ENST00000908405.2,ENST00000908406.2,ENST00000991157.1	5	multiple_isoforms_differential_probe_coverage
IGFBP5	5	7	5	0	7	ENST00000233813.5,ENST00000449583.1,ENST00000486341.1,ENST00000957219.2,ENST00000990816.1,ENST00001056435.1,ENST00001123036.1	3	ENST00000233813.5,ENST00000957219.2,ENST00001123036.1	4	multiple_isoforms_differential_probe_coverage
IGFBP6	5	9	5	0	9	ENST00000301464.4,ENST00000548176.1,ENST00000548547.5,ENST00000549628.1,ENST00000650247.1,ENST00000858466.2,ENST00000985289.1,ENST00001129060.1,ENST00001138367.1	6	ENST00000301464.4,ENST00000548547.5,ENST00000858466.2,ENST00000985289.1,ENST00001129060.1,ENST00001138367.1	3	multiple_isoforms_differential_probe_coverage
IGFBP7	5	22	5	0	22	ENST00000295666.6,ENST00000512512.3,ENST00000514062.3,ENST00000896419.2,ENST00000896420.2,ENST00000896421.2,ENST00000896422.2,ENST00000896423.2,ENST00000896424.2,ENST00000896425.2,ENST00000896426.2,ENST00000947223.2,ENST00000982734.1,ENST00001032979.1,ENST00001110205.1,ENST00001120556.1,ENST00001120557.1,ENST00001120558.1,ENST00001120559.1,ENST00001126293.1,ENST00001126294.1,ENST00001139750.1	5	ENST00000295666.6,ENST00000514062.3,ENST00000896420.2,ENST00000896426.2,ENST00001139750.1	4	multiple_isoforms_differential_probe_coverage
IGHA1	5	3	5	0	3	ENST00000390547.3,ENST00000633714.1,ENST00000641837.1	3	ENST00000390547.3,ENST00000633714.1,ENST00000641837.1	1	multiple_isoforms_same_probe_coverage
IGHD	5	2	5	0	2	ENST00000390556.6,ENST00000633698.1	2	ENST00000390556.6,ENST00000633698.1	1	multiple_isoforms_same_probe_coverage
IGHG1	5	6	5	0	6	ENST00000390542.6,ENST00000390548.6,ENST00000390549.6,ENST00000631402.1,ENST00000631466.1,ENST00000631539.1	6	ENST00000390542.6,ENST00000390548.6,ENST00000390549.6,ENST00000631402.1,ENST00000631466.1,ENST00000631539.1	1	multiple_isoforms_same_probe_coverage
IGHG2	5	3	5	0	3	ENST00000390545.3,ENST00000621803.2,ENST00000641095.1	3	ENST00000390545.3,ENST00000621803.2,ENST00000641095.1	1	multiple_isoforms_same_probe_coverage
IGHM	5	3	5	0	3	ENST00000390559.6,ENST00000626472.2,ENST00000637539.2	3	ENST00000390559.6,ENST00000626472.2,ENST00000637539.2	1	multiple_isoforms_same_probe_coverage
IGKC	5	1	5	0	1	ENST00000390237.2	1	ENST00000390237.2	1	single_isoform
IL10	5	7	5	0	7	ENST00000367099.4,ENST00000423557.1,ENST00000471071.3,ENST00000640756.2,ENST00000659065.3,ENST00000659642.3,ENST00000664374.3	2	ENST00000423557.1,ENST00000659642.3	4	multiple_isoforms_differential_probe_coverage
IL10RA	5	21	5	0	19	ENST00000227752.8,ENST00000525467.2,ENST00000526544.5,ENST00000529924.6,ENST00000530178.1,ENST00000530761.5,ENST00000531365.1,ENST00000532009.1,ENST00000533700.5,ENST00000534335.1,ENST00000534574.5,ENST00000696732.1,ENST00000885116.2,ENST00000951964.2,ENST00001005884.1,ENST00001032853.1,ENST00001032854.1,ENST00001032855.1,ENST00001032856.1	14	ENST00000227752.8,ENST00000525467.2,ENST00000526544.5,ENST00000529924.6,ENST00000530761.5,ENST00000533700.5,ENST00000534574.5,ENST00000696732.1,ENST00000885116.2,ENST00000951964.2,ENST00001005884.1,ENST00001032854.1,ENST00001032855.1,ENST00001032856.1	4	multiple_isoforms_differential_probe_coverage
IL10RB	5	19	5	0	19	ENST00000290200.7,ENST00000422891.5,ENST00000451065.1,ENST00000493295.5,ENST00000498371.1,ENST00000609556.4,ENST00000637650.3,ENST00000696764.1,ENST00000696765.1,ENST00000896210.2,ENST00000896211.2,ENST00000896212.2,ENST00000896213.2,ENST00000980388.1,ENST00001111365.1,ENST00001118582.1,ENST00001126521.1,ENST00001126522.1,ENST00001131408.1	6	ENST00000290200.7,ENST00000493295.5,ENST00000896211.2,ENST00000896212.2,ENST00000896213.2,ENST00001131408.1	5	multiple_isoforms_differential_probe_coverage
IL11	5	3	5	0	3	ENST00000264563.7,ENST00000587093.1,ENST00000590625.6	2	ENST00000264563.7,ENST00000590625.6	2	multiple_isoforms_differential_probe_coverage
IL11RA	5	82	5	0	82	ENST00000318041.14,ENST00000441545.7,ENST00000466082.2,ENST00000478308.2,ENST00000478802.2,ENST00000553620.6,ENST00000553969.1,ENST00000555003.7,ENST00000555247.5,ENST00000555579.1,ENST00000555981.6,ENST00000556531.7,ENST00000556792.5,ENST00000557298.5,ENST00000602473.5,ENST00000684861.1,ENST00000685278.1,ENST00000685430.1,ENST00000685662.1,ENST00000685768.1,ENST00000686794.1,ENST00000687192.1,ENST00000687770.1,ENST00000690286.2,ENST00000692291.1,ENST00000692530.1,ENST00000692788.1,ENST00000902558.2,ENST00000902559.2,ENST00000902560.2,ENST00000902561.2,ENST00000902562.2,ENST00000902563.2,ENST00000902564.2,ENST00000902565.2,ENST00000902566.2,ENST00000902567.2,ENST00000902568.1,ENST00000902569.1,ENST00000902571.2,ENST00000902572.2,ENST00000902574.2,ENST00000926823.1,ENST00000957047.1,ENST00000957048.2,ENST00000957049.2,ENST00000957050.2,ENST00000957051.2,ENST00000957052.2,ENST00000957053.2,ENST00000957054.2,ENST00000957055.2,ENST00000957056.1,ENST00000957057.2,ENST00000957058.1,ENST00000957059.1,ENST00000957060.1,ENST00000957061.2,ENST00000957062.2,ENST00000957063.2,ENST00000957064.2,ENST00000957065.2,ENST00000957066.1,ENST00000983660.1,ENST00000983661.1,ENST00000983662.1,ENST00000983663.1,ENST00000983665.1,ENST00001052086.1,ENST00001052087.1,ENST00001052088.1,ENST00001052089.1,ENST00001052090.1,ENST00001052091.1,ENST00001052093.1,ENST00001052094.1,ENST00001052095.1,ENST00001052096.1,ENST00001052097.1,ENST00001100984.1,ENST00001121570.1,ENST00001136840.1	62	ENST00000318041.14,ENST00000441545.7,ENST00000466082.2,ENST00000478308.2,ENST00000555003.7,ENST00000555981.6,ENST00000557298.5,ENST00000684861.1,ENST00000685430.1,ENST00000685662.1,ENST00000687770.1,ENST00000690286.2,ENST00000692291.1,ENST00000692530.1,ENST00000902558.2,ENST00000902559.2,ENST00000902560.2,ENST00000902561.2,ENST00000902563.2,ENST00000902564.2,ENST00000902565.2,ENST00000902566.2,ENST00000902567.2,ENST00000902568.1,ENST00000902569.1,ENST00000902571.2,ENST00000902574.2,ENST00000926823.1,ENST00000957047.1,ENST00000957051.2,ENST00000957052.2,ENST00000957053.2,ENST00000957054.2,ENST00000957056.1,ENST00000957057.2,ENST00000957058.1,ENST00000957059.1,ENST00000957060.1,ENST00000957061.2,ENST00000957062.2,ENST00000957063.2,ENST00000957064.2,ENST00000957065.2,ENST00000957066.1,ENST00000983660.1,ENST00000983661.1,ENST00000983662.1,ENST00000983663.1,ENST00000983665.1,ENST00001052086.1,ENST00001052087.1,ENST00001052088.1,ENST00001052089.1,ENST00001052090.1,ENST00001052091.1,ENST00001052093.1,ENST00001052094.1,ENST00001052095.1,ENST00001052096.1,ENST00001052097.1,ENST00001100984.1,ENST00001136840.1	5	multiple_isoforms_differential_probe_coverage
IL12A	5	8	5	0	8	ENST00000305579.8,ENST00000466512.2,ENST00000468862.5,ENST00000480088.1,ENST00000480787.6,ENST00000496308.1,ENST00000699704.1,ENST00001144934.1	5	ENST00000305579.8,ENST00000466512.2,ENST00000480787.6,ENST00000699704.1,ENST00001144934.1	4	multiple_isoforms_differential_probe_coverage
IL12B	5	5	5	0	4	ENST00000231228.3,ENST00000696750.1,ENST00000696751.1,ENST00001137433.1	2	ENST00000231228.3,ENST00001137433.1	3	multiple_isoforms_differential_probe_coverage
IL12RB1	5	9	5	0	6	ENST00000322153.12,ENST00000430026.7,ENST00000593993.7,ENST00000600835.6,ENST00001051146.1,ENST00001051147.1	5	ENST00000322153.12,ENST00000593993.7,ENST00000600835.6,ENST00001051146.1,ENST00001051147.1	2	multiple_isoforms_differential_probe_coverage
IL12RB2	5	23	5	0	22	ENST00000262345.6,ENST00000371000.6,ENST00000441640.4,ENST00000541374.7,ENST00000544434.6,ENST00000648487.2,ENST00000674203.2,ENST00000696754.2,ENST00000696755.2,ENST00000696756.1,ENST00000696757.2,ENST00000696758.1,ENST00000696759.1,ENST00000696760.1,ENST00000696761.1,ENST00000696762.1,ENST00000696763.1,ENST00000946360.2,ENST00000946361.2,ENST00000946362.2,ENST00001027106.1,ENST00001142893.1	18	ENST00000262345.6,ENST00000371000.6,ENST00000541374.7,ENST00000544434.6,ENST00000648487.2,ENST00000674203.2,ENST00000696754.2,ENST00000696755.2,ENST00000696757.2,ENST00000696758.1,ENST00000696759.1,ENST00000696760.1,ENST00000696762.1,ENST00000946360.2,ENST00000946361.2,ENST00000946362.2,ENST00001027106.1,ENST00001142893.1	5	multiple_isoforms_differential_probe_coverage
IL13RA1	5	25	5	0	25	ENST00000371642.2,ENST00000371666.8,ENST00000481868.1,ENST00000652600.1,ENST00000865792.2,ENST00000865793.2,ENST00000865794.2,ENST00000865795.2,ENST00000965042.2,ENST00000989712.1,ENST00000989713.1,ENST00000989714.1,ENST00000989715.1,ENST00000989716.1,ENST00000989717.1,ENST00001029016.1,ENST00001029018.1,ENST00001065897.1,ENST00001110718.1,ENST00001110719.1,ENST00001120162.1,ENST00001120163.1,ENST00001125144.1,ENST00001125145.1,ENST00001132092.1	12	ENST00000371666.8,ENST00000652600.1,ENST00000865792.2,ENST00000865793.2,ENST00000865795.2,ENST00000965042.2,ENST00000989712.1,ENST00000989714.1,ENST00000989715.1,ENST00000989716.1,ENST00000989717.1,ENST00001132092.1	4	multiple_isoforms_differential_probe_coverage
IL15	5	51	5	0	51	ENST00000296545.12,ENST00000320650.9,ENST00000394159.2,ENST00000477265.6,ENST00000505351.1,ENST00000509249.1,ENST00000514653.6,ENST00000529613.6,ENST00000887020.2,ENST00000887021.2,ENST00000887022.2,ENST00000887023.2,ENST00000887024.2,ENST00000887025.2,ENST00000887026.2,ENST00000887027.2,ENST00000887028.2,ENST00000887029.2,ENST00000887030.2,ENST00000887031.2,ENST00000887032.2,ENST00000887033.2,ENST00000887034.2,ENST00000887035.2,ENST00000887036.2,ENST00000887037.2,ENST00000887038.2,ENST00000887039.2,ENST00000887040.2,ENST00000887041.2,ENST00000887042.2,ENST00000887043.2,ENST00000887044.2,ENST00000887045.2,ENST00000887046.2,ENST00000887047.2,ENST00000887048.2,ENST00000887049.2,ENST00000887050.2,ENST00000887051.2,ENST00000914397.2,ENST00000914398.2,ENST00000914399.2,ENST00000914400.2,ENST00000968087.2,ENST00000968088.2,ENST00000968089.2,ENST00000968090.2,ENST00000968091.2,ENST00000990592.1,ENST00001136450.1	48	ENST00000296545.12,ENST00000320650.9,ENST00000477265.6,ENST00000514653.6,ENST00000529613.6,ENST00000887020.2,ENST00000887021.2,ENST00000887022.2,ENST00000887023.2,ENST00000887024.2,ENST00000887025.2,ENST00000887026.2,ENST00000887027.2,ENST00000887028.2,ENST00000887029.2,ENST00000887030.2,ENST00000887031.2,ENST00000887032.2,ENST00000887033.2,ENST00000887034.2,ENST00000887035.2,ENST00000887036.2,ENST00000887037.2,ENST00000887038.2,ENST00000887039.2,ENST00000887040.2,ENST00000887041.2,ENST00000887042.2,ENST00000887043.2,ENST00000887044.2,ENST00000887045.2,ENST00000887046.2,ENST00000887047.2,ENST00000887048.2,ENST00000887049.2,ENST00000887050.2,ENST00000887051.2,ENST00000914397.2,ENST00000914398.2,ENST00000914399.2,ENST00000914400.2,ENST00000968087.2,ENST00000968088.2,ENST00000968089.2,ENST00000968090.2,ENST00000968091.2,ENST00000990592.1,ENST00001136450.1	3	multiple_isoforms_differential_probe_coverage
IL15RA	5	40	5	0	40	ENST00000379971.6,ENST00000379972.6,ENST00000379974.1,ENST00000379977.8,ENST00000397246.7,ENST00000397248.7,ENST00000397250.7,ENST00000397251.7,ENST00000397255.7,ENST00000429135.2,ENST00000435171.6,ENST00000447291.5,ENST00000453922.1,ENST00000525219.6,ENST00000528354.6,ENST00000530685.5,ENST00000532039.5,ENST00000532948.5,ENST00000534292.5,ENST00000620345.4,ENST00000620865.4,ENST00000622442.4,ENST00000851419.1,ENST00000851421.2,ENST00000851422.2,ENST00000851424.2,ENST00000851425.2,ENST00000851427.2,ENST00000851428.2,ENST00000962787.2,ENST00000962788.2,ENST00000962789.2,ENST00001007869.1,ENST00001047553.1,ENST00001047554.1,ENST00001047555.1,ENST00001047556.1,ENST00001047557.1,ENST00001107707.1,ENST00001136667.1	11	ENST00000379977.8,ENST00000397248.7,ENST00000525219.6,ENST00000532948.5,ENST00000534292.5,ENST00000851419.1,ENST00000851425.2,ENST00000851428.2,ENST00001047556.1,ENST00001047557.1,ENST00001136667.1	5	multiple_isoforms_differential_probe_coverage
IL16	5	17	5	0	14	ENST00000302987.10,ENST00000360547.9,ENST00000394652.7,ENST00000394660.6,ENST00000558332.3,ENST00000558857.5,ENST00000559342.1,ENST00000559953.1,ENST00000560115.5,ENST00000560230.1,ENST00000683961.1,ENST00000706926.1,ENST00000909975.2,ENST00000909976.2	8	ENST00000302987.10,ENST00000360547.9,ENST00000394652.7,ENST00000394660.6,ENST00000683961.1,ENST00000706926.1,ENST00000909975.2,ENST00000909976.2	4	multiple_isoforms_differential_probe_coverage
IL17A	5	1	5	0	1	ENST00000648244.1	1	ENST00000648244.1	1	single_isoform
IL17B	5	4	5	0	3	ENST00000261796.4,ENST00000505432.1,ENST00001137736.1	2	ENST00000261796.4,ENST00001137736.1	2	multiple_isoforms_differential_probe_coverage
IL17D	5	7	5	0	5	ENST00000304920.4,ENST00000682841.1,ENST00000962835.1,ENST00000962836.1,ENST00001131642.1	5	ENST00000304920.4,ENST00000682841.1,ENST00000962835.1,ENST00000962836.1,ENST00001131642.1	1	multiple_isoforms_same_probe_coverage
IL17RA	5	18	5	0	14	ENST00000319363.11,ENST00000477874.1,ENST00000612619.2,ENST00000694948.1,ENST00000694949.1,ENST00000694950.1,ENST00000694951.1,ENST00000940705.2,ENST00000962147.2,ENST00000995362.1,ENST00000995363.1,ENST00001029008.1,ENST00001106138.1,ENST00001133134.1	7	ENST00000319363.11,ENST00000612619.2,ENST00000940705.2,ENST00000995362.1,ENST00000995363.1,ENST00001029008.1,ENST00001133134.1	3	multiple_isoforms_differential_probe_coverage
IL17RB	5	34	5	0	34	ENST00000288167.8,ENST00000475124.1,ENST00000494338.1,ENST00000899722.2,ENST00000899723.2,ENST00000899724.2,ENST00000899725.2,ENST00000899726.2,ENST00000899727.2,ENST00000899728.2,ENST00000899729.2,ENST00000899730.2,ENST00000899731.2,ENST00000899732.2,ENST00000912107.1,ENST00000963738.2,ENST00001003274.1,ENST00001003275.1,ENST00001003276.1,ENST00001003277.1,ENST00001003278.1,ENST00001003279.1,ENST00001003280.1,ENST00001003281.1,ENST00001003282.1,ENST00001046249.1,ENST00001046250.1,ENST00001082443.1,ENST00001103808.1,ENST00001114200.1,ENST00001118570.1,ENST00001118571.1,ENST00001118572.1,ENST00001142583.1	22	ENST00000288167.8,ENST00000475124.1,ENST00000899722.2,ENST00000899723.2,ENST00000899724.2,ENST00000899728.2,ENST00000899729.2,ENST00000899730.2,ENST00000899731.2,ENST00000899732.2,ENST00001003274.1,ENST00001003275.1,ENST00001003277.1,ENST00001003280.1,ENST00001003282.1,ENST00001046249.1,ENST00001046250.1,ENST00001082443.1,ENST00001103808.1,ENST00001118571.1,ENST00001118572.1,ENST00001142583.1	5	multiple_isoforms_differential_probe_coverage
IL17RE	5	14	5	0	13	ENST00000383814.8,ENST00000383815.7,ENST00000421412.6,ENST00000434065.5,ENST00000444427.5,ENST00000454190.6,ENST00000454992.1,ENST00000461534.1,ENST00000483258.1,ENST00000489181.5,ENST00000865435.1,ENST00000986803.1,ENST00001139536.1	8	ENST00000383814.8,ENST00000383815.7,ENST00000421412.6,ENST00000434065.5,ENST00000454190.6,ENST00000865435.1,ENST00000986803.1,ENST00001139536.1	4	multiple_isoforms_differential_probe_coverage
IL18	5	16	5	0	16	ENST00000280357.12,ENST00000524595.7,ENST00000525547.5,ENST00000528832.1,ENST00000533858.5,ENST00000534225.1,ENST00000945845.2,ENST00000945846.2,ENST00000945847.2,ENST00000945848.2,ENST00000945849.2,ENST00001030165.1,ENST00001030166.1,ENST00001111407.1,ENST00001111408.1,ENST00001144115.1	6	ENST00000280357.12,ENST00000524595.7,ENST00000945845.2,ENST00000945846.2,ENST00000945847.2,ENST00001144115.1	5	multiple_isoforms_differential_probe_coverage
IL18R1	5	22	5	0	22	ENST00000233957.7,ENST00000409599.6,ENST00000410040.5,ENST00000466357.1,ENST00000677287.1,ENST00000866212.1,ENST00000866213.2,ENST00000866214.2,ENST00000866215.2,ENST00000866216.2,ENST00000866217.2,ENST00000866218.2,ENST00000951164.2,ENST00000951165.2,ENST00000951166.2,ENST00001055922.1,ENST00001106719.1,ENST00001106720.1,ENST00001115120.1,ENST00001115121.1,ENST00001117554.1,ENST00001144881.1	13	ENST00000233957.7,ENST00000409599.6,ENST00000866212.1,ENST00000866213.2,ENST00000866218.2,ENST00000951165.2,ENST00000951166.2,ENST00001055922.1,ENST00001106719.1,ENST00001106720.1,ENST00001115120.1,ENST00001115121.1,ENST00001144881.1	5	multiple_isoforms_differential_probe_coverage
IL1A	5	3	5	0	3	ENST00000263339.4,ENST00000959423.2,ENST00001144207.1	3	ENST00000263339.4,ENST00000959423.2,ENST00001144207.1	1	multiple_isoforms_same_probe_coverage
IL1B	5	10	5	0	10	ENST00000263341.7,ENST00000416750.1,ENST00000418817.5,ENST00000432018.5,ENST00000477398.1,ENST00000487639.1,ENST00000491056.5,ENST00000496280.5,ENST00001118992.1,ENST00001144424.1	4	ENST00000263341.7,ENST00000491056.5,ENST00001118992.1,ENST00001144424.1	4	multiple_isoforms_differential_probe_coverage
IL1R1	5	59	5	0	59	ENST00000409288.6,ENST00000409329.6,ENST00000409589.6,ENST00000409929.5,ENST00000410023.6,ENST00000413623.5,ENST00000422532.2,ENST00000424272.5,ENST00000428279.5,ENST00000430171.1,ENST00000442590.5,ENST00000450319.5,ENST00000452403.5,ENST00000853658.2,ENST00000853659.2,ENST00000853660.2,ENST00000853661.1,ENST00000853662.2,ENST00000853663.2,ENST00000853664.1,ENST00000853665.2,ENST00000853666.2,ENST00000853667.2,ENST00000853668.2,ENST00000853669.2,ENST00000853670.2,ENST00000853671.2,ENST00000853672.2,ENST00000853673.1,ENST00000853674.2,ENST00000853675.2,ENST00000959752.1,ENST00000959753.1,ENST00000959754.2,ENST00000959755.2,ENST00000959756.2,ENST00000959757.2,ENST00000959758.1,ENST00000959759.2,ENST00000959760.2,ENST00000959761.1,ENST00000959762.2,ENST00000959763.2,ENST00000959764.2,ENST00001002460.1,ENST00001002461.1,ENST00001002462.1,ENST00001056276.1,ENST00001056277.1,ENST00001056278.1,ENST00001056279.1,ENST00001056280.1,ENST00001056281.1,ENST00001056282.1,ENST00001056283.1,ENST00001056284.1,ENST00001056285.1,ENST00001104961.1,ENST00001145414.1	27	ENST00000409589.6,ENST00000410023.6,ENST00000853658.2,ENST00000853659.2,ENST00000853660.2,ENST00000853661.1,ENST00000853662.2,ENST00000853665.2,ENST00000853666.2,ENST00000853667.2,ENST00000853668.2,ENST00000853671.2,ENST00000853672.2,ENST00000853673.1,ENST00000959752.1,ENST00000959756.2,ENST00000959757.2,ENST00000959760.2,ENST00000959761.1,ENST00000959762.2,ENST00000959763.2,ENST00001056276.1,ENST00001056277.1,ENST00001056278.1,ENST00001056281.1,ENST00001056282.1,ENST00001145414.1	5	multiple_isoforms_differential_probe_coverage
IL1R2	5	27	5	0	27	ENST00000332549.8,ENST00000393414.7,ENST00000441002.1,ENST00000457817.5,ENST00000464994.5,ENST00000474085.5,ENST00000482658.1,ENST00000485335.1,ENST00000493749.1,ENST00000909823.1,ENST00000909824.2,ENST00000909825.2,ENST00000909826.2,ENST00000909827.2,ENST00000909828.2,ENST00000909829.2,ENST00000966319.2,ENST00000966320.2,ENST00000966321.2,ENST00000986679.1,ENST00000986680.1,ENST00001023831.1,ENST00001023833.1,ENST00001023834.1,ENST00001023835.1,ENST00001023836.1,ENST00001144502.1	16	ENST00000332549.8,ENST00000393414.7,ENST00000441002.1,ENST00000909823.1,ENST00000909824.2,ENST00000909827.2,ENST00000909828.2,ENST00000909829.2,ENST00000966319.2,ENST00000966320.2,ENST00000966321.2,ENST00001023833.1,ENST00001023834.1,ENST00001023835.1,ENST00001023836.1,ENST00001144502.1	5	multiple_isoforms_differential_probe_coverage
IL1RAP	5	39	5	0	34	ENST00000072516.8,ENST00000317757.9,ENST00000342550.6,ENST00000412080.1,ENST00000413869.5,ENST00000422485.6,ENST00000422625.5,ENST00000422940.6,ENST00000434491.5,ENST00000439062.7,ENST00000447382.6,ENST00000453359.5,ENST00000903528.2,ENST00000903529.2,ENST00000903530.2,ENST00000903531.2,ENST00000922987.2,ENST00000922988.1,ENST00000970339.2,ENST00000970340.2,ENST00001005641.1,ENST00001005642.1,ENST00001005643.1,ENST00001014437.1,ENST00001014438.1,ENST00001014439.1,ENST00001014440.1,ENST00001062341.1,ENST00001106278.1,ENST00001106279.1,ENST00001106280.1,ENST00001113745.1,ENST00001126918.1,ENST00001144903.1	28	ENST00000072516.8,ENST00000317757.9,ENST00000342550.6,ENST00000413869.5,ENST00000422485.6,ENST00000422940.6,ENST00000439062.7,ENST00000447382.6,ENST00000903528.2,ENST00000903529.2,ENST00000903530.2,ENST00000903531.2,ENST00000922987.2,ENST00000922988.1,ENST00000970339.2,ENST00000970340.2,ENST00001005641.1,ENST00001005642.1,ENST00001005643.1,ENST00001014437.1,ENST00001014438.1,ENST00001014439.1,ENST00001014440.1,ENST00001062341.1,ENST00001106278.1,ENST00001113745.1,ENST00001126918.1,ENST00001144903.1	2	multiple_isoforms_differential_probe_coverage
IL1RL1	5	26	5	0	23	ENST00000233954.6,ENST00000311734.6,ENST00000404917.6,ENST00000409584.6,ENST00000427077.1,ENST00000482701.5,ENST00000908526.2,ENST00000908527.2,ENST00001002036.1,ENST00001002037.1,ENST00001002038.1,ENST00001002039.1,ENST00001023495.1,ENST00001023496.1,ENST00001023497.1,ENST00001023498.1,ENST00001023499.1,ENST00001023500.1,ENST00001023501.1,ENST00001023502.1,ENST00001092501.1,ENST00001122296.1,ENST00001145317.1	12	ENST00000233954.6,ENST00000311734.6,ENST00000404917.6,ENST00000409584.6,ENST00000427077.1,ENST00000908526.2,ENST00000908527.2,ENST00001002036.1,ENST00001002038.1,ENST00001023495.1,ENST00001023497.1,ENST00001145317.1	4	multiple_isoforms_differential_probe_coverage
IL1RN	5	15	5	0	13	ENST00000259206.10,ENST00000354115.7,ENST00000361779.7,ENST00000409052.6,ENST00000409930.4,ENST00000472292.1,ENST00000486167.1,ENST00000696879.2,ENST00000696880.1,ENST00000696881.2,ENST00000696882.1,ENST00000696883.1,ENST00001138817.1	7	ENST00000259206.10,ENST00000354115.7,ENST00000361779.7,ENST00000409930.4,ENST00000696879.2,ENST00000696881.2,ENST00001138817.1	4	multiple_isoforms_differential_probe_coverage
IL2	5	2	5	0	2	ENST00000226730.5,ENST00000477645.1	1	ENST00000226730.5	2	multiple_isoforms_differential_probe_coverage
IL20	5	4	5	0	4	ENST00000367096.8,ENST00000367098.6,ENST00000391930.4,ENST00001145558.1	3	ENST00000367096.8,ENST00000367098.6,ENST00001145558.1	2	multiple_isoforms_differential_probe_coverage
IL20RA	5	18	5	0	15	ENST00000316649.10,ENST00000367746.4,ENST00000367748.4,ENST00000468393.5,ENST00000541547.5,ENST00000635289.1,ENST00000878901.2,ENST00000878902.2,ENST00000878903.2,ENST00000955115.2,ENST00000955116.2,ENST00001022374.1,ENST00001022375.1,ENST00001125379.1,ENST00001133564.1	8	ENST00000316649.10,ENST00000367748.4,ENST00000541547.5,ENST00000878901.2,ENST00000878902.2,ENST00000955116.2,ENST00001022374.1,ENST00001133564.1	3	multiple_isoforms_differential_probe_coverage
IL22RA1	5	7	5	0	7	ENST00000270800.2,ENST00000873330.2,ENST00000873331.2,ENST00000873332.2,ENST00001006276.1,ENST00001006277.1,ENST00001140363.1	5	ENST00000270800.2,ENST00000873330.2,ENST00000873332.2,ENST00001006276.1,ENST00001140363.1	3	multiple_isoforms_differential_probe_coverage
IL23A	5	4	5	0	4	ENST00000228534.6,ENST00000619177.1,ENST00000622119.4,ENST00001136841.1	2	ENST00000228534.6,ENST00001136841.1	2	multiple_isoforms_differential_probe_coverage
IL24	5	7	5	0	7	ENST00000294984.7,ENST00000367093.4,ENST00000367095.7,ENST00000391929.8,ENST00000480741.1,ENST00000491169.1,ENST00000611909.4	5	ENST00000294984.7,ENST00000367093.4,ENST00000367095.7,ENST00000391929.8,ENST00000611909.4	3	multiple_isoforms_differential_probe_coverage
IL27RA	5	19	5	0	19	ENST00000263379.4,ENST00000672064.1,ENST00000855328.2,ENST00000855329.2,ENST00000855330.2,ENST00000917020.1,ENST00000917021.2,ENST00000963616.2,ENST00000963617.2,ENST00000993527.1,ENST00000993528.1,ENST00001049192.1,ENST00001049193.1,ENST00001049194.1,ENST00001049195.1,ENST00001064734.1,ENST00001111838.1,ENST00001127186.1,ENST00001140949.1	15	ENST00000263379.4,ENST00000672064.1,ENST00000855328.2,ENST00000855329.2,ENST00000855330.2,ENST00000917021.2,ENST00000963616.2,ENST00000993527.1,ENST00001049192.1,ENST00001049193.1,ENST00001049194.1,ENST00001049195.1,ENST00001064734.1,ENST00001127186.1,ENST00001140949.1	4	multiple_isoforms_differential_probe_coverage
IL2RA	5	7	5	0	7	ENST00000256876.11,ENST00000379954.6,ENST00000379959.8,ENST00000447847.3,ENST00000644262.1,ENST00000649218.1,ENST00000697424.2	5	ENST00000256876.11,ENST00000379954.6,ENST00000379959.8,ENST00000447847.3,ENST00000697424.2	3	multiple_isoforms_differential_probe_coverage
IL2RB	5	28	5	0	28	ENST00000216223.10,ENST00000429622.6,ENST00000440958.2,ENST00000445595.3,ENST00000453962.6,ENST00000461607.5,ENST00000483573.1,ENST00000698883.1,ENST00000698890.1,ENST00000698891.1,ENST00000698892.2,ENST00000698893.2,ENST00000698894.3,ENST00000698895.1,ENST00000698896.1,ENST00000698897.1,ENST00000698898.1,ENST00000698902.2,ENST00000698903.2,ENST00000698904.2,ENST00000698905.1,ENST00000703410.1,ENST00000858141.1,ENST00000858142.1,ENST00000858143.2,ENST00000858144.1,ENST00000996218.1,ENST00001133980.1	22	ENST00000216223.10,ENST00000429622.6,ENST00000445595.3,ENST00000453962.6,ENST00000698883.1,ENST00000698890.1,ENST00000698891.1,ENST00000698892.2,ENST00000698893.2,ENST00000698894.3,ENST00000698895.1,ENST00000698896.1,ENST00000698902.2,ENST00000698903.2,ENST00000698904.2,ENST00000698905.1,ENST00000858141.1,ENST00000858142.1,ENST00000858143.2,ENST00000858144.1,ENST00000996218.1,ENST00001133980.1	5	multiple_isoforms_differential_probe_coverage
IL2RG	5	14	5	0	14	ENST00000276110.6,ENST00000374202.7,ENST00000464642.5,ENST00000473378.1,ENST00000482750.6,ENST00000487883.1,ENST00000512747.3,ENST00000696903.1,ENST00000979050.1,ENST00001095385.1,ENST00001095386.1,ENST00001095387.1,ENST00001095388.1,ENST00001133758.1	5	ENST00000276110.6,ENST00000374202.7,ENST00000696903.1,ENST00000979050.1,ENST00001133758.1	5	multiple_isoforms_differential_probe_coverage
IL32	5	70	5	0	70	ENST00000008180.14,ENST00000325568.9,ENST00000382213.8,ENST00000396887.8,ENST00000396890.7,ENST00000440815.8,ENST00000444393.7,ENST00000525003.1,ENST00000525228.5,ENST00000525377.7,ENST00000525643.7,ENST00000526464.6,ENST00000528163.7,ENST00000528652.2,ENST00000529550.6,ENST00000529699.5,ENST00000530538.7,ENST00000530890.6,ENST00000531965.5,ENST00000532086.1,ENST00000532247.5,ENST00000533097.7,ENST00000534507.6,ENST00000534748.6,ENST00000548246.1,ENST00000548476.6,ENST00000548652.6,ENST00000548807.5,ENST00000549213.6,ENST00000551122.6,ENST00000551513.6,ENST00000552356.6,ENST00000552664.6,ENST00000552936.6,ENST00000613483.5,ENST00000878150.2,ENST00000878151.1,ENST00000878152.2,ENST00000878153.2,ENST00000878154.2,ENST00000878155.2,ENST00000878156.2,ENST00000878157.2,ENST00000878158.2,ENST00000878159.1,ENST00000878160.1,ENST00000878161.2,ENST00000878162.2,ENST00000878163.2,ENST00000878164.2,ENST00000878165.2,ENST00000878166.2,ENST00000878167.2,ENST00000921321.1,ENST00000948218.2,ENST00000948219.2,ENST00000948220.2,ENST00000948221.2,ENST00000948222.2,ENST00000948223.2,ENST00001104468.1,ENST00001104469.1,ENST00001104470.1,ENST00001104471.1,ENST00001119290.1,ENST00001119291.1,ENST00001119292.1,ENST00001119293.1,ENST00001129822.1,ENST00001140899.1	48	ENST00000008180.14,ENST00000325568.9,ENST00000382213.8,ENST00000396890.7,ENST00000440815.8,ENST00000444393.7,ENST00000525643.7,ENST00000526464.6,ENST00000528163.7,ENST00000530890.6,ENST00000533097.7,ENST00000534507.6,ENST00000548652.6,ENST00000613483.5,ENST00000878150.2,ENST00000878151.1,ENST00000878152.2,ENST00000878153.2,ENST00000878154.2,ENST00000878155.2,ENST00000878156.2,ENST00000878157.2,ENST00000878158.2,ENST00000878159.1,ENST00000878160.1,ENST00000878161.2,ENST00000878162.2,ENST00000878163.2,ENST00000878164.2,ENST00000878165.2,ENST00000878166.2,ENST00000878167.2,ENST00000921321.1,ENST00000948218.2,ENST00000948219.2,ENST00000948220.2,ENST00000948221.2,ENST00000948222.2,ENST00000948223.2,ENST00001104468.1,ENST00001104469.1,ENST00001104470.1,ENST00001104471.1,ENST00001119290.1,ENST00001119291.1,ENST00001119292.1,ENST00001119293.1,ENST00001140899.1	5	multiple_isoforms_differential_probe_coverage
IL33	5	29	5	0	27	ENST00000381434.8,ENST00000417746.7,ENST00000456383.3,ENST00000611532.4,ENST00000682010.1,ENST00000893939.1,ENST00000893940.2,ENST00000893941.2,ENST00000893942.1,ENST00000893943.2,ENST00000893944.2,ENST00000893945.2,ENST00000893946.2,ENST00000893947.2,ENST00000893948.2,ENST00000893949.2,ENST00000893950.2,ENST00000893951.2,ENST00000893952.2,ENST00000893953.1,ENST00000948088.2,ENST00000948089.2,ENST00000948090.2,ENST00000948091.2,ENST00001002164.1,ENST00001120037.1,ENST00001139482.1	25	ENST00000381434.8,ENST00000417746.7,ENST00000456383.3,ENST00000682010.1,ENST00000893939.1,ENST00000893940.2,ENST00000893941.2,ENST00000893942.1,ENST00000893943.2,ENST00000893944.2,ENST00000893945.2,ENST00000893946.2,ENST00000893947.2,ENST00000893948.2,ENST00000893949.2,ENST00000893950.2,ENST00000893951.2,ENST00000893952.2,ENST00000893953.1,ENST00000948088.2,ENST00000948089.2,ENST00000948090.2,ENST00000948091.2,ENST00001002164.1,ENST00001139482.1	3	multiple_isoforms_differential_probe_coverage
IL34	5	18	5	0	17	ENST00000288098.7,ENST00000429149.7,ENST00000566361.2,ENST00000574181.1,ENST00000877106.2,ENST00000877107.2,ENST00000877108.2,ENST00000877109.2,ENST00000877110.2,ENST00000913509.2,ENST00000913510.2,ENST00000913511.2,ENST00000913512.2,ENST00000953393.2,ENST00000953394.2,ENST00000953395.2,ENST00001134277.1	15	ENST00000288098.7,ENST00000429149.7,ENST00000877106.2,ENST00000877107.2,ENST00000877108.2,ENST00000877109.2,ENST00000877110.2,ENST00000913509.2,ENST00000913510.2,ENST00000913511.2,ENST00000913512.2,ENST00000953393.2,ENST00000953394.2,ENST00000953395.2,ENST00001134277.1	3	multiple_isoforms_differential_probe_coverage
IL36G	5	4	5	0	4	ENST00000259205.5,ENST00000376489.7,ENST00000447128.5,ENST00001144068.1	3	ENST00000259205.5,ENST00000376489.7,ENST00001144068.1	2	multiple_isoforms_differential_probe_coverage
IL3RA	5	52	5	0	52	ENST00000331035.10,ENST00000381469.8,ENST00000432757.6,ENST00000711217.2,ENST00000903825.2,ENST00000903826.2,ENST00000903827.2,ENST00000903828.2,ENST00000903829.2,ENST00000903830.2,ENST00000964639.1,ENST00000964640.1,ENST00000964641.2,ENST00000964642.2,ENST00000964643.2,ENST00000964644.2,ENST00000964645.2,ENST00000972719.1,ENST00000973026.1,ENST00000973027.1,ENST00001053756.1,ENST00001053757.1,ENST00001053758.1,ENST00001053759.1,ENST00001053760.1,ENST00001053761.1,ENST00001053762.1,ENST00001053763.1,ENST00001122991.1,ENST00001132904.1,ENST00001145929.1,ENST00001145985.1,ENST00001145986.1,ENST00001145987.1,ENST00001145988.1,ENST00001145989.1,ENST00001145990.1,ENST00001146033.1,ENST00001146034.1,ENST00001146035.1,ENST00001146036.1,ENST00001146037.1,ENST00001146115.1,ENST00001146116.1,ENST00001146117.1,ENST00001146118.1,ENST00001146119.1,ENST00001146120.1,ENST00001146121.1,ENST00001146122.1,ENST00001146164.1,ENST00001146179.1	50	ENST00000331035.10,ENST00000381469.8,ENST00000711217.2,ENST00000903825.2,ENST00000903826.2,ENST00000903827.2,ENST00000903828.2,ENST00000903829.2,ENST00000903830.2,ENST00000964639.1,ENST00000964640.1,ENST00000964641.2,ENST00000964642.2,ENST00000964643.2,ENST00000964644.2,ENST00000964645.2,ENST00000973026.1,ENST00000973027.1,ENST00001053756.1,ENST00001053757.1,ENST00001053758.1,ENST00001053759.1,ENST00001053760.1,ENST00001053761.1,ENST00001053762.1,ENST00001053763.1,ENST00001122991.1,ENST00001132904.1,ENST00001145929.1,ENST00001145985.1,ENST00001145986.1,ENST00001145987.1,ENST00001145988.1,ENST00001145989.1,ENST00001145990.1,ENST00001146033.1,ENST00001146034.1,ENST00001146035.1,ENST00001146036.1,ENST00001146037.1,ENST00001146115.1,ENST00001146116.1,ENST00001146117.1,ENST00001146118.1,ENST00001146119.1,ENST00001146120.1,ENST00001146121.1,ENST00001146122.1,ENST00001146164.1,ENST00001146179.1	2	multiple_isoforms_differential_probe_coverage
IL4R	5	67	5	0	54	ENST00000170630.6,ENST00000395762.7,ENST00000543915.7,ENST00000565179.5,ENST00000565915.5,ENST00000568746.5,ENST00000856359.2,ENST00000856360.2,ENST00000856361.2,ENST00000856362.2,ENST00000856363.2,ENST00000856364.2,ENST00000856365.2,ENST00000856366.2,ENST00000856367.2,ENST00000856368.2,ENST00000856369.2,ENST00000856370.2,ENST00000856371.2,ENST00000856372.2,ENST00000856373.2,ENST00000856374.2,ENST00000856375.2,ENST00000856376.2,ENST00000856377.2,ENST00000856378.2,ENST00000912074.2,ENST00000912075.2,ENST00000912076.2,ENST00000944738.2,ENST00000944739.2,ENST00000944740.2,ENST00000944741.2,ENST00000944742.2,ENST00000944743.2,ENST00000944744.2,ENST00000992783.1,ENST00000992784.1,ENST00000992785.1,ENST00000992786.1,ENST00000992787.1,ENST00000992788.1,ENST00001047020.1,ENST00001076808.1,ENST00001076809.1,ENST00001076810.1,ENST00001076811.1,ENST00001076812.1,ENST00001076813.1,ENST00001076814.1,ENST00001119126.1,ENST00001119127.1,ENST00001123345.1,ENST00001136126.1	52	ENST00000170630.6,ENST00000395762.7,ENST00000543915.7,ENST00000568746.5,ENST00000856359.2,ENST00000856360.2,ENST00000856361.2,ENST00000856362.2,ENST00000856363.2,ENST00000856364.2,ENST00000856365.2,ENST00000856366.2,ENST00000856367.2,ENST00000856368.2,ENST00000856369.2,ENST00000856370.2,ENST00000856371.2,ENST00000856372.2,ENST00000856373.2,ENST00000856374.2,ENST00000856375.2,ENST00000856376.2,ENST00000856377.2,ENST00000856378.2,ENST00000912074.2,ENST00000912075.2,ENST00000912076.2,ENST00000944738.2,ENST00000944739.2,ENST00000944740.2,ENST00000944741.2,ENST00000944742.2,ENST00000944743.2,ENST00000944744.2,ENST00000992783.1,ENST00000992784.1,ENST00000992785.1,ENST00000992786.1,ENST00000992787.1,ENST00000992788.1,ENST00001047020.1,ENST00001076808.1,ENST00001076809.1,ENST00001076810.1,ENST00001076811.1,ENST00001076812.1,ENST00001076813.1,ENST00001076814.1,ENST00001119126.1,ENST00001119127.1,ENST00001123345.1,ENST00001136126.1	3	multiple_isoforms_differential_probe_coverage
IL6	5	11	5	0	11	ENST00000258743.10,ENST00000401630.8,ENST00000401651.5,ENST00000404625.5,ENST00000406575.2,ENST00000407492.5,ENST00000426291.5,ENST00000464710.2,ENST00000485300.2,ENST00000964192.2,ENST00001141033.1	5	ENST00000258743.10,ENST00000401630.8,ENST00000404625.5,ENST00000485300.2,ENST00001141033.1	4	multiple_isoforms_differential_probe_coverage
IL6R	5	29	5	0	28	ENST00000344086.9,ENST00000368485.8,ENST00000476006.5,ENST00000507256.1,ENST00000512471.1,ENST00000515190.1,ENST00000622330.6,ENST00000858505.2,ENST00000858506.2,ENST00000858507.2,ENST00000858508.2,ENST00000858509.2,ENST00000858510.2,ENST00000858511.2,ENST00000858512.2,ENST00000954333.2,ENST00001000224.1,ENST00001000225.1,ENST00001000227.1,ENST00001000228.1,ENST00001000229.1,ENST00001000230.1,ENST00001010513.1,ENST00001010514.1,ENST00001110398.1,ENST00001118487.1,ENST00001118488.1,ENST00001145666.1	21	ENST00000344086.9,ENST00000368485.8,ENST00000622330.6,ENST00000858505.2,ENST00000858506.2,ENST00000858507.2,ENST00000858508.2,ENST00000858509.2,ENST00000858510.2,ENST00000858511.2,ENST00000858512.2,ENST00000954333.2,ENST00001000224.1,ENST00001000225.1,ENST00001000228.1,ENST00001010513.1,ENST00001010514.1,ENST00001110398.1,ENST00001118487.1,ENST00001118488.1,ENST00001145666.1	5	multiple_isoforms_differential_probe_coverage
IL6ST	5	54	5	0	51	ENST00000381286.7,ENST00000381293.6,ENST00000381294.9,ENST00000381298.7,ENST00000502326.8,ENST00000503773.6,ENST00000506241.2,ENST00000522633.2,ENST00000577363.2,ENST00000651614.1,ENST00000698638.2,ENST00000698639.2,ENST00000698640.1,ENST00000698641.1,ENST00000698642.1,ENST00000698643.1,ENST00000698644.2,ENST00000698645.2,ENST00000698646.2,ENST00000698647.1,ENST00000698648.1,ENST00000698649.1,ENST00000868545.2,ENST00000868546.2,ENST00000868547.2,ENST00000868548.2,ENST00000971039.2,ENST00000971040.2,ENST00000971041.2,ENST00000987862.1,ENST00000987863.1,ENST00000987864.1,ENST00000987865.1,ENST00000987866.1,ENST00000987867.1,ENST00000987868.1,ENST00000987869.1,ENST00000987870.1,ENST00001028863.1,ENST00001028864.1,ENST00001028866.1,ENST00001028867.1,ENST00001028870.1,ENST00001028871.1,ENST00001028872.1,ENST00001028873.1,ENST00001108924.1,ENST00001108925.1,ENST00001112442.1,ENST00001112443.1,ENST00001139049.1	26	ENST00000381294.9,ENST00000381298.7,ENST00000502326.8,ENST00000503773.6,ENST00000506241.2,ENST00000577363.2,ENST00000651614.1,ENST00000698639.2,ENST00000698641.1,ENST00000698642.1,ENST00000698643.1,ENST00000698644.2,ENST00000698645.2,ENST00000698646.2,ENST00000698647.1,ENST00000698648.1,ENST00000868545.2,ENST00000868547.2,ENST00000868548.2,ENST00000971039.2,ENST00000971041.2,ENST00000987864.1,ENST00000987866.1,ENST00001028863.1,ENST00001028864.1,ENST00001139049.1	5	multiple_isoforms_differential_probe_coverage
IL7	5	13	5	0	10	ENST00000263851.9,ENST00000379113.7,ENST00000518982.5,ENST00000520269.6,ENST00000520317.1,ENST00000521323.1,ENST00000541183.3,ENST00000960091.2,ENST00000973370.1,ENST00001133551.1	8	ENST00000263851.9,ENST00000379113.7,ENST00000518982.5,ENST00000520269.6,ENST00000541183.3,ENST00000960091.2,ENST00000973370.1,ENST00001133551.1	3	multiple_isoforms_differential_probe_coverage
IL7R	5	15	5	0	14	ENST00000303115.8,ENST00000505093.1,ENST00000505875.1,ENST00000506850.6,ENST00000508941.5,ENST00000511031.1,ENST00000511982.2,ENST00000514217.5,ENST00000515665.1,ENST00000877114.2,ENST00001042026.1,ENST00001110206.1,ENST00001128373.1,ENST00001138970.1	4	ENST00000303115.8,ENST00000514217.5,ENST00001042026.1,ENST00001138970.1	4	multiple_isoforms_differential_probe_coverage
INHA	5	4	5	0	4	ENST00000243786.3,ENST00000489456.1,ENST00001100373.1,ENST00001140573.1	2	ENST00000243786.3,ENST00001140573.1	3	multiple_isoforms_differential_probe_coverage
INHBA	5	13	5	0	12	ENST00000242208.5,ENST00000442711.2,ENST00000464515.1,ENST00000638023.2,ENST00000867823.2,ENST00000916727.2,ENST00000947876.2,ENST00000947878.2,ENST00000947879.2,ENST00001017047.1,ENST00001125203.1,ENST00001127162.1	10	ENST00000242208.5,ENST00000442711.2,ENST00000638023.2,ENST00000867823.2,ENST00000916727.2,ENST00000947876.2,ENST00000947878.2,ENST00000947879.2,ENST00001017047.1,ENST00001125203.1	2	multiple_isoforms_differential_probe_coverage
INHBB	5	2	5	0	2	ENST00000295228.4,ENST00001145177.1	2	ENST00000295228.4,ENST00001145177.1	1	multiple_isoforms_same_probe_coverage
INS	5	6	5	0	6	ENST00000250971.7,ENST00000381330.5,ENST00000397262.5,ENST00000421783.1,ENST00000512523.1,ENST00000973245.1	0		4	multiple_isoforms_differential_probe_coverage
INSR	5	14	5	0	10	ENST00000302850.10,ENST00000341500.10,ENST00000598216.1,ENST00000904790.2,ENST00000904791.2,ENST00000976775.1,ENST00001058919.1,ENST00001108082.1,ENST00001108083.1,ENST00001142145.1	5	ENST00000302850.10,ENST00000341500.10,ENST00000904790.2,ENST00000904791.2,ENST00001142145.1	4	multiple_isoforms_differential_probe_coverage
IRF3	5	62	5	0	58	ENST00000309877.12,ENST00000377139.8,ENST00000442265.3,ENST00000593337.5,ENST00000593818.5,ENST00000593922.6,ENST00000594387.1,ENST00000595034.5,ENST00000595240.5,ENST00000596644.5,ENST00000596756.5,ENST00000596765.6,ENST00000596788.1,ENST00000596822.6,ENST00000597198.6,ENST00000597636.5,ENST00000598108.5,ENST00000598808.6,ENST00000599144.6,ENST00000599223.6,ENST00000599680.1,ENST00000600022.6,ENST00000600911.6,ENST00000601291.6,ENST00000601373.7,ENST00000601809.5,ENST00000890747.2,ENST00000890748.2,ENST00000890749.2,ENST00000890750.2,ENST00000890751.2,ENST00000921360.2,ENST00000921361.2,ENST00000921362.2,ENST00000942552.2,ENST00000942553.2,ENST00000973641.1,ENST00000973642.1,ENST00000973643.1,ENST00001032480.1,ENST00001032481.1,ENST00001032482.1,ENST00001032483.1,ENST00001032484.1,ENST00001032485.1,ENST00001032486.1,ENST00001032488.1,ENST00001032489.1,ENST00001032491.1,ENST00001032492.1,ENST00001032493.1,ENST00001032494.1,ENST00001071112.1,ENST00001071114.1,ENST00001071115.1,ENST00001071116.1,ENST00001071117.1,ENST00001141090.1	41	ENST00000309877.12,ENST00000377139.8,ENST00000442265.3,ENST00000593922.6,ENST00000596765.6,ENST00000597198.6,ENST00000597636.5,ENST00000598808.6,ENST00000599144.6,ENST00000599223.6,ENST00000600022.6,ENST00000601291.6,ENST00000601373.7,ENST00000890747.2,ENST00000890748.2,ENST00000890749.2,ENST00000890750.2,ENST00000890751.2,ENST00000921361.2,ENST00000942552.2,ENST00000973641.1,ENST00000973642.1,ENST00000973643.1,ENST00001032480.1,ENST00001032481.1,ENST00001032482.1,ENST00001032483.1,ENST00001032484.1,ENST00001032485.1,ENST00001032486.1,ENST00001032488.1,ENST00001032489.1,ENST00001032491.1,ENST00001032493.1,ENST00001032494.1,ENST00001071112.1,ENST00001071114.1,ENST00001071115.1,ENST00001071116.1,ENST00001071117.1,ENST00001141090.1	4	multiple_isoforms_differential_probe_coverage
IRF4	5	13	5	0	13	ENST00000380956.9,ENST00000468485.5,ENST00000469834.2,ENST00000493114.2,ENST00000495137.5,ENST00000696871.2,ENST00000696872.1,ENST00000696873.1,ENST00000866553.2,ENST00000866554.2,ENST00001109186.1,ENST00001113967.1,ENST00001135558.1	6	ENST00000380956.9,ENST00000493114.2,ENST00000696871.2,ENST00000866553.2,ENST00000866554.2,ENST00001135558.1	4	multiple_isoforms_differential_probe_coverage
ITGA1	5	17	5	0	15	ENST00000282588.7,ENST00000504669.5,ENST00000509049.1,ENST00000513737.5,ENST00000514262.5,ENST00000650673.1,ENST00000993159.1,ENST00000993160.1,ENST00001057143.1,ENST00001057144.1,ENST00001109505.1,ENST00001124418.1,ENST00001124419.1,ENST00001124420.1,ENST00001134905.1	8	ENST00000282588.7,ENST00000650673.1,ENST00000993159.1,ENST00000993160.1,ENST00001057143.1,ENST00001057144.1,ENST00001124418.1,ENST00001134905.1	4	multiple_isoforms_differential_probe_coverage
ITGA2	5	9	5	0	9	ENST00000296585.10,ENST00000503810.6,ENST00000509814.5,ENST00000509960.5,ENST00000510722.1,ENST00000513685.5,ENST00000860895.2,ENST00001113269.1,ENST00001137168.1	8	ENST00000296585.10,ENST00000503810.6,ENST00000509814.5,ENST00000509960.5,ENST00000510722.1,ENST00000513685.5,ENST00000860895.2,ENST00001137168.1	2	multiple_isoforms_differential_probe_coverage
ITGA3	5	20	5	0	14	ENST00000007722.11,ENST00000320031.13,ENST00000505306.5,ENST00000505612.1,ENST00000506401.6,ENST00000506827.1,ENST00000507771.5,ENST00000508100.1,ENST00000512553.5,ENST00000515147.1,ENST00000876971.2,ENST00000876972.2,ENST00000876973.2,ENST00001134949.1	7	ENST00000007722.11,ENST00000320031.13,ENST00000505306.5,ENST00000876971.2,ENST00000876972.2,ENST00000876973.2,ENST00001134949.1	5	multiple_isoforms_differential_probe_coverage
ITGA5	5	27	5	0	21	ENST00000293379.9,ENST00000547197.1,ENST00000549601.1,ENST00000550141.1,ENST00000551564.1,ENST00000551861.1,ENST00000552564.5,ENST00000854881.2,ENST00000854882.2,ENST00000854883.2,ENST00000945317.2,ENST00000945318.2,ENST00000945319.2,ENST00000945320.2,ENST00000945321.2,ENST00000945322.2,ENST00000996302.1,ENST00000996304.1,ENST00001018536.1,ENST00001018537.1,ENST00001018538.1	14	ENST00000293379.9,ENST00000552564.5,ENST00000854882.2,ENST00000854883.2,ENST00000945317.2,ENST00000945318.2,ENST00000945319.2,ENST00000945320.2,ENST00000945321.2,ENST00000945322.2,ENST00000996302.1,ENST00000996304.1,ENST00001018537.1,ENST00001018538.1	4	multiple_isoforms_differential_probe_coverage
ITGA6	5	27	5	0	25	ENST00000264107.13,ENST00000409080.7,ENST00000409532.5,ENST00000412899.5,ENST00000416789.1,ENST00000442250.6,ENST00000458358.5,ENST00000469534.1,ENST00000475302.1,ENST00000684293.1,ENST00000715295.2,ENST00000874109.2,ENST00000874110.1,ENST00000874111.2,ENST00000874112.2,ENST00000953156.2,ENST00000994439.1,ENST00000994440.1,ENST00001010686.1,ENST00001084088.1,ENST00001084089.1,ENST00001084090.1,ENST00001109957.1,ENST00001109958.1,ENST00001144376.1	18	ENST00000264107.13,ENST00000409080.7,ENST00000409532.5,ENST00000442250.6,ENST00000458358.5,ENST00000684293.1,ENST00000715295.2,ENST00000874109.2,ENST00000874110.1,ENST00000874112.2,ENST00000953156.2,ENST00000994439.1,ENST00000994440.1,ENST00001010686.1,ENST00001084088.1,ENST00001084089.1,ENST00001084090.1,ENST00001144376.1	5	multiple_isoforms_differential_probe_coverage
ITGA9	5	25	5	0	25	ENST00000264741.10,ENST00000411817.2,ENST00000422441.6,ENST00000461533.1,ENST00000707665.1,ENST00000707666.1,ENST00000707667.1,ENST00000707668.1,ENST00000921363.2,ENST00000921364.2,ENST00000944256.2,ENST00000944257.2,ENST00000944258.2,ENST00000944259.2,ENST00000944260.2,ENST00000944261.2,ENST00001024186.1,ENST00001115880.1,ENST00001115881.1,ENST00001115882.1,ENST00001122718.1,ENST00001122719.1,ENST00001122720.1,ENST00001122721.1,ENST00001140495.1	13	ENST00000264741.10,ENST00000707666.1,ENST00000921363.2,ENST00000944256.2,ENST00000944257.2,ENST00000944258.2,ENST00000944259.2,ENST00000944260.2,ENST00000944261.2,ENST00001024186.1,ENST00001115880.1,ENST00001122718.1,ENST00001140495.1	4	multiple_isoforms_differential_probe_coverage
ITGAE	5	14	5	0	6	ENST00000263087.9,ENST00000868855.2,ENST00000868856.2,ENST00000868857.2,ENST00000949198.2,ENST00000949199.2	6	ENST00000263087.9,ENST00000868855.2,ENST00000868856.2,ENST00000868857.2,ENST00000949198.2,ENST00000949199.2	1	multiple_isoforms_same_probe_coverage
ITGAL	5	27	5	0	21	ENST00000356798.11,ENST00000358164.10,ENST00000433423.3,ENST00000562652.1,ENST00000562857.5,ENST00000563615.5,ENST00000564935.1,ENST00000565348.5,ENST00000565864.5,ENST00000566149.1,ENST00000568926.5,ENST00000568987.1,ENST00000676652.1,ENST00000677830.1,ENST00000678203.1,ENST00000679323.1,ENST00000875722.1,ENST00000875723.2,ENST00000955585.2,ENST00000955586.2,ENST00001139153.1	9	ENST00000356798.11,ENST00000358164.10,ENST00000677830.1,ENST00000678203.1,ENST00000875722.1,ENST00000875723.2,ENST00000955585.2,ENST00000955586.2,ENST00001139153.1	5	multiple_isoforms_differential_probe_coverage
ITGAM	5	13	5	0	9	ENST00000544665.9,ENST00000567031.1,ENST00000570242.1,ENST00000648685.2,ENST00000882543.2,ENST00000943359.2,ENST00000943360.2,ENST00000943361.2,ENST00001135336.1	7	ENST00000544665.9,ENST00000648685.2,ENST00000882543.2,ENST00000943359.2,ENST00000943360.2,ENST00000943361.2,ENST00001135336.1	3	multiple_isoforms_differential_probe_coverage
ITGAV	5	30	5	0	25	ENST00000261023.8,ENST00000374907.8,ENST00000430709.1,ENST00000433736.6,ENST00000460641.1,ENST00000696906.2,ENST00000696907.2,ENST00000696908.1,ENST00000696909.2,ENST00000696910.2,ENST00000696911.2,ENST00000696912.2,ENST00000696913.2,ENST00000696914.1,ENST00000696917.1,ENST00000696918.1,ENST00000696919.1,ENST00000696936.1,ENST00000696937.1,ENST00000877363.2,ENST00000925191.2,ENST00000925192.2,ENST00000925193.2,ENST00001114407.1,ENST00001144336.1	17	ENST00000261023.8,ENST00000374907.8,ENST00000433736.6,ENST00000696906.2,ENST00000696907.2,ENST00000696908.1,ENST00000696909.2,ENST00000696912.2,ENST00000696913.2,ENST00000696914.1,ENST00000696917.1,ENST00000696937.1,ENST00000877363.2,ENST00000925191.2,ENST00000925192.2,ENST00000925193.2,ENST00001144336.1	4	multiple_isoforms_differential_probe_coverage
ITGAX	5	11	5	0	7	ENST00000268296.9,ENST00000562138.1,ENST00000562522.3,ENST00000571644.1,ENST00000958326.2,ENST00000958327.1,ENST00001140962.1	6	ENST00000268296.9,ENST00000562522.3,ENST00000571644.1,ENST00000958326.2,ENST00000958327.1,ENST00001140962.1	2	multiple_isoforms_differential_probe_coverage
ITGB1	5	129	5	0	127	ENST00000302278.8,ENST00000396033.7,ENST00000414670.2,ENST00000417122.8,ENST00000423113.7,ENST00000437302.7,ENST00000464001.1,ENST00000472147.1,ENST00000474568.6,ENST00000475184.6,ENST00000480226.5,ENST00000484088.5,ENST00000488427.2,ENST00000488494.7,ENST00000494395.1,ENST00000528877.5,ENST00000534049.5,ENST00000609742.4,ENST00000676460.2,ENST00000676623.1,ENST00000676659.2,ENST00000676895.1,ENST00000676964.1,ENST00000677310.3,ENST00000677363.1,ENST00000677999.2,ENST00000678120.1,ENST00000678479.1,ENST00000678591.2,ENST00000678701.2,ENST00000678766.2,ENST00000678943.2,ENST00000678952.2,ENST00000678989.1,ENST00000679187.1,ENST00000898616.1,ENST00000898617.2,ENST00000898618.2,ENST00000898619.2,ENST00000898620.2,ENST00000898621.2,ENST00000898622.2,ENST00000898623.2,ENST00000898624.2,ENST00000898625.2,ENST00000898626.2,ENST00000898627.2,ENST00000898628.2,ENST00000898629.2,ENST00000898630.1,ENST00000898631.2,ENST00000898632.1,ENST00000898633.2,ENST00000898634.2,ENST00000898635.2,ENST00000898636.1,ENST00000898637.2,ENST00000898638.2,ENST00000898639.2,ENST00000898640.1,ENST00000931352.2,ENST00000931353.2,ENST00000931354.2,ENST00000931355.2,ENST00000931356.2,ENST00000931357.2,ENST00000931358.2,ENST00000931359.2,ENST00000931360.1,ENST00000931361.1,ENST00000966585.2,ENST00000966586.2,ENST00000966587.2,ENST00000966588.2,ENST00000966589.2,ENST00000966590.2,ENST00000966591.2,ENST00000966592.2,ENST00000966593.2,ENST00000966594.2,ENST00000966595.2,ENST00000966596.2,ENST00000966597.2,ENST00000966598.1,ENST00000966599.1,ENST00000966600.2,ENST00000966601.1,ENST00000966602.1,ENST00000988005.1,ENST00000988006.1,ENST00000988007.1,ENST00000988008.1,ENST00000988009.1,ENST00000988011.1,ENST00001042705.1,ENST00001042706.1,ENST00001042708.1,ENST00001042709.1,ENST00001042711.1,ENST00001042712.1,ENST00001042714.1,ENST00001042715.1,ENST00001042717.1,ENST00001042718.1,ENST00001042719.1,ENST00001042720.1,ENST00001042721.1,ENST00001042722.1,ENST00001042725.1,ENST00001042727.1,ENST00001042729.1,ENST00001042731.1,ENST00001042733.1,ENST00001042734.1,ENST00001042735.1,ENST00001042736.1,ENST00001042737.1,ENST00001042738.1,ENST00001042739.1,ENST00001042740.1,ENST00001042741.1,ENST00001106519.1,ENST00001113625.1,ENST00001113626.1,ENST00001113628.1,ENST00001113629.1,ENST00001135638.1	112	ENST00000302278.8,ENST00000396033.7,ENST00000417122.8,ENST00000423113.7,ENST00000437302.7,ENST00000474568.6,ENST00000488427.2,ENST00000488494.7,ENST00000609742.4,ENST00000676460.2,ENST00000676623.1,ENST00000676659.2,ENST00000676895.1,ENST00000676964.1,ENST00000677310.3,ENST00000677363.1,ENST00000677999.2,ENST00000678120.1,ENST00000678479.1,ENST00000678591.2,ENST00000678701.2,ENST00000678766.2,ENST00000678943.2,ENST00000678952.2,ENST00000678989.1,ENST00000679187.1,ENST00000898616.1,ENST00000898617.2,ENST00000898618.2,ENST00000898620.2,ENST00000898621.2,ENST00000898622.2,ENST00000898623.2,ENST00000898624.2,ENST00000898625.2,ENST00000898626.2,ENST00000898627.2,ENST00000898628.2,ENST00000898629.2,ENST00000898630.1,ENST00000898631.2,ENST00000898632.1,ENST00000898633.2,ENST00000898634.2,ENST00000898635.2,ENST00000898636.1,ENST00000898637.2,ENST00000898638.2,ENST00000898639.2,ENST00000898640.1,ENST00000931352.2,ENST00000931353.2,ENST00000931354.2,ENST00000931355.2,ENST00000931356.2,ENST00000931357.2,ENST00000931358.2,ENST00000931359.2,ENST00000931360.1,ENST00000931361.1,ENST00000966585.2,ENST00000966586.2,ENST00000966587.2,ENST00000966588.2,ENST00000966589.2,ENST00000966590.2,ENST00000966591.2,ENST00000966592.2,ENST00000966593.2,ENST00000966594.2,ENST00000966595.2,ENST00000966596.2,ENST00000966597.2,ENST00000966598.1,ENST00000966599.1,ENST00000966600.2,ENST00000966601.1,ENST00000966602.1,ENST00000988006.1,ENST00000988008.1,ENST00000988009.1,ENST00000988011.1,ENST00001042705.1,ENST00001042706.1,ENST00001042708.1,ENST00001042709.1,ENST00001042711.1,ENST00001042712.1,ENST00001042714.1,ENST00001042715.1,ENST00001042717.1,ENST00001042718.1,ENST00001042720.1,ENST00001042721.1,ENST00001042722.1,ENST00001042725.1,ENST00001042727.1,ENST00001042731.1,ENST00001042733.1,ENST00001042734.1,ENST00001042735.1,ENST00001042736.1,ENST00001042737.1,ENST00001042738.1,ENST00001042739.1,ENST00001042740.1,ENST00001042741.1,ENST00001113625.1,ENST00001113626.1,ENST00001113628.1,ENST00001113629.1,ENST00001135638.1	5	multiple_isoforms_differential_probe_coverage
ITGB2	5	47	5	0	32	ENST00000302347.11,ENST00000320216.10,ENST00000355153.9,ENST00000397850.7,ENST00000397852.6,ENST00000397854.8,ENST00000397857.6,ENST00000475170.5,ENST00000479202.5,ENST00000498666.5,ENST00000521987.1,ENST00000522931.5,ENST00000523323.5,ENST00000523663.5,ENST00000652462.1,ENST00000696946.1,ENST00000909411.1,ENST00000909412.2,ENST00000909413.2,ENST00000909414.2,ENST00000909415.2,ENST00000909416.2,ENST00000909417.2,ENST00000909418.2,ENST00000909419.2,ENST00000909420.2,ENST00000909421.2,ENST00000961802.2,ENST00000961803.2,ENST00000961804.2,ENST00001023076.1,ENST00001131552.1	23	ENST00000302347.11,ENST00000355153.9,ENST00000397850.7,ENST00000397852.6,ENST00000397857.6,ENST00000498666.5,ENST00000523323.5,ENST00000652462.1,ENST00000909411.1,ENST00000909413.2,ENST00000909414.2,ENST00000909415.2,ENST00000909416.2,ENST00000909417.2,ENST00000909418.2,ENST00000909419.2,ENST00000909420.2,ENST00000909421.2,ENST00000961802.2,ENST00000961803.2,ENST00000961804.2,ENST00001023076.1,ENST00001131552.1	5	multiple_isoforms_differential_probe_coverage
ITGB4	5	44	5	0	38	ENST00000200181.8,ENST00000449880.8,ENST00000450894.8,ENST00000579662.6,ENST00000580542.5,ENST00000583327.2,ENST00000584025.1,ENST00000584558.5,ENST00000584939.1,ENST00000864026.2,ENST00000864027.1,ENST00000864028.2,ENST00000864029.2,ENST00000864030.2,ENST00000864031.2,ENST00000864032.2,ENST00000864033.2,ENST00000864034.2,ENST00000864035.2,ENST00000864036.2,ENST00000864037.2,ENST00000864038.2,ENST00000864039.2,ENST00000864040.2,ENST00000864041.2,ENST00000939590.2,ENST00000948785.2,ENST00000948786.2,ENST00000948787.2,ENST00000948788.2,ENST00000948789.2,ENST00000948790.2,ENST00000948791.2,ENST00000948792.2,ENST00000948793.2,ENST00000948794.2,ENST00001006273.1,ENST00001138509.1	31	ENST00000200181.8,ENST00000449880.8,ENST00000450894.8,ENST00000579662.6,ENST00000864026.2,ENST00000864027.1,ENST00000864028.2,ENST00000864029.2,ENST00000864030.2,ENST00000864031.2,ENST00000864032.2,ENST00000864033.2,ENST00000864035.2,ENST00000864037.2,ENST00000864038.2,ENST00000864039.2,ENST00000864040.2,ENST00000864041.2,ENST00000939590.2,ENST00000948785.2,ENST00000948786.2,ENST00000948787.2,ENST00000948788.2,ENST00000948789.2,ENST00000948790.2,ENST00000948791.2,ENST00000948792.2,ENST00000948793.2,ENST00000948794.2,ENST00001006273.1,ENST00001138509.1	5	multiple_isoforms_differential_probe_coverage
ITGB5	5	53	5	0	48	ENST00000296181.9,ENST00000460797.5,ENST00000465464.5,ENST00000481591.5,ENST00000483168.5,ENST00000488466.5,ENST00000608107.1,ENST00000608657.5,ENST00000905025.2,ENST00000905026.2,ENST00000935895.2,ENST00000935896.2,ENST00000935897.2,ENST00000935898.2,ENST00000935899.2,ENST00000935900.2,ENST00000935901.2,ENST00000935902.2,ENST00000935903.2,ENST00000935904.2,ENST00000935905.2,ENST00000935906.2,ENST00000935907.2,ENST00000935908.2,ENST00000935909.2,ENST00000935910.2,ENST00000965612.2,ENST00000965613.2,ENST00000965614.2,ENST00000965615.2,ENST00000965616.2,ENST00000965617.2,ENST00001021078.1,ENST00001021079.1,ENST00001021080.1,ENST00001021081.1,ENST00001021082.1,ENST00001021083.1,ENST00001021084.1,ENST00001021085.1,ENST00001075428.1,ENST00001075429.1,ENST00001075430.1,ENST00001105938.1,ENST00001113148.1,ENST00001113149.1,ENST00001123283.1,ENST00001144455.1	32	ENST00000296181.9,ENST00000905025.2,ENST00000905026.2,ENST00000935895.2,ENST00000935896.2,ENST00000935897.2,ENST00000935898.2,ENST00000935900.2,ENST00000935901.2,ENST00000935902.2,ENST00000935903.2,ENST00000935905.2,ENST00000935908.2,ENST00000935909.2,ENST00000965612.2,ENST00000965613.2,ENST00000965614.2,ENST00000965615.2,ENST00000965616.2,ENST00000965617.2,ENST00001021078.1,ENST00001021079.1,ENST00001021080.1,ENST00001021081.1,ENST00001021082.1,ENST00001021083.1,ENST00001021084.1,ENST00001021085.1,ENST00001075428.1,ENST00001075429.1,ENST00001123283.1,ENST00001144455.1	5	multiple_isoforms_differential_probe_coverage
ITGB6	5	28	5	0	27	ENST00000283249.7,ENST00000409583.5,ENST00000409872.1,ENST00000409967.7,ENST00000428609.7,ENST00000475438.1,ENST00000485635.2,ENST00000620391.5,ENST00000652612.1,ENST00000873501.2,ENST00000873502.2,ENST00000873503.2,ENST00000958489.2,ENST00000958490.2,ENST00000958491.2,ENST00000958492.2,ENST00000958493.2,ENST00000958494.2,ENST00000993960.1,ENST00001012816.1,ENST00001012817.1,ENST00001106598.1,ENST00001106599.1,ENST00001106600.1,ENST00001106601.1,ENST00001114584.1,ENST00001145088.1	19	ENST00000283249.7,ENST00000409583.5,ENST00000409872.1,ENST00000409967.7,ENST00000428609.7,ENST00000620391.5,ENST00000873501.2,ENST00000873502.2,ENST00000873503.2,ENST00000958489.2,ENST00000958490.2,ENST00000958492.2,ENST00000958493.2,ENST00000958494.2,ENST00001012816.1,ENST00001012817.1,ENST00001106598.1,ENST00001106599.1,ENST00001145088.1	5	multiple_isoforms_differential_probe_coverage
ITGB8	5	18	5	0	16	ENST00000222573.5,ENST00000477859.1,ENST00000478974.1,ENST00000537992.6,ENST00000897604.2,ENST00000897605.2,ENST00000897606.2,ENST00000897607.2,ENST00000897608.1,ENST00000897609.2,ENST00001002296.1,ENST00001002297.1,ENST00001110843.1,ENST00001113193.1,ENST00001117162.1,ENST00001135208.1	9	ENST00000222573.5,ENST00000537992.6,ENST00000897604.2,ENST00000897607.2,ENST00000897608.1,ENST00001002296.1,ENST00001002297.1,ENST00001117162.1,ENST00001135208.1	4	multiple_isoforms_differential_probe_coverage
ITK	5	15	5	0	10	ENST00000422843.8,ENST00000519402.5,ENST00000519749.1,ENST00000520173.1,ENST00000521769.5,ENST00000696962.1,ENST00000862614.2,ENST00000862615.2,ENST00000862616.2,ENST00001134709.1	7	ENST00000422843.8,ENST00000519402.5,ENST00000696962.1,ENST00000862614.2,ENST00000862615.2,ENST00000862616.2,ENST00001134709.1	3	multiple_isoforms_differential_probe_coverage
ITM2A	5	21	5	0	20	ENST00000373298.7,ENST00000434584.3,ENST00000461357.1,ENST00000469541.5,ENST00000482194.1,ENST00000865381.1,ENST00000865382.2,ENST00000865383.2,ENST00000933702.2,ENST00000933703.2,ENST00000933704.1,ENST00000933705.2,ENST00000944508.2,ENST00000944509.2,ENST00001032706.1,ENST00001032707.1,ENST00001032709.1,ENST00001095894.1,ENST00001125174.1,ENST00001135573.1	16	ENST00000373298.7,ENST00000434584.3,ENST00000865381.1,ENST00000865382.2,ENST00000865383.2,ENST00000933702.2,ENST00000933703.2,ENST00000933704.1,ENST00000933705.2,ENST00000944509.2,ENST00001032706.1,ENST00001032707.1,ENST00001032709.1,ENST00001095894.1,ENST00001125174.1,ENST00001135573.1	4	multiple_isoforms_differential_probe_coverage
JAG1	5	16	5	0	16	ENST00000254958.10,ENST00000423891.6,ENST00000488480.2,ENST00000612857.1,ENST00000613518.1,ENST00000617357.1,ENST00000617965.2,ENST00000620743.1,ENST00000622545.1,ENST00000901230.2,ENST00000913736.2,ENST00000913737.2,ENST00000913738.2,ENST00000946613.2,ENST00001064420.1,ENST00001114981.1	6	ENST00000254958.10,ENST00000901230.2,ENST00000913737.2,ENST00000913738.2,ENST00000946613.2,ENST00001064420.1	5	multiple_isoforms_differential_probe_coverage
JAK1	5	52	5	0	48	ENST00000342505.5,ENST00000465376.7,ENST00000671746.2,ENST00000671929.3,ENST00000671954.3,ENST00000672099.1,ENST00000672179.3,ENST00000672247.3,ENST00000672434.3,ENST00000672574.3,ENST00000672751.3,ENST00000673046.2,ENST00000673220.1,ENST00000673246.3,ENST00000673254.2,ENST00000673314.2,ENST00000673502.2,ENST00000699259.2,ENST00000699260.2,ENST00000699261.1,ENST00000699262.2,ENST00000699263.1,ENST00000699310.2,ENST00000699311.1,ENST00000699312.2,ENST00000699313.1,ENST00000699314.1,ENST00000893439.2,ENST00000893440.2,ENST00000893441.2,ENST00000893442.2,ENST00000893443.2,ENST00000893444.2,ENST00000893445.2,ENST00000930718.2,ENST00000930721.2,ENST00000970943.2,ENST00000970944.2,ENST00000970945.2,ENST00000970946.2,ENST00000970947.2,ENST00001009379.1,ENST00001009382.1,ENST00001009387.1,ENST00001009388.1,ENST00001084664.1,ENST00001107019.1,ENST00001145893.1	42	ENST00000342505.5,ENST00000671746.2,ENST00000671929.3,ENST00000671954.3,ENST00000672179.3,ENST00000672247.3,ENST00000672434.3,ENST00000672574.3,ENST00000672751.3,ENST00000673046.2,ENST00000673220.1,ENST00000673246.3,ENST00000673254.2,ENST00000673314.2,ENST00000673502.2,ENST00000699259.2,ENST00000699260.2,ENST00000699261.1,ENST00000699262.2,ENST00000699310.2,ENST00000699311.1,ENST00000699312.2,ENST00000699313.1,ENST00000893439.2,ENST00000893440.2,ENST00000893441.2,ENST00000893442.2,ENST00000893443.2,ENST00000893444.2,ENST00000893445.2,ENST00000930718.2,ENST00000930721.2,ENST00000970943.2,ENST00000970944.2,ENST00000970945.2,ENST00000970946.2,ENST00000970947.2,ENST00001009382.1,ENST00001009387.1,ENST00001009388.1,ENST00001084664.1,ENST00001145893.1	3	multiple_isoforms_differential_probe_coverage
JAK2	5	23	5	0	19	ENST00000381652.4,ENST00000487310.1,ENST00000636127.1,ENST00000870320.2,ENST00000870321.2,ENST00000870322.2,ENST00000870323.2,ENST00000870324.2,ENST00000870325.2,ENST00000963937.2,ENST00000963938.2,ENST00000963939.2,ENST00000963940.2,ENST00000963941.2,ENST00000990745.1,ENST00001048954.1,ENST00001115377.1,ENST00001115378.1,ENST00001133712.1	15	ENST00000381652.4,ENST00000870320.2,ENST00000870321.2,ENST00000870322.2,ENST00000870323.2,ENST00000870324.2,ENST00000870325.2,ENST00000963937.2,ENST00000963938.2,ENST00000963939.2,ENST00000963940.2,ENST00000963941.2,ENST00000990745.1,ENST00001048954.1,ENST00001133712.1	4	multiple_isoforms_differential_probe_coverage
JCHAIN	5	10	5	0	10	ENST00000254801.9,ENST00000391614.7,ENST00000470866.1,ENST00000510437.6,ENST00000510614.5,ENST00000856250.2,ENST00000944536.2,ENST00001024624.1,ENST00001092822.1,ENST00001138736.1	7	ENST00000254801.9,ENST00000510437.6,ENST00000856250.2,ENST00000944536.2,ENST00001024624.1,ENST00001092822.1,ENST00001138736.1	3	multiple_isoforms_differential_probe_coverage
JUN	5	3	5	0	3	ENST00000371222.4,ENST00000678696.1,ENST00000710273.1	3	ENST00000371222.4,ENST00000678696.1,ENST00000710273.1	1	multiple_isoforms_same_probe_coverage
JUNB	5	1	5	0	1	ENST00000302754.6	1	ENST00000302754.6	1	single_isoform
KDR	5	9	5	0	9	ENST00000263923.5,ENST00000509309.1,ENST00000512566.1,ENST00000647068.1,ENST00000922964.2,ENST00001085503.1,ENST00001108080.1,ENST00001120022.1,ENST00001134141.1	5	ENST00000263923.5,ENST00000647068.1,ENST00000922964.2,ENST00001085503.1,ENST00001134141.1	4	multiple_isoforms_differential_probe_coverage
KIT	5	29	5	0	27	ENST00000288135.6,ENST00000412167.8,ENST00000512959.1,ENST00000514582.1,ENST00000684818.1,ENST00000685269.1,ENST00000686011.2,ENST00000687109.2,ENST00000687208.1,ENST00000687246.2,ENST00000687265.1,ENST00000687295.2,ENST00000688060.1,ENST00000688704.1,ENST00000689832.2,ENST00000689994.2,ENST00000690519.1,ENST00000690543.2,ENST00000690917.1,ENST00000691361.1,ENST00000692783.2,ENST00000692991.1,ENST00000895987.2,ENST00000931719.2,ENST00000931720.2,ENST00000931721.2,ENST00001133481.1	14	ENST00000288135.6,ENST00000412167.8,ENST00000686011.2,ENST00000687109.2,ENST00000687246.2,ENST00000687295.2,ENST00000689832.2,ENST00000690543.2,ENST00000692783.2,ENST00000895987.2,ENST00000931719.2,ENST00000931720.2,ENST00000931721.2,ENST00001133481.1	4	multiple_isoforms_differential_probe_coverage
KITLG	5	18	5	0	17	ENST00000347404.11,ENST00000357116.5,ENST00000378535.4,ENST00000552044.1,ENST00000644744.1,ENST00000646633.1,ENST00000874529.2,ENST00000874530.2,ENST00000874531.2,ENST00000944532.2,ENST00001042340.1,ENST00001042341.1,ENST00001042342.1,ENST00001042343.1,ENST00001124255.1,ENST00001124256.1,ENST00001136552.1	11	ENST00000347404.11,ENST00000644744.1,ENST00000874529.2,ENST00000874530.2,ENST00000874531.2,ENST00000944532.2,ENST00001042340.1,ENST00001042341.1,ENST00001042342.1,ENST00001042343.1,ENST00001136552.1	4	multiple_isoforms_differential_probe_coverage
KLF2	5	3	5	0	3	ENST00000248071.6,ENST00000592003.2,ENST00001139669.1	2	ENST00000248071.6,ENST00001139669.1	2	multiple_isoforms_differential_probe_coverage
KLK3	5	16	5	0	16	ENST00000326003.7,ENST00000360617.7,ENST00000422986.6,ENST00000593997.6,ENST00000595151.5,ENST00000595392.5,ENST00000595952.6,ENST00000596185.5,ENST00000596333.1,ENST00000597286.5,ENST00000597483.6,ENST00000598145.1,ENST00000601349.5,ENST00000601503.5,ENST00000601812.1,ENST00001093719.1	5	ENST00000326003.7,ENST00000360617.7,ENST00000422986.6,ENST00000596333.1,ENST00001093719.1	4	multiple_isoforms_differential_probe_coverage
KLRB1	5	8	5	0	8	ENST00000229402.4,ENST00000977355.1,ENST00001093635.1,ENST00001093636.1,ENST00001093637.1,ENST00001108917.1,ENST00001108918.1,ENST00001139663.1	5	ENST00000229402.4,ENST00000977355.1,ENST00001093635.1,ENST00001093637.1,ENST00001139663.1	3	multiple_isoforms_differential_probe_coverage
KLRK1	5	7	5	0	7	ENST00000240618.11,ENST00000396451.4,ENST00000540267.5,ENST00000540818.6,ENST00000544449.5,ENST00000986697.1,ENST00001137331.1	3	ENST00000240618.11,ENST00000986697.1,ENST00001137331.1	4	multiple_isoforms_differential_probe_coverage
KRAS	5	30	5	0	30	ENST00000256078.10,ENST00000311936.8,ENST00000556131.3,ENST00000557334.7,ENST00000685328.2,ENST00000686877.1,ENST00000686969.2,ENST00000687356.1,ENST00000688228.1,ENST00000688940.2,ENST00000690406.1,ENST00000690804.1,ENST00000692768.2,ENST00000693229.2,ENST00000894155.2,ENST00000940422.2,ENST00000982952.1,ENST00000982953.1,ENST00000982954.1,ENST00000982955.1,ENST00001023996.1,ENST00001084871.1,ENST00001084872.1,ENST00001084873.1,ENST00001102901.1,ENST00001102902.1,ENST00001106839.1,ENST00001106840.1,ENST00001138253.1,ENST00001138254.1	10	ENST00000256078.10,ENST00000311936.8,ENST00000685328.2,ENST00000686877.1,ENST00000688940.2,ENST00000894155.2,ENST00001023996.1,ENST00001084872.1,ENST00001138253.1,ENST00001138254.1	5	multiple_isoforms_differential_probe_coverage
KRT1	5	2	5	0	1	ENST00000252244.3	1	ENST00000252244.3	1	single_isoform
KRT10	5	3	5	0	3	ENST00000269576.6,ENST00000635956.3,ENST00001143602.1	3	ENST00000269576.6,ENST00000635956.3,ENST00001143602.1	1	multiple_isoforms_same_probe_coverage
KRT13	5	15	5	0	13	ENST00000246635.8,ENST00000336861.8,ENST00000464634.2,ENST00000468313.5,ENST00000587435.1,ENST00000587544.6,ENST00000590425.1,ENST00000970738.2,ENST00001100931.1,ENST00001100932.1,ENST00001100933.1,ENST00001120488.1,ENST00001141844.1	9	ENST00000246635.8,ENST00000336861.8,ENST00000587544.6,ENST00000970738.2,ENST00001100931.1,ENST00001100932.1,ENST00001100933.1,ENST00001120488.1,ENST00001141844.1	4	multiple_isoforms_differential_probe_coverage
KRT14	5	7	5	0	7	ENST00000167586.7,ENST00000441550.2,ENST00000476662.1,ENST00001101343.1,ENST00001101344.1,ENST00001101345.1,ENST00001101346.1	3	ENST00000167586.7,ENST00001101344.1,ENST00001101345.1	3	multiple_isoforms_differential_probe_coverage
KRT15	5	14	5	0	13	ENST00000254043.8,ENST00000393974.7,ENST00000393976.6,ENST00000458290.5,ENST00000463447.5,ENST00000470004.1,ENST00000474031.5,ENST00000497016.5,ENST00001096074.1,ENST00001096075.1,ENST00001096076.1,ENST00001096077.1,ENST00001140187.1	7	ENST00000254043.8,ENST00000393976.6,ENST00001096074.1,ENST00001096075.1,ENST00001096076.1,ENST00001096077.1,ENST00001140187.1	4	multiple_isoforms_differential_probe_coverage
KRT16	5	8	5	0	6	ENST00000301653.9,ENST00000593067.1,ENST00001101407.1,ENST00001101408.1,ENST00001101409.1,ENST00001133866.1	3	ENST00000301653.9,ENST00001101408.1,ENST00001133866.1	4	multiple_isoforms_differential_probe_coverage
KRT17	5	12	5	0	11	ENST00000311208.13,ENST00000463128.5,ENST00000491673.1,ENST00000493253.5,ENST00000577817.3,ENST00000648859.1,ENST00000649249.1,ENST00000862596.1,ENST00001011512.1,ENST00001101372.1,ENST00001135072.1	3	ENST00000311208.13,ENST00001101372.1,ENST00001135072.1	5	multiple_isoforms_differential_probe_coverage
KRT18	5	41	5	0	41	ENST00000388835.4,ENST00000388837.7,ENST00000546656.1,ENST00000548015.1,ENST00000548496.1,ENST00000549078.5,ENST00000550600.6,ENST00000872037.1,ENST00000872038.2,ENST00000872039.1,ENST00000872040.2,ENST00000872041.2,ENST00000872042.2,ENST00000872043.2,ENST00000930587.2,ENST00000930588.2,ENST00000930589.2,ENST00000930590.2,ENST00000930591.2,ENST00000930592.2,ENST00000930593.2,ENST00000946970.2,ENST00000946971.2,ENST00001039364.1,ENST00001064974.1,ENST00001064982.1,ENST00001064989.1,ENST00001064993.1,ENST00001064995.1,ENST00001102799.1,ENST00001102800.1,ENST00001102801.1,ENST00001102802.1,ENST00001102803.1,ENST00001102804.1,ENST00001102805.1,ENST00001102806.1,ENST00001102807.1,ENST00001102808.1,ENST00001102809.1,ENST00001139541.1	24	ENST00000388835.4,ENST00000388837.7,ENST00000549078.5,ENST00000872037.1,ENST00000872038.2,ENST00000872039.1,ENST00000872040.2,ENST00000872041.2,ENST00000872042.2,ENST00000930587.2,ENST00000930588.2,ENST00000930589.2,ENST00000930590.2,ENST00000930592.2,ENST00000946970.2,ENST00001039364.1,ENST00001064974.1,ENST00001064982.1,ENST00001064989.1,ENST00001064993.1,ENST00001064995.1,ENST00001102799.1,ENST00001102803.1,ENST00001139541.1	5	multiple_isoforms_differential_probe_coverage
KRT19	5	29	5	0	27	ENST00000361566.7,ENST00000455635.1,ENST00000468880.1,ENST00000471565.2,ENST00000593096.1,ENST00000868386.1,ENST00000868387.2,ENST00000912964.2,ENST00000912965.2,ENST00000946920.2,ENST00000946921.2,ENST00000946922.2,ENST00001000610.1,ENST00001000611.1,ENST00001013605.1,ENST00001013606.1,ENST00001013612.1,ENST00001013619.1,ENST00001072602.1,ENST00001092082.1,ENST00001092083.1,ENST00001092084.1,ENST00001092085.1,ENST00001092086.1,ENST00001092087.1,ENST00001092088.1,ENST00001139471.1	17	ENST00000361566.7,ENST00000868386.1,ENST00000868387.2,ENST00000912965.2,ENST00000946920.2,ENST00000946921.2,ENST00001000610.1,ENST00001000611.1,ENST00001013605.1,ENST00001013606.1,ENST00001013612.1,ENST00001013619.1,ENST00001072602.1,ENST00001092082.1,ENST00001092083.1,ENST00001092087.1,ENST00001139471.1	5	multiple_isoforms_differential_probe_coverage
KRT20	5	10	5	0	10	ENST00000167588.4,ENST00000482529.1,ENST00000575828.1,ENST00000576098.2,ENST00000902423.2,ENST00000902424.2,ENST00001049560.1,ENST00001049561.1,ENST00001112603.1,ENST00001143605.1	5	ENST00000167588.4,ENST00000576098.2,ENST00001049561.1,ENST00001112603.1,ENST00001143605.1	4	multiple_isoforms_differential_probe_coverage
KRT23	5	22	5	0	16	ENST00000209718.8,ENST00000436344.8,ENST00000462312.5,ENST00000494691.5,ENST00000571258.6,ENST00000571504.5,ENST00000574395.5,ENST00000574480.5,ENST00000579696.5,ENST00000581268.1,ENST00000582754.5,ENST00000584517.1,ENST00001095359.1,ENST00001129826.1,ENST00001129827.1,ENST00001134794.1	6	ENST00000209718.8,ENST00000436344.8,ENST00000571258.6,ENST00000574480.5,ENST00001095359.1,ENST00001134794.1	5	multiple_isoforms_differential_probe_coverage
KRT24	5	2	5	0	2	ENST00000264651.3,ENST00001137678.1	2	ENST00000264651.3,ENST00001137678.1	1	multiple_isoforms_same_probe_coverage
KRT4	5	5	5	0	3	ENST00000548097.5,ENST00000551956.2,ENST00000552668.1	1	ENST00000551956.2	3	multiple_isoforms_differential_probe_coverage
KRT5	5	11	5	0	10	ENST00000252242.9,ENST00000546577.1,ENST00000547890.5,ENST00000548409.5,ENST00000549511.5,ENST00000551013.1,ENST00000551188.5,ENST00000551275.1,ENST00000552629.5,ENST00000552952.1	1	ENST00000252242.9	5	multiple_isoforms_differential_probe_coverage
KRT6A	5	6	5	0	5	ENST00000330722.7,ENST00000549600.1,ENST00000549754.1,ENST00000549898.5,ENST00001137986.1	2	ENST00000330722.7,ENST00001137986.1	3	multiple_isoforms_differential_probe_coverage
KRT6B	5	2	5	0	2	ENST00000252252.4,ENST00001136554.1	2	ENST00000252252.4,ENST00001136554.1	1	multiple_isoforms_same_probe_coverage
KRT6C	5	2	5	0	1	ENST00000252250.7	1	ENST00000252250.7	1	single_isoform
KRT7	5	38	5	0	33	ENST00000331817.6,ENST00000546666.1,ENST00000546856.5,ENST00000547613.1,ENST00000548088.1,ENST00000548657.5,ENST00000549127.5,ENST00000552322.5,ENST00000888037.2,ENST00000888038.2,ENST00000888039.2,ENST00000888040.2,ENST00000888041.2,ENST00000955639.2,ENST00000955640.2,ENST00000955641.2,ENST00000955642.2,ENST00000955643.2,ENST00000955644.2,ENST00000977534.1,ENST00000977535.1,ENST00000977538.1,ENST00000977539.1,ENST00001025496.1,ENST00001025499.1,ENST00001025501.1,ENST00001025504.1,ENST00001025505.1,ENST00001098353.1,ENST00001118220.1,ENST00001122635.1,ENST00001122636.1,ENST00001142279.1	17	ENST00000331817.6,ENST00000888037.2,ENST00000888038.2,ENST00000888040.2,ENST00000955639.2,ENST00000955640.2,ENST00000955643.2,ENST00000977534.1,ENST00000977535.1,ENST00000977538.1,ENST00000977539.1,ENST00001025496.1,ENST00001025501.1,ENST00001118220.1,ENST00001122635.1,ENST00001122636.1,ENST00001142279.1	5	multiple_isoforms_differential_probe_coverage
KRT8	5	71	5	0	65	ENST00000293308.11,ENST00000546542.1,ENST00000546583.5,ENST00000546826.5,ENST00000546897.5,ENST00000547031.5,ENST00000548998.5,ENST00000549176.1,ENST00000550170.5,ENST00000552150.5,ENST00000552551.5,ENST00000692008.1,ENST00000871781.1,ENST00000871782.1,ENST00000871783.1,ENST00000871784.1,ENST00000871785.1,ENST00000871786.1,ENST00000871787.1,ENST00000871788.1,ENST00000871789.1,ENST00000871790.1,ENST00000871791.1,ENST00000871792.1,ENST00000871793.1,ENST00000871794.1,ENST00000871795.1,ENST00000871796.1,ENST00000871797.1,ENST00000871798.1,ENST00000930377.1,ENST00000930378.1,ENST00000930379.1,ENST00000930380.1,ENST00000930381.1,ENST00000930382.1,ENST00000930383.1,ENST00000930384.1,ENST00000930385.1,ENST00000946834.1,ENST00000946835.1,ENST00000946836.1,ENST00000946837.1,ENST00000946838.1,ENST00000946839.1,ENST00001039267.1,ENST00001039268.1,ENST00001039280.1,ENST00001039281.1,ENST00001064771.1,ENST00001102709.1,ENST00001102710.1,ENST00001102711.1,ENST00001102712.1,ENST00001102713.1,ENST00001102714.1,ENST00001102715.1,ENST00001102716.1,ENST00001102717.1,ENST00001102718.1,ENST00001102719.1,ENST00001102720.1,ENST00001102721.1,ENST00001102722.1,ENST00001102723.1	48	ENST00000293308.11,ENST00000546583.5,ENST00000546897.5,ENST00000550170.5,ENST00000552150.5,ENST00000552551.5,ENST00000692008.1,ENST00000871781.1,ENST00000871782.1,ENST00000871783.1,ENST00000871784.1,ENST00000871785.1,ENST00000871786.1,ENST00000871787.1,ENST00000871788.1,ENST00000871789.1,ENST00000871790.1,ENST00000871791.1,ENST00000871792.1,ENST00000871793.1,ENST00000871794.1,ENST00000871795.1,ENST00000871796.1,ENST00000871797.1,ENST00000871798.1,ENST00000930377.1,ENST00000930378.1,ENST00000930379.1,ENST00000930380.1,ENST00000930381.1,ENST00000930382.1,ENST00000930383.1,ENST00000930384.1,ENST00000930385.1,ENST00000946834.1,ENST00000946835.1,ENST00000946836.1,ENST00000946837.1,ENST00000946838.1,ENST00000946839.1,ENST00001064771.1,ENST00001102709.1,ENST00001102712.1,ENST00001102713.1,ENST00001102716.1,ENST00001102717.1,ENST00001102721.1,ENST00001102722.1	4	multiple_isoforms_differential_probe_coverage
KRT80	5	5	5	0	5	ENST00000313234.10,ENST00000394815.3,ENST00000466011.1,ENST00000986582.1,ENST00001137114.1	5	ENST00000313234.10,ENST00000394815.3,ENST00000466011.1,ENST00000986582.1,ENST00001137114.1	1	multiple_isoforms_same_probe_coverage
KRT86	5	4	5	0	4	ENST00000293525.5,ENST00000423955.7,ENST00000553310.6,ENST00000958042.2	3	ENST00000293525.5,ENST00000423955.7,ENST00000958042.2	2	multiple_isoforms_differential_probe_coverage
LAG3	5	10	5	0	10	ENST00000203629.3,ENST00000441671.7,ENST00000538079.1,ENST00000541049.1,ENST00000851036.1,ENST00000887797.2,ENST00000887798.2,ENST00001120378.1,ENST00001120379.1,ENST00001137978.1	6	ENST00000203629.3,ENST00000538079.1,ENST00000887797.2,ENST00001120378.1,ENST00001120379.1,ENST00001137978.1	3	multiple_isoforms_differential_probe_coverage
LAIR1	5	147	5	0	64	ENST00000313038.10,ENST00000348231.9,ENST00000391741.6,ENST00000391742.7,ENST00000391743.8,ENST00000418556.5,ENST00000420483.5,ENST00000423853.5,ENST00000427131.2,ENST00000434277.7,ENST00000436513.5,ENST00000438193.1,ENST00000440716.5,ENST00000463489.5,ENST00000467269.5,ENST00000468656.5,ENST00000474878.6,ENST00000475389.5,ENST00000480122.1,ENST00000484116.5,ENST00000498511.5,ENST00000610549.4,ENST00000610564.4,ENST00000611113.4,ENST00000611304.1,ENST00000613311.4,ENST00000616413.4,ENST00000616612.4,ENST00000616724.4,ENST00000617029.4,ENST00000617255.4,ENST00000617386.4,ENST00000617685.1,ENST00000618045.1,ENST00000618291.4,ENST00000618324.1,ENST00000618434.4,ENST00000619717.4,ENST00000619755.1,ENST00000619817.4,ENST00000620077.4,ENST00000620357.4,ENST00000620531.4,ENST00000621291.4,ENST00000621769.4,ENST00000622097.4,ENST00000622551.1,ENST00000622830.1,ENST00000881593.2,ENST00000963902.2,ENST00000963903.2,ENST00000963904.2,ENST00001006721.1,ENST00001006722.1,ENST00001024677.1,ENST00001024678.1,ENST00001024679.1,ENST00001024680.1,ENST00001024681.1,ENST00001024682.1,ENST00001024684.1,ENST00001024685.1,ENST00001128667.1,ENST00001128668.1	17	ENST00000348231.9,ENST00000391742.7,ENST00000391743.8,ENST00000434277.7,ENST00000474878.6,ENST00000881593.2,ENST00000963902.2,ENST00000963903.2,ENST00000963904.2,ENST00001006721.1,ENST00001006722.1,ENST00001024677.1,ENST00001024678.1,ENST00001024679.1,ENST00001024680.1,ENST00001024681.1,ENST00001024682.1	5	multiple_isoforms_differential_probe_coverage
LAMP2	5	34	5	0	34	ENST00000200639.9,ENST00000371335.5,ENST00000434600.6,ENST00000486593.5,ENST00000706600.2,ENST00000866853.2,ENST00000866854.2,ENST00000866855.2,ENST00000866856.2,ENST00000866857.2,ENST00000866858.2,ENST00000936274.2,ENST00000952162.2,ENST00000952163.2,ENST00000952164.2,ENST00000952165.2,ENST00000952166.2,ENST00000952167.2,ENST00000952168.2,ENST00000976209.1,ENST00000976211.1,ENST00000976214.1,ENST00000976215.1,ENST00000976216.1,ENST00001009233.1,ENST00001009238.1,ENST00001009243.1,ENST00001009244.1,ENST00001009247.1,ENST00001009248.1,ENST00001093053.1,ENST00001110306.1,ENST00001110307.1,ENST00001133543.1	23	ENST00000200639.9,ENST00000371335.5,ENST00000434600.6,ENST00000866855.2,ENST00000866856.2,ENST00000866857.2,ENST00000866858.2,ENST00000952162.2,ENST00000952165.2,ENST00000952167.2,ENST00000952168.2,ENST00000976209.1,ENST00000976211.1,ENST00000976214.1,ENST00000976216.1,ENST00001009233.1,ENST00001009238.1,ENST00001009243.1,ENST00001009244.1,ENST00001009247.1,ENST00001009248.1,ENST00001093053.1,ENST00001133543.1	3	multiple_isoforms_differential_probe_coverage
LAMP3	5	8	5	0	7	ENST00000265598.8,ENST00000466939.2,ENST00000470251.1,ENST00000476015.1,ENST00000948307.2,ENST00001115260.1,ENST00001140425.1	5	ENST00000265598.8,ENST00000466939.2,ENST00000948307.2,ENST00001115260.1,ENST00001140425.1	2	multiple_isoforms_differential_probe_coverage
LCN2	5	11	5	0	11	ENST00000277480.7,ENST00000372998.2,ENST00000373017.6,ENST00000470902.5,ENST00000487719.1,ENST00000488391.5,ENST00000494317.1,ENST00000886526.2,ENST00000886527.2,ENST00001103025.1,ENST00001138092.1	5	ENST00000277480.7,ENST00000372998.2,ENST00000373017.6,ENST00000886526.2,ENST00001138092.1	4	multiple_isoforms_differential_probe_coverage
LDLR	5	39	5	0	37	ENST00000252444.11,ENST00000455727.7,ENST00000535915.6,ENST00000545707.6,ENST00000557933.6,ENST00000557958.1,ENST00000558013.6,ENST00000558518.6,ENST00000559340.2,ENST00000560173.1,ENST00000560467.3,ENST00000560502.5,ENST00000713991.1,ENST00000856645.2,ENST00000856646.2,ENST00000856647.2,ENST00000856648.2,ENST00000913405.2,ENST00000913406.2,ENST00000913407.2,ENST00000913408.2,ENST00000913409.2,ENST00000913410.2,ENST00000913411.2,ENST00000913412.1,ENST00000942040.2,ENST00001047212.1,ENST00001047213.1,ENST00001064478.1,ENST00001064479.1,ENST00001064480.1,ENST00001109383.1,ENST00001109384.1,ENST00001113025.1,ENST00001113026.1,ENST00001128405.1,ENST00001142759.1	26	ENST00000252444.11,ENST00000455727.7,ENST00000535915.6,ENST00000545707.6,ENST00000557933.6,ENST00000558013.6,ENST00000558518.6,ENST00000559340.2,ENST00000713991.1,ENST00000856645.2,ENST00000856646.2,ENST00000856647.2,ENST00000856648.2,ENST00000913405.2,ENST00000913407.2,ENST00000913408.2,ENST00000913409.2,ENST00000913410.2,ENST00000913411.2,ENST00000913412.1,ENST00000942040.2,ENST00001047212.1,ENST00001047213.1,ENST00001064479.1,ENST00001064480.1,ENST00001142759.1	5	multiple_isoforms_differential_probe_coverage
LEFTY1	5	7	5	0	7	ENST00000272134.5,ENST00000492457.1,ENST00000911495.2,ENST00000946628.2,ENST00001049046.1,ENST00001121951.1,ENST00001141082.1	6	ENST00000272134.5,ENST00000911495.2,ENST00000946628.2,ENST00001049046.1,ENST00001121951.1,ENST00001141082.1	2	multiple_isoforms_differential_probe_coverage
LEFTY2	5	8	5	0	7	ENST00000366820.10,ENST00000420304.7,ENST00001016586.1,ENST00001016587.1,ENST00001016588.1,ENST00001073161.1,ENST00001145879.1	7	ENST00000366820.10,ENST00000420304.7,ENST00001016586.1,ENST00001016587.1,ENST00001016588.1,ENST00001073161.1,ENST00001145879.1	1	multiple_isoforms_same_probe_coverage
LEP	5	3	5	0	3	ENST00000308868.5,ENST00000965599.2,ENST00001142055.1	2	ENST00000308868.5,ENST00001142055.1	2	multiple_isoforms_differential_probe_coverage
LGALS1	5	21	5	0	19	ENST00000215909.10,ENST00000425542.5,ENST00000454173.1,ENST00000472321.1,ENST00000489315.5,ENST00000895125.2,ENST00000895126.1,ENST00001098907.1,ENST00001098908.1,ENST00001098909.1,ENST00001098910.1,ENST00001098911.1,ENST00001098912.1,ENST00001098913.1,ENST00001098914.1,ENST00001098915.1,ENST00001105956.1,ENST00001129906.1,ENST00001132065.1	6	ENST00000215909.10,ENST00000895125.2,ENST00001098909.1,ENST00001098910.1,ENST00001098914.1,ENST00001132065.1	5	multiple_isoforms_differential_probe_coverage
LGALS3	5	38	5	0	38	ENST00000254301.14,ENST00000553493.5,ENST00000553755.5,ENST00000554715.2,ENST00000556263.1,ENST00000556322.1,ENST00000556438.6,ENST00000888054.2,ENST00000888055.2,ENST00000888056.2,ENST00000888057.2,ENST00000888058.2,ENST00000888059.2,ENST00000888060.2,ENST00000888061.2,ENST00000888062.2,ENST00000888063.2,ENST00000888064.2,ENST00000888065.2,ENST00000888066.2,ENST00000888067.2,ENST00000888068.2,ENST00000888069.2,ENST00000947951.2,ENST00000947952.2,ENST00000947953.2,ENST00000947954.2,ENST00000947955.2,ENST00000947956.2,ENST00000947957.2,ENST00000947958.2,ENST00000988267.1,ENST00001013077.1,ENST00001013079.1,ENST00001013080.1,ENST00001091725.1,ENST00001091726.1,ENST00001133734.1	33	ENST00000254301.14,ENST00000556438.6,ENST00000888054.2,ENST00000888055.2,ENST00000888056.2,ENST00000888057.2,ENST00000888058.2,ENST00000888059.2,ENST00000888060.2,ENST00000888061.2,ENST00000888062.2,ENST00000888063.2,ENST00000888064.2,ENST00000888065.2,ENST00000888066.2,ENST00000888067.2,ENST00000888068.2,ENST00000888069.2,ENST00000947951.2,ENST00000947952.2,ENST00000947953.2,ENST00000947954.2,ENST00000947955.2,ENST00000947956.2,ENST00000947957.2,ENST00000947958.2,ENST00000988267.1,ENST00001013077.1,ENST00001013079.1,ENST00001013080.1,ENST00001091725.1,ENST00001091726.1,ENST00001133734.1	4	multiple_isoforms_differential_probe_coverage
LGALS3BP	5	46	5	0	40	ENST00000262776.8,ENST00000585407.6,ENST00000586720.5,ENST00000587251.5,ENST00000587310.5,ENST00000587311.5,ENST00000588198.5,ENST00000588205.5,ENST00000588508.1,ENST00000589527.5,ENST00000589775.6,ENST00000589906.5,ENST00000591778.6,ENST00000857449.2,ENST00000857450.2,ENST00000857451.2,ENST00000857452.2,ENST00000857453.2,ENST00000857454.2,ENST00000857455.2,ENST00000857456.2,ENST00000857457.2,ENST00000857458.2,ENST00000857459.2,ENST00000932416.2,ENST00000932417.2,ENST00000953691.2,ENST00000953692.2,ENST00000953693.2,ENST00000953694.2,ENST00000953695.2,ENST00000953696.2,ENST00000953697.2,ENST00000953698.2,ENST00000953699.2,ENST00000998650.1,ENST00000998651.1,ENST00000998652.1,ENST00001018891.1,ENST00001139268.1	19	ENST00000262776.8,ENST00000587251.5,ENST00000857449.2,ENST00000857452.2,ENST00000857453.2,ENST00000857455.2,ENST00000857456.2,ENST00000857457.2,ENST00000857458.2,ENST00000857459.2,ENST00000932416.2,ENST00000932417.2,ENST00000953691.2,ENST00000953693.2,ENST00000953697.2,ENST00000953698.2,ENST00000953699.2,ENST00000998650.1,ENST00001139268.1	4	multiple_isoforms_differential_probe_coverage
LGALS9	5	35	5	0	34	ENST00000302228.10,ENST00000313648.11,ENST00000395473.7,ENST00000448970.6,ENST00000467111.5,ENST00000481514.5,ENST00000486774.1,ENST00000577392.5,ENST00000579402.1,ENST00000579930.5,ENST00000580779.5,ENST00000581710.5,ENST00000583671.1,ENST00000584386.5,ENST00000584661.5,ENST00000870764.2,ENST00000870765.2,ENST00000870766.2,ENST00000870767.2,ENST00000870768.2,ENST00000870769.2,ENST00000870770.2,ENST00000870771.2,ENST00000870772.2,ENST00000948117.2,ENST00000983260.1,ENST00000983261.1,ENST00000983262.1,ENST00001017175.1,ENST00001017176.1,ENST00001095073.1,ENST00001095074.1,ENST00001129575.1,ENST00001143106.1	17	ENST00000302228.10,ENST00000313648.11,ENST00000395473.7,ENST00000870764.2,ENST00000870765.2,ENST00000870766.2,ENST00000870767.2,ENST00000870768.2,ENST00000870769.2,ENST00000870770.2,ENST00000870771.2,ENST00000870772.2,ENST00000948117.2,ENST00000983261.1,ENST00001017175.1,ENST00001095073.1,ENST00001143106.1	5	multiple_isoforms_differential_probe_coverage
LIF	5	3	5	0	3	ENST00000249075.4,ENST00000403987.4,ENST00001133141.1	3	ENST00000249075.4,ENST00000403987.4,ENST00001133141.1	1	multiple_isoforms_same_probe_coverage
LIFR	5	21	5	0	17	ENST00000263409.9,ENST00000453190.7,ENST00000503088.1,ENST00000506003.5,ENST00000508477.5,ENST00000872130.2,ENST00000872131.2,ENST00000929709.2,ENST00000952491.2,ENST00000952492.2,ENST00000952493.2,ENST00000976415.1,ENST00001107544.1,ENST00001107545.1,ENST00001107546.1,ENST00001114026.1,ENST00001138180.1	9	ENST00000263409.9,ENST00000453190.7,ENST00000872130.2,ENST00000872131.2,ENST00000929709.2,ENST00000952491.2,ENST00000952492.2,ENST00000952493.2,ENST00001138180.1	5	multiple_isoforms_differential_probe_coverage
LINC02446	5	11	5	0	11	ENST00000544591.3,ENST00000652990.1,ENST00000702299.2,ENST00000702593.2,ENST00000718315.1,ENST00000732311.1,ENST00000732312.1,ENST00000732313.1,ENST00000732314.1,ENST00000732315.1,ENST00000732316.1	1	ENST00000544591.3	3	multiple_isoforms_differential_probe_coverage
LMNA	5	84	5	0	75	ENST00000361308.9,ENST00000368297.5,ENST00000368298.2,ENST00000368299.8,ENST00000368300.9,ENST00000368301.6,ENST00000448611.7,ENST00000459904.2,ENST00000469565.6,ENST00000470199.2,ENST00000473598.6,ENST00000496738.6,ENST00000498722.3,ENST00000502357.5,ENST00000502751.5,ENST00000504687.7,ENST00000515459.5,ENST00000515824.1,ENST00000674518.1,ENST00000674600.1,ENST00000674720.1,ENST00000675431.1,ENST00000675455.1,ENST00000675667.2,ENST00000675874.1,ENST00000675881.1,ENST00000675939.1,ENST00000675989.1,ENST00000676208.1,ENST00000676283.1,ENST00000676385.2,ENST00000676434.1,ENST00000677389.1,ENST00000682650.2,ENST00000683032.1,ENST00000684195.1,ENST00000899553.1,ENST00000899554.2,ENST00000899555.2,ENST00000899556.2,ENST00000899557.2,ENST00000899558.2,ENST00000927999.2,ENST00000968784.2,ENST00000968785.2,ENST00000968786.2,ENST00000968787.2,ENST00001005014.1,ENST00001005015.1,ENST00001005016.1,ENST00001005020.1,ENST00001005022.1,ENST00001057275.1,ENST00001057276.1,ENST00001057277.1,ENST00001057279.1,ENST00001057280.1,ENST00001057281.1,ENST00001057283.1,ENST00001057285.1,ENST00001057286.1,ENST00001057287.1,ENST00001057290.1,ENST00001057292.1,ENST00001057293.1,ENST00001057295.1,ENST00001057296.1,ENST00001057299.1,ENST00001057304.1,ENST00001117788.1,ENST00001121866.1,ENST00001121867.1,ENST00001121868.1,ENST00001121869.1,ENST00001121870.1	60	ENST00000361308.9,ENST00000368297.5,ENST00000368299.8,ENST00000368300.9,ENST00000368301.6,ENST00000448611.7,ENST00000473598.6,ENST00000496738.6,ENST00000504687.7,ENST00000674518.1,ENST00000674600.1,ENST00000674720.1,ENST00000675431.1,ENST00000675455.1,ENST00000675667.2,ENST00000675881.1,ENST00000675939.1,ENST00000675989.1,ENST00000676208.1,ENST00000676283.1,ENST00000676385.2,ENST00000676434.1,ENST00000677389.1,ENST00000682650.2,ENST00000683032.1,ENST00000899553.1,ENST00000899554.2,ENST00000899555.2,ENST00000899556.2,ENST00000899558.2,ENST00000927999.2,ENST00000968784.2,ENST00000968785.2,ENST00000968786.2,ENST00000968787.2,ENST00001005014.1,ENST00001005015.1,ENST00001005016.1,ENST00001005020.1,ENST00001057275.1,ENST00001057276.1,ENST00001057277.1,ENST00001057279.1,ENST00001057280.1,ENST00001057281.1,ENST00001057283.1,ENST00001057286.1,ENST00001057287.1,ENST00001057290.1,ENST00001057292.1,ENST00001057293.1,ENST00001057295.1,ENST00001057299.1,ENST00001057304.1,ENST00001117788.1,ENST00001121866.1,ENST00001121867.1,ENST00001121868.1,ENST00001121869.1,ENST00001121870.1	5	multiple_isoforms_differential_probe_coverage
LPAR5	5	10	5	0	10	ENST00000329858.9,ENST00000431922.1,ENST00000540335.1,ENST00000889787.1,ENST00000889789.2,ENST00000889791.2,ENST00000889792.2,ENST00000889794.2,ENST00000960206.2,ENST00001143797.1	9	ENST00000329858.9,ENST00000431922.1,ENST00000889787.1,ENST00000889789.2,ENST00000889791.2,ENST00000889792.2,ENST00000889794.2,ENST00000960206.2,ENST00001143797.1	2	multiple_isoforms_differential_probe_coverage
LTB	5	27	5	0	27	ENST00000376117.3,ENST00000383493.2,ENST00000420402.2,ENST00000421268.2,ENST00000429299.3,ENST00000444479.2,ENST00000446745.3,ENST00000456113.2,ENST00000457552.2,ENST00000461335.1,ENST00000462162.1,ENST00000464122.5,ENST00000468184.5,ENST00000471690.5,ENST00000474599.5,ENST00000474845.5,ENST00000477257.1,ENST00000478102.1,ENST00000482429.1,ENST00000483972.1,ENST00000486265.5,ENST00000493025.5,ENST00000495669.1,ENST00000496326.1,ENST00000496765.1,ENST00001007492.1,ENST00001137784.1	19	ENST00000376117.3,ENST00000383493.2,ENST00000420402.2,ENST00000421268.2,ENST00000429299.3,ENST00000444479.2,ENST00000446745.3,ENST00000456113.2,ENST00000457552.2,ENST00000464122.5,ENST00000468184.5,ENST00000471690.5,ENST00000474599.5,ENST00000474845.5,ENST00000482429.1,ENST00000486265.5,ENST00000493025.5,ENST00001007492.1,ENST00001137784.1	2	multiple_isoforms_differential_probe_coverage
LTBR	5	42	5	0	39	ENST00000228918.9,ENST00000440421.2,ENST00000444814.2,ENST00000535739.5,ENST00000536876.5,ENST00000539925.6,ENST00000541102.2,ENST00000542830.5,ENST00000543190.5,ENST00000544454.5,ENST00000545445.1,ENST00000546296.5,ENST00000884044.2,ENST00000884045.1,ENST00000884046.2,ENST00000884047.2,ENST00000957629.2,ENST00000957630.2,ENST00000957631.2,ENST00000957632.2,ENST00000957633.2,ENST00000957634.1,ENST00000957635.2,ENST00000957636.2,ENST00000995888.1,ENST00000995889.1,ENST00000995890.1,ENST00000995892.1,ENST00000995893.1,ENST00000995894.1,ENST00001028292.1,ENST00001028293.1,ENST00001028294.1,ENST00001028295.1,ENST00001028296.1,ENST00001028298.1,ENST00001112305.1,ENST00001125057.1,ENST00001143641.1	29	ENST00000228918.9,ENST00000535739.5,ENST00000536876.5,ENST00000539925.6,ENST00000884044.2,ENST00000884045.1,ENST00000884046.2,ENST00000884047.2,ENST00000957629.2,ENST00000957630.2,ENST00000957631.2,ENST00000957632.2,ENST00000957633.2,ENST00000957634.1,ENST00000957636.2,ENST00000995888.1,ENST00000995889.1,ENST00000995890.1,ENST00000995892.1,ENST00000995893.1,ENST00000995894.1,ENST00001028293.1,ENST00001028294.1,ENST00001028295.1,ENST00001028296.1,ENST00001028298.1,ENST00001112305.1,ENST00001125057.1,ENST00001143641.1	5	multiple_isoforms_differential_probe_coverage
LTF	5	16	5	0	14	ENST00000231751.9,ENST00000417439.6,ENST00000426532.7,ENST00000431944.1,ENST00000443496.5,ENST00000478874.2,ENST00000493056.5,ENST00000947210.2,ENST00000947211.2,ENST00000947212.2,ENST00000947213.2,ENST00001019623.1,ENST00001101030.1,ENST00001145052.1	8	ENST00000231751.9,ENST00000417439.6,ENST00000426532.7,ENST00000443496.5,ENST00000947211.2,ENST00000947212.2,ENST00001019623.1,ENST00001145052.1	5	multiple_isoforms_differential_probe_coverage
LUM	5	10	5	0	10	ENST00000266718.5,ENST00000546642.1,ENST00000548071.1,ENST00000891368.2,ENST00000891369.2,ENST00000963638.2,ENST00000991263.1,ENST00000991264.1,ENST00001049452.1,ENST00001136115.1	7	ENST00000266718.5,ENST00000891369.2,ENST00000963638.2,ENST00000991263.1,ENST00000991264.1,ENST00001049452.1,ENST00001136115.1	4	multiple_isoforms_differential_probe_coverage
LY6D	5	8	5	0	8	ENST00000301263.5,ENST00000518434.1,ENST00000518469.1,ENST00000518884.1,ENST00001100173.1,ENST00001100174.1,ENST00001100175.1,ENST00001135639.1	2	ENST00000301263.5,ENST00001135639.1	5	multiple_isoforms_differential_probe_coverage
LY75	5	9	5	0	5	ENST00000263636.5,ENST00000971950.2,ENST00000971951.2,ENST00001019103.1,ENST00001145285.1	5	ENST00000263636.5,ENST00000971950.2,ENST00000971951.2,ENST00001019103.1,ENST00001145285.1	1	multiple_isoforms_same_probe_coverage
LYN	5	12	5	0	12	ENST00000420292.1,ENST00000519728.6,ENST00000520050.1,ENST00000520220.7,ENST00000862996.2,ENST00000862997.2,ENST00000862998.2,ENST00000862999.2,ENST00000967493.2,ENST00000967494.2,ENST00000967495.2,ENST00001136665.1	9	ENST00000519728.6,ENST00000520220.7,ENST00000862996.2,ENST00000862997.2,ENST00000862999.2,ENST00000967493.2,ENST00000967494.2,ENST00000967495.2,ENST00001136665.1	4	multiple_isoforms_differential_probe_coverage
LYZ	5	4	5	0	4	ENST00000261267.7,ENST00000548839.2,ENST00000549690.2,ENST00001094619.1	1	ENST00000261267.7	4	multiple_isoforms_differential_probe_coverage
MAF	5	6	5	0	6	ENST00000326043.5,ENST00000393350.1,ENST00000569649.1,ENST00001019143.1,ENST00001123055.1,ENST00001123056.1	5	ENST00000326043.5,ENST00000393350.1,ENST00001019143.1,ENST00001123055.1,ENST00001123056.1	2	multiple_isoforms_differential_probe_coverage
MALAT1	5	73	5	0	37	ENST00000508832.3,ENST00000534336.4,ENST00000544868.3,ENST00000610851.2,ENST00000613376.2,ENST00000616691.2,ENST00000617489.2,ENST00000618132.2,ENST00000619449.4,ENST00000620465.5,ENST00000710849.1,ENST00000710852.1,ENST00000710855.2,ENST00000710857.1,ENST00000710862.1,ENST00000710863.2,ENST00000710864.1,ENST00000710867.1,ENST00000710869.1,ENST00000710870.1,ENST00000710871.1,ENST00000710874.2,ENST00000710927.1,ENST00000710939.1,ENST00000710943.1,ENST00000710944.1,ENST00000710945.1,ENST00000710946.1,ENST00000710947.1,ENST00000710948.1,ENST00000710949.1,ENST00000710951.1,ENST00000783046.1,ENST00000783048.1,ENST00000783049.1,ENST00000783050.1,ENST00000850956.1	1	ENST00000534336.4	5	multiple_isoforms_differential_probe_coverage
MAML2	5	2	5	0	2	ENST00000524717.6,ENST00001139827.1	2	ENST00000524717.6,ENST00001139827.1	1	multiple_isoforms_same_probe_coverage
MAP1LC3B	5	10	5	0	8	ENST00000268607.10,ENST00000564844.1,ENST00000570189.5,ENST00000650688.1,ENST00000880068.1,ENST00000936306.2,ENST00000960545.2,ENST00001139637.1	7	ENST00000268607.10,ENST00000564844.1,ENST00000650688.1,ENST00000880068.1,ENST00000936306.2,ENST00000960545.2,ENST00001139637.1	2	multiple_isoforms_differential_probe_coverage
MAPK13	5	18	5	0	18	ENST00000211287.9,ENST00000373759.1,ENST00000373766.10,ENST00000476951.5,ENST00000490334.1,ENST00000874020.2,ENST00000874021.2,ENST00000939826.2,ENST00000954697.2,ENST00000954698.2,ENST00001056966.1,ENST00001056967.1,ENST00001056968.1,ENST00001056970.1,ENST00001056971.1,ENST00001056973.1,ENST00001125502.1,ENST00001140527.1	11	ENST00000211287.9,ENST00000373766.10,ENST00000874020.2,ENST00000874021.2,ENST00000954698.2,ENST00001056966.1,ENST00001056967.1,ENST00001056968.1,ENST00001056970.1,ENST00001056973.1,ENST00001140527.1	4	multiple_isoforms_differential_probe_coverage
MAPK14	5	33	5	0	33	ENST00000229794.9,ENST00000229795.9,ENST00000310795.8,ENST00000468133.5,ENST00000472333.1,ENST00000474429.5,ENST00000490379.1,ENST00000491957.5,ENST00000496250.5,ENST00000718318.2,ENST00000718319.2,ENST00000852146.1,ENST00000852147.2,ENST00000852148.2,ENST00000852149.2,ENST00000852150.2,ENST00000950877.2,ENST00000950878.2,ENST00000974098.1,ENST00000974099.1,ENST00000974100.1,ENST00000974101.1,ENST00000974102.1,ENST00000974104.1,ENST00000974105.1,ENST00000974106.1,ENST00001072765.1,ENST00001091531.1,ENST00001106264.1,ENST00001117927.1,ENST00001117928.1,ENST00001117929.1,ENST00001134118.1	24	ENST00000229794.9,ENST00000229795.9,ENST00000718318.2,ENST00000718319.2,ENST00000852146.1,ENST00000852148.2,ENST00000852149.2,ENST00000852150.2,ENST00000950877.2,ENST00000974098.1,ENST00000974099.1,ENST00000974100.1,ENST00000974101.1,ENST00000974102.1,ENST00000974104.1,ENST00000974105.1,ENST00000974106.1,ENST00001072765.1,ENST00001091531.1,ENST00001106264.1,ENST00001117927.1,ENST00001117928.1,ENST00001117929.1,ENST00001134118.1	4	multiple_isoforms_differential_probe_coverage
MARCO	5	28	5	0	28	ENST00000327097.5,ENST00000412481.1,ENST00000494979.1,ENST00000874349.2,ENST00000874350.2,ENST00000874351.2,ENST00000874352.2,ENST00000874353.2,ENST00000874354.2,ENST00000874355.2,ENST00000874356.2,ENST00000874357.2,ENST00000874358.2,ENST00000874359.2,ENST00000958823.2,ENST00000958824.2,ENST00000958825.2,ENST00000958826.2,ENST00000958827.2,ENST00000958828.2,ENST00000958829.2,ENST00000958830.2,ENST00000958831.2,ENST00000958832.2,ENST00000958833.2,ENST00000958834.2,ENST00001044965.1,ENST00001144923.1	19	ENST00000327097.5,ENST00000874352.2,ENST00000874353.2,ENST00000874354.2,ENST00000874355.2,ENST00000874356.2,ENST00000874357.2,ENST00000874358.2,ENST00000958823.2,ENST00000958825.2,ENST00000958826.2,ENST00000958829.2,ENST00000958830.2,ENST00000958831.2,ENST00000958832.2,ENST00000958833.2,ENST00000958834.2,ENST00001044965.1,ENST00001144923.1	5	multiple_isoforms_differential_probe_coverage
MECOM	5	22	5	0	17	ENST00000264674.7,ENST00000433243.7,ENST00000460814.5,ENST00000460890.5,ENST00000461430.1,ENST00000464456.6,ENST00000468789.6,ENST00000472280.6,ENST00000475754.5,ENST00000484519.5,ENST00000487503.5,ENST00000492586.1,ENST00000494292.7,ENST00000494597.5,ENST00000628990.2,ENST00000651503.2,ENST00001143577.1	10	ENST00000264674.7,ENST00000433243.7,ENST00000460814.5,ENST00000464456.6,ENST00000468789.6,ENST00000472280.6,ENST00000494292.7,ENST00000628990.2,ENST00000651503.2,ENST00001143577.1	4	multiple_isoforms_differential_probe_coverage
MEG3	5	72	5	0	62	ENST00000398461.6,ENST00000398474.7,ENST00000398518.6,ENST00000412736.7,ENST00000423456.6,ENST00000424076.9,ENST00000429159.7,ENST00000451743.7,ENST00000452120.7,ENST00000452514.6,ENST00000455286.2,ENST00000455531.1,ENST00000519709.6,ENST00000520714.5,ENST00000521404.6,ENST00000522618.1,ENST00000522771.10,ENST00000523671.7,ENST00000524035.5,ENST00000524131.5,ENST00000554639.6,ENST00000555928.6,ENST00000556407.5,ENST00000556736.6,ENST00000647780.1,ENST00000648123.1,ENST00000648138.1,ENST00000648456.2,ENST00000648512.1,ENST00000648609.1,ENST00000648802.1,ENST00000648820.1,ENST00000648950.1,ENST00000649036.2,ENST00000649086.1,ENST00000649161.1,ENST00000649261.2,ENST00000650023.1,ENST00000650041.2,ENST00000650513.2,ENST00000650549.2,ENST00000650556.1,ENST00000654077.1,ENST00000783967.1,ENST00000783968.1,ENST00000783969.1,ENST00000783970.1,ENST00000783971.1,ENST00000783972.1,ENST00000783973.1,ENST00000783974.1,ENST00000783975.1,ENST00000783976.1,ENST00000783977.1,ENST00000783978.1,ENST00000783979.1,ENST00000783980.1,ENST00000783981.1,ENST00000783982.1,ENST00000783983.1,ENST00000783984.1,ENST00000850894.1	37	ENST00000398518.6,ENST00000412736.7,ENST00000423456.6,ENST00000424076.9,ENST00000429159.7,ENST00000451743.7,ENST00000455286.2,ENST00000519709.6,ENST00000521404.6,ENST00000522771.10,ENST00000554639.6,ENST00000555928.6,ENST00000556736.6,ENST00000647780.1,ENST00000648138.1,ENST00000648456.2,ENST00000648609.1,ENST00000648802.1,ENST00000649261.2,ENST00000650023.1,ENST00000650041.2,ENST00000650513.2,ENST00000650549.2,ENST00000783967.1,ENST00000783968.1,ENST00000783970.1,ENST00000783972.1,ENST00000783973.1,ENST00000783974.1,ENST00000783976.1,ENST00000783977.1,ENST00000783978.1,ENST00000783979.1,ENST00000783981.1,ENST00000783982.1,ENST00000783984.1,ENST00000850894.1	4	multiple_isoforms_differential_probe_coverage
MERTK	5	13	5	0	12	ENST00000295408.9,ENST00000409780.5,ENST00000439966.5,ENST00000449344.2,ENST00000953051.2,ENST00000980264.1,ENST00001009892.1,ENST00001009893.1,ENST00001079348.1,ENST00001114653.1,ENST00001120865.1,ENST00001144212.1	7	ENST00000295408.9,ENST00000439966.5,ENST00000980264.1,ENST00001009892.1,ENST00001009893.1,ENST00001079348.1,ENST00001144212.1	5	multiple_isoforms_differential_probe_coverage
MET	5	12	5	0	10	ENST00000318493.12,ENST00000397752.8,ENST00000422097.3,ENST00000436117.3,ENST00000495962.1,ENST00000917365.2,ENST00000950406.2,ENST00000950407.2,ENST00001112056.1,ENST00001139670.1	8	ENST00000318493.12,ENST00000397752.8,ENST00000422097.3,ENST00000436117.3,ENST00000917365.2,ENST00000950406.2,ENST00000950407.2,ENST00001139670.1	3	multiple_isoforms_differential_probe_coverage
MGP	5	19	5	0	19	ENST00000228938.6,ENST00000507170.2,ENST00000539261.6,ENST00000545199.5,ENST00000905127.2,ENST00001032221.1,ENST00001032222.1,ENST00001095042.1,ENST00001095043.1,ENST00001095044.1,ENST00001095045.1,ENST00001095046.1,ENST00001095047.1,ENST00001095048.1,ENST00001095049.1,ENST00001095050.1,ENST00001095051.1,ENST00001095052.1,ENST00001137412.1	10	ENST00000228938.6,ENST00000539261.6,ENST00000905127.2,ENST00001032221.1,ENST00001095042.1,ENST00001095046.1,ENST00001095047.1,ENST00001095048.1,ENST00001095051.1,ENST00001137412.1	4	multiple_isoforms_differential_probe_coverage
MIF	5	10	5	0	10	ENST00000215754.8,ENST00000465752.1,ENST00000498385.1,ENST00000613839.2,ENST00000625385.1,ENST00000626906.1,ENST00000857232.2,ENST00000921386.1,ENST00000921387.1,ENST00001131902.1	4	ENST00000215754.8,ENST00000613839.2,ENST00000921386.1,ENST00001131902.1	4	multiple_isoforms_differential_probe_coverage
MKI67	5	7	5	0	4	ENST00000368653.8,ENST00000368654.8,ENST00000935442.2,ENST00001136697.1	4	ENST00000368653.8,ENST00000368654.8,ENST00000935442.2,ENST00001136697.1	1	multiple_isoforms_same_probe_coverage
MMP1	5	5	5	0	5	ENST00000315274.7,ENST00000680179.1,ENST00000681445.1,ENST00000681643.1,ENST00001144079.1	2	ENST00000315274.7,ENST00001144079.1	2	multiple_isoforms_differential_probe_coverage
MMP10	5	2	5	0	2	ENST00000279441.9,ENST00000539681.1	1	ENST00000279441.9	2	multiple_isoforms_differential_probe_coverage
MMP12	5	2	5	0	2	ENST00000571244.3,ENST00001142322.1	2	ENST00000571244.3,ENST00001142322.1	1	multiple_isoforms_same_probe_coverage
MMP14	5	12	5	0	11	ENST00000311852.11,ENST00000547074.1,ENST00000547596.1,ENST00000548162.2,ENST00000548761.1,ENST00000680097.1,ENST00000680941.1,ENST00000928197.2,ENST00000928199.2,ENST00000984063.1,ENST00001137697.1	3	ENST00000311852.11,ENST00000680941.1,ENST00001137697.1	5	multiple_isoforms_differential_probe_coverage
MMP16	5	5	5	0	3	ENST00000286614.11,ENST00000544227.5,ENST00001138352.1	2	ENST00000286614.11,ENST00001138352.1	2	multiple_isoforms_differential_probe_coverage
MMP19	5	37	5	0	36	ENST00000322569.9,ENST00000409200.8,ENST00000547487.5,ENST00000547685.5,ENST00000548629.6,ENST00000548882.5,ENST00000552763.1,ENST00000552872.5,ENST00000889539.2,ENST00000889540.2,ENST00000889541.2,ENST00000913023.2,ENST00000956503.2,ENST00000956504.2,ENST00000956505.2,ENST00000978503.1,ENST00000978504.1,ENST00000978505.1,ENST00001026827.1,ENST00001026828.1,ENST00001026829.1,ENST00001026830.1,ENST00001026831.1,ENST00001026832.1,ENST00001026833.1,ENST00001026834.1,ENST00001026835.1,ENST00001026836.1,ENST00001026837.1,ENST00001026838.1,ENST00001026839.1,ENST00001026840.1,ENST00001026841.1,ENST00001026842.1,ENST00001073429.1,ENST00001143099.1	27	ENST00000322569.9,ENST00000409200.8,ENST00000548629.6,ENST00000552872.5,ENST00000889539.2,ENST00000889540.2,ENST00000913023.2,ENST00000956503.2,ENST00000956504.2,ENST00000956505.2,ENST00000978503.1,ENST00000978504.1,ENST00000978505.1,ENST00001026827.1,ENST00001026828.1,ENST00001026829.1,ENST00001026830.1,ENST00001026831.1,ENST00001026832.1,ENST00001026834.1,ENST00001026835.1,ENST00001026836.1,ENST00001026838.1,ENST00001026839.1,ENST00001026840.1,ENST00001026841.1,ENST00001143099.1	4	multiple_isoforms_differential_probe_coverage
MMP2	5	22	5	0	22	ENST00000219070.9,ENST00000437642.7,ENST00000543485.6,ENST00000564864.5,ENST00000566564.1,ENST00000568715.5,ENST00000570283.1,ENST00000570308.6,ENST00001050250.1,ENST00001050251.1,ENST00001050253.1,ENST00001050254.1,ENST00001050255.1,ENST00001050256.1,ENST00001050258.1,ENST00001050259.1,ENST00001050260.1,ENST00001050261.1,ENST00001050262.1,ENST00001063437.1,ENST00001111701.1,ENST00001132460.1	14	ENST00000219070.9,ENST00000437642.7,ENST00000543485.6,ENST00000570308.6,ENST00001050250.1,ENST00001050251.1,ENST00001050253.1,ENST00001050254.1,ENST00001050256.1,ENST00001050258.1,ENST00001050260.1,ENST00001050261.1,ENST00001050262.1,ENST00001132460.1	4	multiple_isoforms_differential_probe_coverage
MMP3	5	4	5	0	4	ENST00000299855.10,ENST00000434103.1,ENST00000524478.1,ENST00001142606.1	2	ENST00000299855.10,ENST00001142606.1	3	multiple_isoforms_differential_probe_coverage
MMP7	5	7	5	0	7	ENST00000260227.5,ENST00000531200.1,ENST00000533366.5,ENST00000896702.1,ENST00000896703.2,ENST00001121164.1,ENST00001142061.1	3	ENST00000260227.5,ENST00001121164.1,ENST00001142061.1	3	multiple_isoforms_differential_probe_coverage
MMP8	5	6	5	0	6	ENST00000236826.8,ENST00000438475.2,ENST00000528662.6,ENST00000531168.1,ENST00000532799.1,ENST00000533258.5	3	ENST00000236826.8,ENST00000438475.2,ENST00000528662.6	3	multiple_isoforms_differential_probe_coverage
MMP9	5	5	5	0	5	ENST00000372330.3,ENST00000898203.2,ENST00000898204.2,ENST00000995326.1,ENST00001132529.1	5	ENST00000372330.3,ENST00000898203.2,ENST00000898204.2,ENST00000995326.1,ENST00001132529.1	1	multiple_isoforms_same_probe_coverage
MPO	5	7	5	0	5	ENST00000225275.4,ENST00000578493.2,ENST00000581022.1,ENST00000699291.1,ENST00000699292.1	1	ENST00000225275.4	3	multiple_isoforms_differential_probe_coverage
MRC1	5	8	5	0	7	ENST00000569591.3,ENST00000884127.2,ENST00000884128.2,ENST00000884129.2,ENST00000954013.2,ENST00000954014.2,ENST00001138899.1	6	ENST00000569591.3,ENST00000884127.2,ENST00000884128.2,ENST00000954013.2,ENST00000954014.2,ENST00001138899.1	2	multiple_isoforms_differential_probe_coverage
MRC2	5	15	5	0	13	ENST00000303375.10,ENST00000446119.3,ENST00000579432.1,ENST00000583597.5,ENST00000584265.1,ENST00000975606.1,ENST00001024639.1,ENST00001024640.1,ENST00001024642.1,ENST00001108666.1,ENST00001115564.1,ENST00001115565.1,ENST00001140542.1	5	ENST00000303375.10,ENST00000975606.1,ENST00001024640.1,ENST00001024642.1,ENST00001140542.1	5	multiple_isoforms_differential_probe_coverage
MS4A1	5	16	5	0	15	ENST00000345732.9,ENST00000389939.2,ENST00000527101.5,ENST00000528313.2,ENST00000530482.1,ENST00000532073.6,ENST00000532418.1,ENST00000533306.6,ENST00000534503.5,ENST00000534668.7,ENST00000674194.2,ENST00000904593.2,ENST00000904594.2,ENST00000966396.2,ENST00001141670.1	9	ENST00000345732.9,ENST00000389939.2,ENST00000532073.6,ENST00000534668.7,ENST00000674194.2,ENST00000904593.2,ENST00000904594.2,ENST00000966396.2,ENST00001141670.1	5	multiple_isoforms_differential_probe_coverage
MS4A4A	5	26	5	0	26	ENST00000337908.5,ENST00000343968.8,ENST00000527056.5,ENST00000529950.2,ENST00000529991.2,ENST00000532114.6,ENST00000649552.2,ENST00000679385.1,ENST00000679553.1,ENST00000679988.1,ENST00000680301.1,ENST00000680537.1,ENST00000680560.1,ENST00000680757.1,ENST00000680935.1,ENST00000681157.1,ENST00000681288.1,ENST00000681406.2,ENST00000895188.1,ENST00000970116.1,ENST00000970117.1,ENST00000998187.1,ENST00000998188.1,ENST00000998189.1,ENST00001016949.1,ENST00001092479.1	13	ENST00000337908.5,ENST00000343968.8,ENST00000529950.2,ENST00000529991.2,ENST00000532114.6,ENST00000679553.1,ENST00000680537.1,ENST00000680757.1,ENST00000680935.1,ENST00000681288.1,ENST00000681406.2,ENST00000998188.1,ENST00001092479.1	5	multiple_isoforms_differential_probe_coverage
MSMB	5	5	5	0	5	ENST00000581478.5,ENST00000582163.3,ENST00000663171.1,ENST00001095898.1,ENST00001139702.1	3	ENST00000582163.3,ENST00000663171.1,ENST00001139702.1	2	multiple_isoforms_differential_probe_coverage
MST1R	5	38	5	0	37	ENST00000296474.8,ENST00000344206.8,ENST00000411578.6,ENST00000434765.7,ENST00000440292.3,ENST00000463789.1,ENST00000468525.5,ENST00000485044.5,ENST00000490053.1,ENST00000493535.5,ENST00000497001.1,ENST00000621387.5,ENST00000714251.1,ENST00000714252.1,ENST00000858906.1,ENST00000858907.2,ENST00000858908.2,ENST00000858909.2,ENST00000858910.2,ENST00000858911.2,ENST00000858912.2,ENST00000858913.2,ENST00000858914.2,ENST00000858915.2,ENST00000858916.2,ENST00000858917.2,ENST00000858918.2,ENST00000858919.2,ENST00000858920.2,ENST00000858921.2,ENST00000858922.2,ENST00000944850.2,ENST00001053126.1,ENST00001053127.1,ENST00001053128.1,ENST00001053129.1,ENST00001145193.1	31	ENST00000296474.8,ENST00000344206.8,ENST00000411578.6,ENST00000434765.7,ENST00000440292.3,ENST00000621387.5,ENST00000714251.1,ENST00000714252.1,ENST00000858906.1,ENST00000858907.2,ENST00000858908.2,ENST00000858909.2,ENST00000858910.2,ENST00000858911.2,ENST00000858912.2,ENST00000858913.2,ENST00000858914.2,ENST00000858915.2,ENST00000858916.2,ENST00000858917.2,ENST00000858918.2,ENST00000858919.2,ENST00000858920.2,ENST00000858921.2,ENST00000858922.2,ENST00000944850.2,ENST00001053126.1,ENST00001053127.1,ENST00001053128.1,ENST00001053129.1,ENST00001145193.1	3	multiple_isoforms_differential_probe_coverage
MT1X	5	10	5	0	10	ENST00000394485.5,ENST00000562939.2,ENST00000564974.1,ENST00000568370.1,ENST00000894237.2,ENST00001099546.1,ENST00001099547.1,ENST00001099548.1,ENST00001119974.1,ENST00001133909.1	2	ENST00000394485.5,ENST00001133909.1	4	multiple_isoforms_differential_probe_coverage
MT2A	5	14	5	0	14	ENST00000245185.6,ENST00000561491.2,ENST00000562017.1,ENST00000563985.1,ENST00000567300.1,ENST00000931885.2,ENST00001099450.1,ENST00001099451.1,ENST00001099452.1,ENST00001099453.1,ENST00001099454.1,ENST00001099455.1,ENST00001099456.1,ENST00001134078.1	10	ENST00000245185.6,ENST00000561491.2,ENST00000562017.1,ENST00000563985.1,ENST00000931885.2,ENST00001099450.1,ENST00001099451.1,ENST00001099452.1,ENST00001099453.1,ENST00001134078.1	5	multiple_isoforms_differential_probe_coverage
MTOR	5	26	5	0	18	ENST00000361445.9,ENST00000703118.1,ENST00000703132.1,ENST00000703139.2,ENST00000703140.2,ENST00000703141.1,ENST00000703142.1,ENST00000703143.3,ENST00000875524.2,ENST00000875525.2,ENST00000934310.2,ENST00000934311.2,ENST00000934312.2,ENST00000934313.2,ENST00000934314.2,ENST00000934315.2,ENST00001081027.1,ENST00001145076.1	17	ENST00000361445.9,ENST00000703118.1,ENST00000703139.2,ENST00000703140.2,ENST00000703141.1,ENST00000703142.1,ENST00000703143.3,ENST00000875524.2,ENST00000875525.2,ENST00000934310.2,ENST00000934311.2,ENST00000934312.2,ENST00000934313.2,ENST00000934314.2,ENST00000934315.2,ENST00001081027.1,ENST00001145076.1	2	multiple_isoforms_differential_probe_coverage
MTRNR2L1	5	0	0	5	0		0		1	no_exact_intended_match
MX1	5	110	5	0	105	ENST00000288383.12,ENST00000398598.8,ENST00000398600.7,ENST00000413778.6,ENST00000417963.6,ENST00000419044.7,ENST00000424365.7,ENST00000441677.6,ENST00000455164.6,ENST00000467510.2,ENST00000486275.2,ENST00000619682.2,ENST00000679386.2,ENST00000679408.2,ENST00000679445.2,ENST00000679464.1,ENST00000679528.1,ENST00000679543.1,ENST00000679626.2,ENST00000679705.2,ENST00000679911.1,ENST00000680176.2,ENST00000680182.1,ENST00000680347.2,ENST00000680364.2,ENST00000680536.2,ENST00000680629.2,ENST00000680637.1,ENST00000680760.2,ENST00000680776.1,ENST00000680942.2,ENST00000681039.1,ENST00000681191.2,ENST00000681266.2,ENST00000681382.1,ENST00000681415.1,ENST00000681607.1,ENST00000681671.2,ENST00000681849.2,ENST00000681857.2,ENST00000681867.2,ENST00000681896.2,ENST00000681944.1,ENST00000896022.2,ENST00000896023.2,ENST00000896024.2,ENST00000896025.2,ENST00000896026.2,ENST00000896027.1,ENST00000896028.2,ENST00000896029.2,ENST00000896030.2,ENST00000896031.2,ENST00000896032.2,ENST00000896033.2,ENST00000896034.2,ENST00000896035.1,ENST00000896036.2,ENST00000896037.2,ENST00000896038.2,ENST00000896039.2,ENST00000896040.2,ENST00000896041.2,ENST00000896042.2,ENST00000896043.2,ENST00000896044.2,ENST00000896045.2,ENST00000896046.1,ENST00000896047.1,ENST00000896048.1,ENST00000915290.2,ENST00000915291.1,ENST00000915292.1,ENST00000915293.2,ENST00000915294.2,ENST00000967462.1,ENST00000967463.1,ENST00000967464.2,ENST00000967465.1,ENST00000967466.2,ENST00000967467.2,ENST00000967468.2,ENST00000967469.2,ENST00000967470.1,ENST00000967471.2,ENST00000967472.2,ENST00000967473.2,ENST00000967474.2,ENST00000967475.2,ENST00000967476.2,ENST00000967477.2,ENST00000967478.2,ENST00000967479.2,ENST00000967480.2,ENST00000967481.2,ENST00000967482.2,ENST00000967483.1,ENST00000967484.1,ENST00000989262.1,ENST00001015950.1,ENST00001110255.1,ENST00001115349.1,ENST00001115350.1,ENST00001115351.1,ENST00001131831.1	99	ENST00000288383.12,ENST00000398598.8,ENST00000398600.7,ENST00000413778.6,ENST00000417963.6,ENST00000419044.7,ENST00000424365.7,ENST00000455164.6,ENST00000467510.2,ENST00000486275.2,ENST00000619682.2,ENST00000679386.2,ENST00000679408.2,ENST00000679445.2,ENST00000679464.1,ENST00000679543.1,ENST00000679626.2,ENST00000679705.2,ENST00000679911.1,ENST00000680176.2,ENST00000680182.1,ENST00000680347.2,ENST00000680364.2,ENST00000680536.2,ENST00000680629.2,ENST00000680760.2,ENST00000680776.1,ENST00000680942.2,ENST00000681039.1,ENST00000681191.2,ENST00000681266.2,ENST00000681382.1,ENST00000681415.1,ENST00000681607.1,ENST00000681671.2,ENST00000681849.2,ENST00000681857.2,ENST00000681867.2,ENST00000681896.2,ENST00000681944.1,ENST00000896022.2,ENST00000896023.2,ENST00000896024.2,ENST00000896025.2,ENST00000896026.2,ENST00000896027.1,ENST00000896028.2,ENST00000896029.2,ENST00000896030.2,ENST00000896031.2,ENST00000896032.2,ENST00000896033.2,ENST00000896034.2,ENST00000896035.1,ENST00000896037.2,ENST00000896038.2,ENST00000896039.2,ENST00000896040.2,ENST00000896041.2,ENST00000896042.2,ENST00000896043.2,ENST00000896044.2,ENST00000896045.2,ENST00000896046.1,ENST00000896047.1,ENST00000896048.1,ENST00000915290.2,ENST00000915291.1,ENST00000915292.1,ENST00000915293.2,ENST00000915294.2,ENST00000967462.1,ENST00000967463.1,ENST00000967464.2,ENST00000967465.1,ENST00000967466.2,ENST00000967467.2,ENST00000967468.2,ENST00000967469.2,ENST00000967470.1,ENST00000967471.2,ENST00000967473.2,ENST00000967474.2,ENST00000967475.2,ENST00000967476.2,ENST00000967477.2,ENST00000967478.2,ENST00000967479.2,ENST00000967480.2,ENST00000967481.2,ENST00000967482.2,ENST00000967483.1,ENST00000967484.1,ENST00000989262.1,ENST00001015950.1,ENST00001110255.1,ENST00001115349.1,ENST00001115350.1,ENST00001131831.1	4	multiple_isoforms_differential_probe_coverage
MXRA8	5	20	5	0	20	ENST00000309212.11,ENST00000342753.8,ENST00000445648.5,ENST00000460473.1,ENST00000464351.1,ENST00000473097.5,ENST00000474033.5,ENST00000476718.1,ENST00000477278.4,ENST00000478517.5,ENST00000897927.1,ENST00000953649.1,ENST00000953650.1,ENST00000953651.1,ENST00000993631.1,ENST00001050199.1,ENST00001050200.1,ENST00001050202.1,ENST00001050205.1,ENST00001050207.1	14	ENST00000309212.11,ENST00000342753.8,ENST00000445648.5,ENST00000477278.4,ENST00000897927.1,ENST00000953649.1,ENST00000953650.1,ENST00000953651.1,ENST00000993631.1,ENST00001050199.1,ENST00001050200.1,ENST00001050202.1,ENST00001050205.1,ENST00001050207.1	5	multiple_isoforms_differential_probe_coverage
MYC	5	15	5	0	12	ENST00000259523.10,ENST00000377970.7,ENST00000517291.2,ENST00000524013.3,ENST00000621592.8,ENST00000651626.2,ENST00000652288.2,ENST00000707113.2,ENST00000707114.2,ENST00000707115.2,ENST00000707116.2,ENST00000707117.1	9	ENST00000377970.7,ENST00000524013.3,ENST00000621592.8,ENST00000651626.2,ENST00000652288.2,ENST00000707113.2,ENST00000707114.2,ENST00000707115.2,ENST00000707116.2	2	multiple_isoforms_differential_probe_coverage
MYH11	5	56	5	0	51	ENST00000300036.6,ENST00000396324.8,ENST00000452625.7,ENST00000570785.1,ENST00000571275.1,ENST00000571505.1,ENST00000571910.2,ENST00000576164.6,ENST00000576790.8,ENST00000612165.4,ENST00000616422.4,ENST00000621545.2,ENST00000631693.1,ENST00000631759.1,ENST00000632632.1,ENST00000633799.1,ENST00000633845.1,ENST00000634050.1,ENST00000652121.1,ENST00000713757.2,ENST00000911133.2,ENST00000911134.2,ENST00000911135.2,ENST00000911136.2,ENST00000911137.2,ENST00000911138.2,ENST00000911139.2,ENST00000911140.1,ENST00000963701.2,ENST00000963702.2,ENST00000963703.2,ENST00000963704.2,ENST00000974771.1,ENST00000974772.1,ENST00000974775.1,ENST00001032400.1,ENST00001032401.1,ENST00001032402.1,ENST00001032403.1,ENST00001032404.1,ENST00001032406.1,ENST00001032407.1,ENST00001032410.1,ENST00001032411.1,ENST00001032412.1,ENST00001032416.1,ENST00001032419.1,ENST00001032420.1,ENST00001106971.1,ENST00001114848.1,ENST00001114849.1	34	ENST00000300036.6,ENST00000396324.8,ENST00000452625.7,ENST00000576790.8,ENST00000612165.4,ENST00000616422.4,ENST00000621545.2,ENST00000634050.1,ENST00000652121.1,ENST00000713757.2,ENST00000911133.2,ENST00000911134.2,ENST00000911135.2,ENST00000911136.2,ENST00000911137.2,ENST00000911138.2,ENST00000911139.2,ENST00000911140.1,ENST00000963701.2,ENST00000963702.2,ENST00000963703.2,ENST00000963704.2,ENST00000974771.1,ENST00000974772.1,ENST00001032400.1,ENST00001032401.1,ENST00001032402.1,ENST00001032403.1,ENST00001032404.1,ENST00001032406.1,ENST00001032407.1,ENST00001032410.1,ENST00001032411.1,ENST00001032412.1	5	multiple_isoforms_differential_probe_coverage
MYL9	5	21	5	0	21	ENST00000279022.7,ENST00000346786.3,ENST00000866572.2,ENST00000866573.2,ENST00000866574.2,ENST00000866575.2,ENST00000866576.2,ENST00000866577.2,ENST00000866578.2,ENST00000866579.2,ENST00000866580.2,ENST00000866581.2,ENST00000866582.2,ENST00000866583.2,ENST00000946382.2,ENST00000991286.1,ENST00000991287.1,ENST00001048212.1,ENST00001091817.1,ENST00001091818.1,ENST00001133894.1	21	ENST00000279022.7,ENST00000346786.3,ENST00000866572.2,ENST00000866573.2,ENST00000866574.2,ENST00000866575.2,ENST00000866576.2,ENST00000866577.2,ENST00000866578.2,ENST00000866579.2,ENST00000866580.2,ENST00000866581.2,ENST00000866582.2,ENST00000866583.2,ENST00000946382.2,ENST00000991286.1,ENST00000991287.1,ENST00001048212.1,ENST00001091817.1,ENST00001091818.1,ENST00001133894.1	1	multiple_isoforms_same_probe_coverage
MZB1	5	9	5	0	9	ENST00000302125.9,ENST00000417694.6,ENST00000503120.5,ENST00000503351.1,ENST00000503481.5,ENST00000509591.1,ENST00000511979.1,ENST00000513389.1,ENST00001099968.1	3	ENST00000302125.9,ENST00000417694.6,ENST00000503481.5	4	multiple_isoforms_differential_probe_coverage
MZT2A	5	24	5	0	23	ENST00000309451.7,ENST00000410036.2,ENST00000427024.5,ENST00000445782.2,ENST00000491265.1,ENST00000886553.1,ENST00000886554.2,ENST00000937869.2,ENST00000937870.2,ENST00000967877.2,ENST00000973365.1,ENST00000973366.1,ENST00001011523.1,ENST00001011525.1,ENST00001105511.1,ENST00001118030.1,ENST00001118031.1,ENST00001118032.1,ENST00001118033.1,ENST00001123653.1,ENST00001123654.1,ENST00001123655.1,ENST00001143986.1	1	ENST00000973365.1	4	multiple_isoforms_differential_probe_coverage
NANOG	5	7	5	0	6	ENST00000229307.9,ENST00000526286.1,ENST00000541267.5,ENST00000933164.2,ENST00000933165.2,ENST00001137276.1	4	ENST00000229307.9,ENST00000933164.2,ENST00000933165.2,ENST00001137276.1	3	multiple_isoforms_differential_probe_coverage
NCR1	5	70	5	0	62	ENST00000291890.9,ENST00000338835.10,ENST00000350790.10,ENST00000357397.5,ENST00000594765.6,ENST00000598576.6,ENST00000601137.1,ENST00000610621.4,ENST00000610753.4,ENST00000611098.1,ENST00000611105.4,ENST00000611120.1,ENST00000611122.1,ENST00000611233.4,ENST00000611318.4,ENST00000611792.4,ENST00000611942.4,ENST00000612194.4,ENST00000612239.4,ENST00000612464.1,ENST00000612645.4,ENST00000612744.1,ENST00000612896.4,ENST00000612994.4,ENST00000613135.4,ENST00000613253.1,ENST00000613556.1,ENST00000614280.4,ENST00000614704.4,ENST00000614976.4,ENST00000615309.1,ENST00000615417.1,ENST00000615622.4,ENST00000616389.4,ENST00000616564.1,ENST00000616589.4,ENST00000616747.4,ENST00000616780.4,ENST00000616935.1,ENST00000616985.1,ENST00000617154.4,ENST00000617565.1,ENST00000617741.4,ENST00000617784.4,ENST00000618585.4,ENST00000618725.4,ENST00000618798.4,ENST00000618973.4,ENST00000619077.4,ENST00000619451.1,ENST00000619741.4,ENST00000620296.4,ENST00000620721.4,ENST00000620906.4,ENST00000621059.4,ENST00000621652.4,ENST00000621993.4,ENST00000622478.1,ENST00000622541.1,ENST00000622620.4,ENST00001118923.1,ENST00001135894.1	6	ENST00000291890.9,ENST00000338835.10,ENST00000350790.10,ENST00000594765.6,ENST00000598576.6,ENST00001135894.1	5	multiple_isoforms_differential_probe_coverage
NDRG1	5	66	5	0	28	ENST00000323851.13,ENST00000414097.7,ENST00000517331.5,ENST00000517599.6,ENST00000518066.6,ENST00000518176.6,ENST00000519278.5,ENST00000521026.5,ENST00000521414.5,ENST00000521438.1,ENST00000521664.1,ENST00000522377.5,ENST00000522476.6,ENST00000522665.5,ENST00000537882.3,ENST00000674521.1,ENST00000674925.1,ENST00000675036.1,ENST00000675172.1,ENST00000675860.1,ENST00000676142.1,ENST00000676341.1,ENST00000676444.1,ENST00001018735.1,ENST00001018737.1,ENST00001119805.1,ENST00001119806.1,ENST00001134080.1	9	ENST00000323851.13,ENST00000414097.7,ENST00000517599.6,ENST00000522476.6,ENST00001018735.1,ENST00001018737.1,ENST00001119805.1,ENST00001119806.1,ENST00001134080.1	5	multiple_isoforms_differential_probe_coverage
NEAT1	5	16	5	0	16	ENST00000499732.4,ENST00000501122.4,ENST00000601801.3,ENST00000612303.3,ENST00000616315.2,ENST00000642367.1,ENST00000645023.1,ENST00000646243.1,ENST00000670617.1,ENST00000717968.1,ENST00000813130.1,ENST00000813131.1,ENST00000813132.1,ENST00000813133.1,ENST00000813134.1,ENST00000813135.1	3	ENST00000501122.4,ENST00000601801.3,ENST00000717968.1	5	multiple_isoforms_differential_probe_coverage
NFKB1	5	49	5	0	42	ENST00000226574.9,ENST00000394820.9,ENST00000504044.1,ENST00000505458.6,ENST00000507079.7,ENST00000509165.2,ENST00000510638.1,ENST00000513803.5,ENST00000600343.5,ENST00000652569.1,ENST00000652619.1,ENST00000697793.1,ENST00000697794.1,ENST00000697799.1,ENST00000697800.1,ENST00000697801.1,ENST00000697802.1,ENST00000698233.1,ENST00000878339.2,ENST00000878340.2,ENST00000878341.2,ENST00000878342.2,ENST00000878343.2,ENST00000938143.2,ENST00000938144.2,ENST00000938145.2,ENST00000966659.2,ENST00000966660.2,ENST00000966661.2,ENST00000966662.2,ENST00000966663.2,ENST00000966664.2,ENST00000966665.2,ENST00000966666.1,ENST00000966667.2,ENST00001054254.1,ENST00001054255.1,ENST00001054256.1,ENST00001054257.1,ENST00001054258.1,ENST00001115658.1,ENST00001122992.1	30	ENST00000226574.9,ENST00000394820.9,ENST00000505458.6,ENST00000507079.7,ENST00000509165.2,ENST00000652569.1,ENST00000652619.1,ENST00000697794.1,ENST00000878339.2,ENST00000878340.2,ENST00000878341.2,ENST00000878342.2,ENST00000878343.2,ENST00000938143.2,ENST00000938144.2,ENST00000938145.2,ENST00000966659.2,ENST00000966660.2,ENST00000966661.2,ENST00000966662.2,ENST00000966663.2,ENST00000966664.2,ENST00000966665.2,ENST00000966666.1,ENST00000966667.2,ENST00001054254.1,ENST00001054255.1,ENST00001054256.1,ENST00001054257.1,ENST00001054258.1	5	multiple_isoforms_differential_probe_coverage
NFKBIA	5	24	5	0	23	ENST00000216797.10,ENST00000553342.2,ENST00000554001.5,ENST00000555371.1,ENST00000555629.1,ENST00000556664.1,ENST00000557100.5,ENST00000557140.6,ENST00000557389.2,ENST00000557459.2,ENST00000697954.1,ENST00000697955.1,ENST00000697956.1,ENST00000697957.1,ENST00000697958.1,ENST00000697959.1,ENST00000697960.1,ENST00000697961.1,ENST00000697962.1,ENST00000697966.1,ENST00000860149.2,ENST00000960693.2,ENST00001133422.1	6	ENST00000216797.10,ENST00000554001.5,ENST00000697957.1,ENST00000860149.2,ENST00000960693.2,ENST00001133422.1	5	multiple_isoforms_differential_probe_coverage
NGFR	5	4	5	0	4	ENST00000172229.8,ENST00000504201.2,ENST00000509200.5,ENST00001141252.1	3	ENST00000172229.8,ENST00000504201.2,ENST00001141252.1	2	multiple_isoforms_differential_probe_coverage
NKG7	5	13	5	0	13	ENST00000221978.10,ENST00000593572.5,ENST00000595157.1,ENST00000595217.2,ENST00000600427.6,ENST00000861190.2,ENST00001103012.1,ENST00001103013.1,ENST00001103014.1,ENST00001103015.1,ENST00001103016.1,ENST00001103017.1,ENST00001135145.1	5	ENST00000221978.10,ENST00000595217.2,ENST00001103014.1,ENST00001103016.1,ENST00001135145.1	5	multiple_isoforms_differential_probe_coverage
NLRC4	5	7	5	0	7	ENST00000342905.11,ENST00000360906.10,ENST00000402280.6,ENST00000404025.3,ENST00000652197.2,ENST00000894701.2,ENST00000894702.2	5	ENST00000342905.11,ENST00000360906.10,ENST00000402280.6,ENST00000894701.2,ENST00000894702.2	3	multiple_isoforms_differential_probe_coverage
NLRC5	5	34	5	0	23	ENST00000262510.11,ENST00000399221.3,ENST00000534931.1,ENST00000535284.1,ENST00000536231.1,ENST00000537056.5,ENST00000538110.5,ENST00000538453.5,ENST00000538778.5,ENST00000538805.5,ENST00000538930.5,ENST00000539144.5,ENST00000539881.5,ENST00000540182.5,ENST00000543030.5,ENST00000543402.1,ENST00000545081.5,ENST00000688547.1,ENST00000877315.2,ENST00000877316.2,ENST00000959497.2,ENST00001053983.1,ENST00001134507.1	11	ENST00000262510.11,ENST00000538110.5,ENST00000538805.5,ENST00000539144.5,ENST00000545081.5,ENST00000688547.1,ENST00000877315.2,ENST00000877316.2,ENST00000959497.2,ENST00001053983.1,ENST00001134507.1	5	multiple_isoforms_differential_probe_coverage
NLRP1	5	75	5	0	68	ENST00000262467.12,ENST00000269280.10,ENST00000354411.8,ENST00000544378.7,ENST00000571307.2,ENST00000571451.8,ENST00000572143.2,ENST00000572272.6,ENST00000574512.1,ENST00000576905.6,ENST00000577119.5,ENST00000617618.5,ENST00000699586.1,ENST00000699612.1,ENST00000699613.1,ENST00000699614.2,ENST00000699615.1,ENST00000699616.1,ENST00000699617.1,ENST00000699622.1,ENST00000699623.1,ENST00000699624.1,ENST00000699625.1,ENST00000699626.1,ENST00000699629.1,ENST00000699630.1,ENST00000699631.1,ENST00000699632.1,ENST00000699633.2,ENST00000699634.2,ENST00000699635.1,ENST00000699636.1,ENST00000699638.1,ENST00000699642.1,ENST00000699643.1,ENST00000699644.1,ENST00000699645.1,ENST00000699665.1,ENST00000699705.1,ENST00000699706.1,ENST00000699707.2,ENST00000699708.1,ENST00000699709.1,ENST00000699710.2,ENST00000699711.1,ENST00000699712.2,ENST00000699713.1,ENST00000699771.1,ENST00000699772.1,ENST00000699773.1,ENST00000699774.1,ENST00000699775.1,ENST00000699776.1,ENST00000699777.1,ENST00000699800.1,ENST00000699801.1,ENST00000699802.1,ENST00000699803.1,ENST00000699804.1,ENST00000699805.1,ENST00000699807.1,ENST00000699809.1,ENST00000699810.1,ENST00000991666.1,ENST00000991667.1,ENST00001033424.1,ENST00001033425.1,ENST00001110792.1	34	ENST00000262467.12,ENST00000269280.10,ENST00000354411.8,ENST00000544378.7,ENST00000571451.8,ENST00000572143.2,ENST00000572272.6,ENST00000576905.6,ENST00000577119.5,ENST00000617618.5,ENST00000699613.1,ENST00000699614.2,ENST00000699615.1,ENST00000699623.1,ENST00000699625.1,ENST00000699629.1,ENST00000699630.1,ENST00000699632.1,ENST00000699633.2,ENST00000699634.2,ENST00000699636.1,ENST00000699642.1,ENST00000699643.1,ENST00000699644.1,ENST00000699645.1,ENST00000699705.1,ENST00000699707.2,ENST00000699708.1,ENST00000699709.1,ENST00000699710.2,ENST00000699711.1,ENST00000991666.1,ENST00001033424.1,ENST00001033425.1	5	multiple_isoforms_differential_probe_coverage
NLRP2	5	77	5	0	73	ENST00000263437.11,ENST00000339757.12,ENST00000381637.3,ENST00000391721.9,ENST00000397169.3,ENST00000427260.7,ENST00000433772.6,ENST00000448584.7,ENST00000537859.6,ENST00000539848.5,ENST00000540005.1,ENST00000540597.5,ENST00000542755.1,ENST00000543010.5,ENST00000543277.1,ENST00000585500.5,ENST00000588619.5,ENST00000610346.4,ENST00000610410.1,ENST00000611301.1,ENST00000611410.4,ENST00000611476.4,ENST00000611642.1,ENST00000611676.4,ENST00000611679.4,ENST00000611772.4,ENST00000611888.4,ENST00000612072.1,ENST00000612740.4,ENST00000613062.4,ENST00000613485.4,ENST00000613825.4,ENST00000613851.1,ENST00000614389.4,ENST00000615023.4,ENST00000615173.1,ENST00000615197.4,ENST00000615391.4,ENST00000615521.4,ENST00000616040.4,ENST00000616079.4,ENST00000616903.1,ENST00000616919.4,ENST00000617384.4,ENST00000617992.1,ENST00000618011.3,ENST00000618018.4,ENST00000618465.4,ENST00000618694.1,ENST00000618731.4,ENST00000618789.1,ENST00000618943.1,ENST00000619281.4,ENST00000619454.4,ENST00000619664.4,ENST00000619885.4,ENST00000620082.2,ENST00000620805.4,ENST00000621057.4,ENST00000621151.4,ENST00000621165.4,ENST00000621200.4,ENST00000621239.4,ENST00000621594.4,ENST00000622042.4,ENST00000622216.4,ENST00000622444.1,ENST00000622600.4,ENST00000622773.4,ENST00000622864.4,ENST00000875545.2,ENST00000944275.2,ENST00001136176.1	44	ENST00000263437.11,ENST00000339757.12,ENST00000427260.7,ENST00000448584.7,ENST00000537859.6,ENST00000540597.5,ENST00000543010.5,ENST00000611410.4,ENST00000611642.1,ENST00000611676.4,ENST00000611679.4,ENST00000611772.4,ENST00000612740.4,ENST00000613062.4,ENST00000613485.4,ENST00000613825.4,ENST00000613851.1,ENST00000615173.1,ENST00000615391.4,ENST00000615521.4,ENST00000616040.4,ENST00000616903.1,ENST00000616919.4,ENST00000618018.4,ENST00000618694.1,ENST00000618731.4,ENST00000618789.1,ENST00000618943.1,ENST00000619281.4,ENST00000619454.4,ENST00000619664.4,ENST00000619885.4,ENST00000620805.4,ENST00000621200.4,ENST00000621239.4,ENST00000621594.4,ENST00000622042.4,ENST00000622216.4,ENST00000622444.1,ENST00000622600.4,ENST00000622773.4,ENST00000622864.4,ENST00000944275.2,ENST00001136176.1	5	multiple_isoforms_differential_probe_coverage
NLRP3	5	15	5	0	15	ENST00000336119.8,ENST00000348069.8,ENST00000366496.8,ENST00000391827.4,ENST00000391828.9,ENST00000474792.2,ENST00000532083.1,ENST00000642259.1,ENST00000643234.3,ENST00000697350.2,ENST00000697408.3,ENST00000898449.2,ENST00000898450.2,ENST00000959505.2,ENST00001145349.1	13	ENST00000336119.8,ENST00000348069.8,ENST00000366496.8,ENST00000391827.4,ENST00000391828.9,ENST00000642259.1,ENST00000643234.3,ENST00000697350.2,ENST00000697408.3,ENST00000898449.2,ENST00000898450.2,ENST00000959505.2,ENST00001145349.1	2	multiple_isoforms_differential_probe_coverage
NOD2	5	21	5	0	19	ENST00000300589.7,ENST00000524712.5,ENST00000526417.6,ENST00000527052.5,ENST00000527070.5,ENST00000529633.5,ENST00000532206.1,ENST00000534057.1,ENST00000534067.5,ENST00000641284.2,ENST00000646677.2,ENST00000647318.2,ENST00000697425.1,ENST00000697426.1,ENST00000697427.1,ENST00000858093.2,ENST00000951248.1,ENST00001023074.1,ENST00001136962.1	8	ENST00000300589.7,ENST00000641284.2,ENST00000646677.2,ENST00000647318.2,ENST00000858093.2,ENST00000951248.1,ENST00001023074.1,ENST00001136962.1	3	multiple_isoforms_differential_probe_coverage
NOSIP	5	62	5	0	62	ENST00000339093.8,ENST00000593345.1,ENST00000594932.5,ENST00000596358.6,ENST00000596477.1,ENST00000598296.5,ENST00000598544.1,ENST00000598550.5,ENST00000598820.5,ENST00000598839.1,ENST00000599425.5,ENST00000599537.5,ENST00000600019.5,ENST00000601015.5,ENST00000601107.1,ENST00000601340.5,ENST00000874162.2,ENST00000874163.2,ENST00000874164.2,ENST00000874165.2,ENST00000874166.2,ENST00000874167.2,ENST00000874168.2,ENST00000874169.2,ENST00000874170.2,ENST00000874171.2,ENST00000874172.2,ENST00000874173.2,ENST00000874174.2,ENST00000917073.2,ENST00000917074.2,ENST00000917075.2,ENST00000917076.2,ENST00000917077.2,ENST00000962184.2,ENST00000962185.2,ENST00001002108.1,ENST00001002109.1,ENST00001002110.1,ENST00001002111.1,ENST00001002112.1,ENST00001002113.1,ENST00001002114.1,ENST00001002115.1,ENST00001002116.1,ENST00001034258.1,ENST00001034259.1,ENST00001072463.1,ENST00001072465.1,ENST00001072466.1,ENST00001072467.1,ENST00001094039.1,ENST00001094040.1,ENST00001094041.1,ENST00001094042.1,ENST00001094043.1,ENST00001094044.1,ENST00001106749.1,ENST00001106750.1,ENST00001130230.1,ENST00001130231.1,ENST00001143045.1	46	ENST00000339093.8,ENST00000596358.6,ENST00000598820.5,ENST00000601015.5,ENST00000601340.5,ENST00000874162.2,ENST00000874163.2,ENST00000874164.2,ENST00000874165.2,ENST00000874166.2,ENST00000874167.2,ENST00000874168.2,ENST00000874169.2,ENST00000874170.2,ENST00000874171.2,ENST00000874172.2,ENST00000874173.2,ENST00000874174.2,ENST00000917073.2,ENST00000917074.2,ENST00000917075.2,ENST00000917076.2,ENST00000917077.2,ENST00000962184.2,ENST00000962185.2,ENST00001002108.1,ENST00001002109.1,ENST00001002110.1,ENST00001002111.1,ENST00001002112.1,ENST00001002113.1,ENST00001002114.1,ENST00001002115.1,ENST00001002116.1,ENST00001034258.1,ENST00001034259.1,ENST00001072463.1,ENST00001072466.1,ENST00001072467.1,ENST00001094039.1,ENST00001094041.1,ENST00001094042.1,ENST00001094043.1,ENST00001094044.1,ENST00001106749.1,ENST00001143045.1	5	multiple_isoforms_differential_probe_coverage
NOTCH1	5	18	5	0	14	ENST00000645828.1,ENST00000651671.1,ENST00000679595.1,ENST00000679969.1,ENST00000680003.1,ENST00000680133.2,ENST00000680218.1,ENST00000680668.1,ENST00000680778.1,ENST00000680924.1,ENST00000681135.1,ENST00000681298.1,ENST00000681454.1,ENST00000927794.2	7	ENST00000651671.1,ENST00000679595.1,ENST00000680668.1,ENST00000680924.1,ENST00000681135.1,ENST00000681454.1,ENST00000927794.2	4	multiple_isoforms_differential_probe_coverage
NOTCH2	5	15	5	0	8	ENST00000256646.7,ENST00000478864.1,ENST00000479412.2,ENST00000640021.1,ENST00000924185.2,ENST00000924186.2,ENST00001109149.1,ENST00001141093.1	4	ENST00000256646.7,ENST00000924185.2,ENST00000924186.2,ENST00001141093.1	3	multiple_isoforms_differential_probe_coverage
NOTCH3	5	11	5	0	10	ENST00000263388.7,ENST00000595045.1,ENST00000595514.1,ENST00000597756.1,ENST00000601011.1,ENST00000931532.2,ENST00000931533.2,ENST00000931534.2,ENST00000931535.2,ENST00001142288.1	5	ENST00000263388.7,ENST00000931532.2,ENST00000931534.2,ENST00000931535.2,ENST00001142288.1	5	multiple_isoforms_differential_probe_coverage
NPPB	5	12	5	0	12	ENST00000376468.4,ENST00000945854.2,ENST00000945855.2,ENST00000945856.2,ENST00001096791.1,ENST00001096792.1,ENST00001096793.1,ENST00001096794.1,ENST00001096795.1,ENST00001096796.1,ENST00001096797.1,ENST00001145787.1	10	ENST00000376468.4,ENST00000945854.2,ENST00000945855.2,ENST00000945856.2,ENST00001096791.1,ENST00001096794.1,ENST00001096795.1,ENST00001096796.1,ENST00001096797.1,ENST00001145787.1	2	multiple_isoforms_differential_probe_coverage
NPPC	5	6	5	0	6	ENST00000295440.3,ENST00000409852.2,ENST00000968048.2,ENST00000968049.2,ENST00000968050.2,ENST00001145045.1	3	ENST00000409852.2,ENST00000968048.2,ENST00001145045.1	2	multiple_isoforms_differential_probe_coverage
NPR1	5	31	5	0	29	ENST00000368680.4,ENST00000908786.1,ENST00000908787.2,ENST00000908788.2,ENST00000908789.2,ENST00000908790.2,ENST00000932961.2,ENST00000955924.2,ENST00000955925.2,ENST00000955926.2,ENST00000955927.2,ENST00000955928.2,ENST00000955929.2,ENST00000955930.2,ENST00000955931.2,ENST00000973717.1,ENST00001056530.1,ENST00001056532.1,ENST00001056533.1,ENST00001056535.1,ENST00001056536.1,ENST00001056538.1,ENST00001056539.1,ENST00001070377.1,ENST00001111140.1,ENST00001113201.1,ENST00001119559.1,ENST00001122237.1,ENST00001145033.1	28	ENST00000368680.4,ENST00000908786.1,ENST00000908787.2,ENST00000908788.2,ENST00000908789.2,ENST00000908790.2,ENST00000932961.2,ENST00000955924.2,ENST00000955925.2,ENST00000955927.2,ENST00000955928.2,ENST00000955929.2,ENST00000955930.2,ENST00000955931.2,ENST00000973717.1,ENST00001056530.1,ENST00001056532.1,ENST00001056533.1,ENST00001056535.1,ENST00001056536.1,ENST00001056538.1,ENST00001056539.1,ENST00001070377.1,ENST00001111140.1,ENST00001113201.1,ENST00001119559.1,ENST00001122237.1,ENST00001145033.1	2	multiple_isoforms_differential_probe_coverage
NPR2	5	36	5	0	36	ENST00000342694.7,ENST00000421267.6,ENST00000448821.6,ENST00000464810.5,ENST00000469249.1,ENST00000685871.2,ENST00000686159.1,ENST00000686486.1,ENST00000687302.1,ENST00000687357.1,ENST00000687625.1,ENST00000687787.1,ENST00000688201.1,ENST00000688226.1,ENST00000688869.1,ENST00000689788.1,ENST00000689898.1,ENST00000690070.1,ENST00000690267.1,ENST00000690552.1,ENST00000691138.1,ENST00000691969.1,ENST00000692232.1,ENST00000692233.1,ENST00000692380.1,ENST00000692447.1,ENST00000693094.1,ENST00000893533.2,ENST00000893534.2,ENST00000893535.2,ENST00000893536.2,ENST00000914728.2,ENST00000964862.2,ENST00000964863.2,ENST00000964864.2,ENST00001140160.1	34	ENST00000342694.7,ENST00000448821.6,ENST00000464810.5,ENST00000685871.2,ENST00000686159.1,ENST00000686486.1,ENST00000687302.1,ENST00000687357.1,ENST00000687625.1,ENST00000687787.1,ENST00000688201.1,ENST00000688226.1,ENST00000688869.1,ENST00000689788.1,ENST00000689898.1,ENST00000690070.1,ENST00000690267.1,ENST00000690552.1,ENST00000691138.1,ENST00000691969.1,ENST00000692232.1,ENST00000692233.1,ENST00000692380.1,ENST00000692447.1,ENST00000693094.1,ENST00000893533.2,ENST00000893534.2,ENST00000893535.2,ENST00000893536.2,ENST00000914728.2,ENST00000964862.2,ENST00000964863.2,ENST00000964864.2,ENST00001140160.1	3	multiple_isoforms_differential_probe_coverage
NPR3	5	14	5	0	11	ENST00000265074.13,ENST00000326958.6,ENST00000415167.3,ENST00000434067.7,ENST00000506712.1,ENST00000509104.5,ENST00000896209.2,ENST00000966542.2,ENST00001105939.1,ENST00001105940.1,ENST00001138049.1	6	ENST00000265074.13,ENST00000326958.6,ENST00000415167.3,ENST00000434067.7,ENST00000896209.2,ENST00001138049.1	5	multiple_isoforms_differential_probe_coverage
NR1H2	5	55	5	0	51	ENST00000253727.10,ENST00000411902.7,ENST00000593532.5,ENST00000593926.6,ENST00000597085.1,ENST00000597130.5,ENST00000597157.1,ENST00000598168.6,ENST00000599105.6,ENST00000652203.1,ENST00000852420.1,ENST00000852421.2,ENST00000852422.2,ENST00000852423.2,ENST00000852424.2,ENST00000852425.1,ENST00000939061.2,ENST00000939062.1,ENST00000939063.1,ENST00000939064.1,ENST00000939065.2,ENST00000939066.1,ENST00000939067.2,ENST00000939068.2,ENST00000939069.2,ENST00000939070.2,ENST00000939071.1,ENST00000939072.1,ENST00000939073.1,ENST00000967767.1,ENST00000967768.1,ENST00000967769.1,ENST00000967770.2,ENST00000967771.2,ENST00000967772.2,ENST00000967773.2,ENST00000967774.2,ENST00000967775.2,ENST00000993920.1,ENST00000993921.1,ENST00000993922.1,ENST00001037657.1,ENST00001037659.1,ENST00001037660.1,ENST00001037662.1,ENST00001037663.1,ENST00001037664.1,ENST00001037665.1,ENST00001088537.1,ENST00001129338.1,ENST00001135325.1	42	ENST00000253727.10,ENST00000411902.7,ENST00000593926.6,ENST00000598168.6,ENST00000652203.1,ENST00000852420.1,ENST00000852421.2,ENST00000852422.2,ENST00000852424.2,ENST00000852425.1,ENST00000939061.2,ENST00000939062.1,ENST00000939063.1,ENST00000939064.1,ENST00000939065.2,ENST00000939066.1,ENST00000939067.2,ENST00000939068.2,ENST00000939069.2,ENST00000939070.2,ENST00000939071.1,ENST00000939072.1,ENST00000939073.1,ENST00000967767.1,ENST00000967768.1,ENST00000967769.1,ENST00000967770.2,ENST00000967771.2,ENST00000967772.2,ENST00000967775.2,ENST00000993920.1,ENST00000993921.1,ENST00000993922.1,ENST00001037657.1,ENST00001037659.1,ENST00001037660.1,ENST00001037662.1,ENST00001037663.1,ENST00001037664.1,ENST00001037665.1,ENST00001088537.1,ENST00001135325.1	5	multiple_isoforms_differential_probe_coverage
NR1H3	5	100	5	0	98	ENST00000395397.8,ENST00000405576.6,ENST00000405853.8,ENST00000407404.6,ENST00000412937.5,ENST00000420369.5,ENST00000436029.5,ENST00000436778.5,ENST00000437276.1,ENST00000441012.7,ENST00000444396.5,ENST00000449369.5,ENST00000457932.5,ENST00000461778.5,ENST00000462051.5,ENST00000467728.6,ENST00000473222.1,ENST00000476086.6,ENST00000481020.5,ENST00000481889.7,ENST00000483882.1,ENST00000487913.5,ENST00000494018.1,ENST00000495866.5,ENST00000498548.1,ENST00000525441.5,ENST00000527464.5,ENST00000527949.2,ENST00000529540.5,ENST00000530310.1,ENST00000531660.5,ENST00000532630.1,ENST00000616973.5,ENST00000896726.2,ENST00000896727.2,ENST00000896728.2,ENST00000896729.2,ENST00000896730.2,ENST00000896731.2,ENST00000896732.2,ENST00000896733.2,ENST00000896734.2,ENST00000896735.2,ENST00000896736.2,ENST00000896737.2,ENST00000896738.2,ENST00000896739.2,ENST00000896740.2,ENST00000896741.2,ENST00000896742.2,ENST00000896743.2,ENST00000896744.2,ENST00000896745.2,ENST00000896746.2,ENST00000896747.2,ENST00000896748.2,ENST00000896749.2,ENST00000896750.2,ENST00000896751.2,ENST00000896752.2,ENST00000896753.2,ENST00000896754.2,ENST00000896757.2,ENST00000896759.2,ENST00000932404.2,ENST00000932405.2,ENST00000932406.2,ENST00000932407.2,ENST00000965455.2,ENST00000965456.2,ENST00000965457.2,ENST00000965458.2,ENST00000965459.2,ENST00000965460.2,ENST00000965461.2,ENST00000965462.2,ENST00000977416.1,ENST00000977417.1,ENST00000977419.1,ENST00000977420.1,ENST00000977421.1,ENST00000977422.1,ENST00000977423.1,ENST00000977424.1,ENST00000977425.1,ENST00000977426.1,ENST00000977427.1,ENST00000977428.1,ENST00000977429.1,ENST00000977430.1,ENST00000977431.1,ENST00000977432.1,ENST00000977433.1,ENST00001041616.1,ENST00001041617.1,ENST00001041618.1,ENST00001092852.1,ENST00001143169.1	70	ENST00000395397.8,ENST00000405576.6,ENST00000405853.8,ENST00000407404.6,ENST00000441012.7,ENST00000467728.6,ENST00000481020.5,ENST00000481889.7,ENST00000529540.5,ENST00000616973.5,ENST00000896726.2,ENST00000896727.2,ENST00000896728.2,ENST00000896729.2,ENST00000896730.2,ENST00000896731.2,ENST00000896732.2,ENST00000896733.2,ENST00000896734.2,ENST00000896735.2,ENST00000896736.2,ENST00000896737.2,ENST00000896738.2,ENST00000896739.2,ENST00000896740.2,ENST00000896741.2,ENST00000896742.2,ENST00000896743.2,ENST00000896744.2,ENST00000896745.2,ENST00000896746.2,ENST00000896749.2,ENST00000896750.2,ENST00000896751.2,ENST00000896752.2,ENST00000896753.2,ENST00000896754.2,ENST00000896757.2,ENST00000932404.2,ENST00000932405.2,ENST00000932406.2,ENST00000932407.2,ENST00000965455.2,ENST00000965456.2,ENST00000965457.2,ENST00000965458.2,ENST00000965459.2,ENST00000965460.2,ENST00000965461.2,ENST00000965462.2,ENST00000977416.1,ENST00000977417.1,ENST00000977419.1,ENST00000977420.1,ENST00000977421.1,ENST00000977422.1,ENST00000977423.1,ENST00000977424.1,ENST00000977425.1,ENST00000977426.1,ENST00000977427.1,ENST00000977428.1,ENST00000977429.1,ENST00000977431.1,ENST00000977432.1,ENST00000977433.1,ENST00001041617.1,ENST00001041618.1,ENST00001092852.1,ENST00001143169.1	4	multiple_isoforms_differential_probe_coverage
NR1H4	5	49	5	0	41	ENST00000188403.8,ENST00000321046.9,ENST00000392986.8,ENST00000548884.6,ENST00000549996.6,ENST00000551379.5,ENST00000648861.2,ENST00000909398.2,ENST00000909399.2,ENST00000909400.2,ENST00000909401.2,ENST00000909402.2,ENST00000909403.2,ENST00000909404.2,ENST00000909405.2,ENST00000909406.2,ENST00000909407.2,ENST00000909408.2,ENST00000909409.2,ENST00000909410.2,ENST00001008690.1,ENST00001008691.1,ENST00001008692.1,ENST00001008693.1,ENST00001008694.1,ENST00001008695.1,ENST00001008696.1,ENST00001008697.1,ENST00001008698.1,ENST00001008699.1,ENST00001008700.1,ENST00001008701.1,ENST00001008702.1,ENST00001008704.1,ENST00001008705.1,ENST00001008706.1,ENST00001119863.1,ENST00001119864.1,ENST00001119865.1,ENST00001119866.1,ENST00001133822.1	36	ENST00000188403.8,ENST00000321046.9,ENST00000392986.8,ENST00000548884.6,ENST00000549996.6,ENST00000551379.5,ENST00000648861.2,ENST00000909398.2,ENST00000909399.2,ENST00000909400.2,ENST00000909402.2,ENST00000909403.2,ENST00000909404.2,ENST00000909407.2,ENST00000909410.2,ENST00001008690.1,ENST00001008691.1,ENST00001008692.1,ENST00001008693.1,ENST00001008694.1,ENST00001008695.1,ENST00001008696.1,ENST00001008697.1,ENST00001008698.1,ENST00001008699.1,ENST00001008700.1,ENST00001008701.1,ENST00001008702.1,ENST00001008704.1,ENST00001008705.1,ENST00001008706.1,ENST00001119863.1,ENST00001119864.1,ENST00001119865.1,ENST00001119866.1,ENST00001133822.1	2	multiple_isoforms_differential_probe_coverage
NR3C1	5	32	5	0	24	ENST00000231509.8,ENST00000343796.6,ENST00000394464.7,ENST00000394466.7,ENST00000415690.7,ENST00000424646.6,ENST00000503201.2,ENST00000504336.1,ENST00000504572.6,ENST00000652686.1,ENST00000870492.2,ENST00000870493.1,ENST00000870494.1,ENST00000870495.1,ENST00000870496.1,ENST00000870497.2,ENST00000870498.2,ENST00000870499.1,ENST00000935689.1,ENST00000935690.2,ENST00000971221.1,ENST00000971222.2,ENST00000971223.2,ENST00000982115.1	18	ENST00000231509.8,ENST00000343796.6,ENST00000394464.7,ENST00000394466.7,ENST00000415690.7,ENST00000424646.6,ENST00000503201.2,ENST00000504572.6,ENST00000870492.2,ENST00000870493.1,ENST00000870494.1,ENST00000870495.1,ENST00000870496.1,ENST00000870497.2,ENST00000870499.1,ENST00000935689.1,ENST00000935690.2,ENST00000971221.1	4	multiple_isoforms_differential_probe_coverage
NRG1	5	36	5	0	32	ENST00000287842.8,ENST00000356819.8,ENST00000405005.8,ENST00000518084.5,ENST00000518206.5,ENST00000519240.5,ENST00000519301.7,ENST00000520407.5,ENST00000520502.7,ENST00000521670.5,ENST00000522402.6,ENST00000522569.1,ENST00000523079.5,ENST00000523534.5,ENST00000631040.2,ENST00000650819.1,ENST00000650856.1,ENST00000650866.1,ENST00000650919.1,ENST00000650964.1,ENST00000650967.1,ENST00000650980.1,ENST00000651149.1,ENST00000651175.1,ENST00000651333.2,ENST00000651335.1,ENST00000651696.1,ENST00000651807.1,ENST00000652588.1,ENST00000652592.2,ENST00000652698.1,ENST00000943676.2	6	ENST00000287842.8,ENST00000356819.8,ENST00000405005.8,ENST00000519301.7,ENST00000652698.1,ENST00000943676.2	4	multiple_isoforms_differential_probe_coverage
NRG4	5	25	5	0	22	ENST00000394907.8,ENST00000461391.5,ENST00000472094.5,ENST00000498750.5,ENST00000562114.5,ENST00000563204.5,ENST00000563910.5,ENST00000565661.5,ENST00000566417.5,ENST00000567126.5,ENST00000567467.5,ENST00000567936.5,ENST00000568073.5,ENST00000855803.2,ENST00000991734.1,ENST00000991735.1,ENST00000991736.1,ENST00000991737.1,ENST00000991738.1,ENST00000991740.1,ENST00001022856.1,ENST00001022857.1	5	ENST00000394907.8,ENST00000461391.5,ENST00000472094.5,ENST00000855803.2,ENST00000991736.1	5	multiple_isoforms_differential_probe_coverage
NRIP3	5	8	5	0	6	ENST00000309166.8,ENST00000525100.1,ENST00000531090.5,ENST00000696747.1,ENST00000696748.1,ENST00001092430.1	3	ENST00000309166.8,ENST00000696747.1,ENST00000696748.1	3	multiple_isoforms_differential_probe_coverage
NRXN1	5	66	5	0	23	ENST00000342183.10,ENST00000378262.8,ENST00000401669.7,ENST00000401710.6,ENST00000404971.6,ENST00000405472.8,ENST00000406316.7,ENST00000412315.6,ENST00000484192.3,ENST00000625672.3,ENST00000628364.3,ENST00000630543.2,ENST00000630656.2,ENST00000634412.1,ENST00000634431.1,ENST00000634764.1,ENST00000635164.1,ENST00000635264.1,ENST00000635519.1,ENST00000636345.2,ENST00000637889.1,ENST00000637906.1,ENST00001143361.1	9	ENST00000342183.10,ENST00000401669.7,ENST00000401710.6,ENST00000404971.6,ENST00000405472.8,ENST00000406316.7,ENST00000625672.3,ENST00000628364.3,ENST00001143361.1	5	multiple_isoforms_differential_probe_coverage
NRXN3	5	19	5	0	14	ENST00000281127.11,ENST00000335750.7,ENST00000428277.7,ENST00000553803.5,ENST00000554719.6,ENST00000554738.5,ENST00000555073.5,ENST00000555387.1,ENST00000556003.1,ENST00000557594.6,ENST00000634499.2,ENST00000635466.2,ENST00000676811.1,ENST00000679122.2	11	ENST00000281127.11,ENST00000335750.7,ENST00000428277.7,ENST00000554719.6,ENST00000554738.5,ENST00000555387.1,ENST00000557594.6,ENST00000634499.2,ENST00000635466.2,ENST00000676811.1,ENST00000679122.2	3	multiple_isoforms_differential_probe_coverage
NTRK2	5	64	5	0	57	ENST00000277120.8,ENST00000304053.12,ENST00000323115.12,ENST00000359847.5,ENST00000376208.7,ENST00000376213.7,ENST00000395882.7,ENST00000685095.1,ENST00000685209.1,ENST00000685387.2,ENST00000685425.1,ENST00000685463.1,ENST00000685720.2,ENST00000686259.2,ENST00000686322.1,ENST00000686324.2,ENST00000686332.1,ENST00000686443.2,ENST00000686496.2,ENST00000686542.1,ENST00000687148.2,ENST00000687386.2,ENST00000687596.1,ENST00000687636.2,ENST00000688013.1,ENST00000688041.1,ENST00000688333.1,ENST00000688850.1,ENST00000689301.1,ENST00000689651.1,ENST00000689685.2,ENST00000689815.2,ENST00000690163.1,ENST00000690281.2,ENST00000690882.1,ENST00000691415.2,ENST00000691567.1,ENST00000691710.1,ENST00000691788.2,ENST00000692181.1,ENST00000692389.2,ENST00000692473.1,ENST00000692506.2,ENST00000692654.1,ENST00000692762.2,ENST00000692804.1,ENST00000693109.2,ENST00000693127.2,ENST00000693313.1,ENST00000693384.2,ENST00000693539.1,ENST00000884757.2,ENST00000884758.2,ENST00001004852.1,ENST00001004853.1,ENST00001017875.1,ENST00001017876.1	52	ENST00000277120.8,ENST00000304053.12,ENST00000323115.12,ENST00000359847.5,ENST00000376208.7,ENST00000376213.7,ENST00000395882.7,ENST00000685095.1,ENST00000685209.1,ENST00000685387.2,ENST00000685425.1,ENST00000685463.1,ENST00000685720.2,ENST00000686259.2,ENST00000686322.1,ENST00000686324.2,ENST00000686332.1,ENST00000686443.2,ENST00000686496.2,ENST00000686542.1,ENST00000687148.2,ENST00000687386.2,ENST00000687596.1,ENST00000687636.2,ENST00000688013.1,ENST00000688041.1,ENST00000688333.1,ENST00000689301.1,ENST00000689651.1,ENST00000689685.2,ENST00000689815.2,ENST00000690163.1,ENST00000690281.2,ENST00000690882.1,ENST00000691415.2,ENST00000691567.1,ENST00000691788.2,ENST00000692181.1,ENST00000692389.2,ENST00000692473.1,ENST00000692506.2,ENST00000692654.1,ENST00000692762.2,ENST00000693109.2,ENST00000693384.2,ENST00000693539.1,ENST00000884757.2,ENST00000884758.2,ENST00001004852.1,ENST00001004853.1,ENST00001017875.1,ENST00001017876.1	4	multiple_isoforms_differential_probe_coverage
OAS1	5	51	5	0	51	ENST00000202917.10,ENST00000445409.8,ENST00000452357.7,ENST00000540589.4,ENST00000549820.2,ENST00000550689.3,ENST00000550883.3,ENST00000551241.7,ENST00000552526.3,ENST00000553152.3,ENST00000553185.3,ENST00000675868.3,ENST00000679413.1,ENST00000679467.2,ENST00000679494.2,ENST00000679767.1,ENST00000679841.2,ENST00000679971.2,ENST00000679987.2,ENST00000680189.1,ENST00000680455.2,ENST00000680522.1,ENST00000680659.2,ENST00000680919.1,ENST00000680934.2,ENST00000681194.1,ENST00000681228.2,ENST00000681436.1,ENST00000681466.1,ENST00000681505.1,ENST00000681700.2,ENST00000681831.1,ENST00000681934.1,ENST00000983270.1,ENST00000983271.1,ENST00000983272.1,ENST00000983273.1,ENST00000983274.1,ENST00000983275.1,ENST00000983276.1,ENST00000983277.1,ENST00000983278.1,ENST00000983279.1,ENST00000983280.1,ENST00000983281.1,ENST00001051331.1,ENST00001092212.1,ENST00001092213.1,ENST00001121601.1,ENST00001121602.1,ENST00001142378.1	35	ENST00000202917.10,ENST00000445409.8,ENST00000452357.7,ENST00000540589.4,ENST00000549820.2,ENST00000550689.3,ENST00000550883.3,ENST00000551241.7,ENST00000552526.3,ENST00000553152.3,ENST00000675868.3,ENST00000679467.2,ENST00000679494.2,ENST00000679841.2,ENST00000679987.2,ENST00000680189.1,ENST00000680659.2,ENST00000680934.2,ENST00000681228.2,ENST00000681505.1,ENST00000681700.2,ENST00000681831.1,ENST00000983270.1,ENST00000983271.1,ENST00000983272.1,ENST00000983274.1,ENST00000983275.1,ENST00000983277.1,ENST00000983278.1,ENST00000983280.1,ENST00001051331.1,ENST00001092213.1,ENST00001121601.1,ENST00001121602.1,ENST00001142378.1	4	multiple_isoforms_differential_probe_coverage
OAS2	5	17	5	0	16	ENST00000342315.9,ENST00000392583.7,ENST00000449768.3,ENST00000551603.2,ENST00000552756.6,ENST00000620097.2,ENST00000679877.1,ENST00000680122.2,ENST00000680138.1,ENST00000680514.1,ENST00000680666.1,ENST00000680685.2,ENST00000680898.1,ENST00000681673.1,ENST00000973371.1,ENST00001138827.1	2	ENST00000449768.3,ENST00000680685.2	4	multiple_isoforms_differential_probe_coverage
OAS3	5	40	5	0	36	ENST00000228928.12,ENST00000546638.2,ENST00000548514.3,ENST00000549918.2,ENST00000679354.2,ENST00000679483.2,ENST00000679493.2,ENST00000679505.1,ENST00000679517.1,ENST00000679547.1,ENST00000679562.1,ENST00000679812.1,ENST00000679912.1,ENST00000680044.2,ENST00000680090.1,ENST00000680153.1,ENST00000680161.2,ENST00000680177.1,ENST00000680230.1,ENST00000680293.1,ENST00000680438.2,ENST00000680966.2,ENST00000681002.1,ENST00000681007.1,ENST00000681105.1,ENST00000681134.1,ENST00000681346.1,ENST00000681497.2,ENST00000681527.1,ENST00000681572.1,ENST00000681594.1,ENST00000681665.1,ENST00000681764.1,ENST00000877677.2,ENST00001028799.1,ENST00001143177.1	20	ENST00000228928.12,ENST00000679354.2,ENST00000679483.2,ENST00000679493.2,ENST00000679505.1,ENST00000679547.1,ENST00000679562.1,ENST00000679812.1,ENST00000679912.1,ENST00000680044.2,ENST00000680090.1,ENST00000680177.1,ENST00000680293.1,ENST00000681002.1,ENST00000681134.1,ENST00000681346.1,ENST00000681497.2,ENST00000681764.1,ENST00000877677.2,ENST00001143177.1	4	multiple_isoforms_differential_probe_coverage
OASL	5	12	5	0	12	ENST00000257570.10,ENST00000339275.11,ENST00000543677.3,ENST00000620239.7,ENST00000679358.1,ENST00000679655.2,ENST00000680485.1,ENST00000680620.2,ENST00000680750.1,ENST00000681005.1,ENST00000681590.1,ENST00001121162.1	3	ENST00000257570.10,ENST00000339275.11,ENST00000679655.2	5	multiple_isoforms_differential_probe_coverage
OLFM4	5	2	5	0	2	ENST00000219022.3,ENST00001131483.1	2	ENST00000219022.3,ENST00001131483.1	1	multiple_isoforms_same_probe_coverage
OLR1	5	15	5	0	14	ENST00000309539.8,ENST00000339968.6,ENST00000432556.7,ENST00000538745.5,ENST00000538873.1,ENST00000539518.5,ENST00000543414.1,ENST00000543993.6,ENST00000544577.6,ENST00000545927.6,ENST00000896632.2,ENST00001001029.1,ENST00001034717.1,ENST00001138011.1	7	ENST00000309539.8,ENST00000432556.7,ENST00000545927.6,ENST00000896632.2,ENST00001001029.1,ENST00001034717.1,ENST00001138011.1	4	multiple_isoforms_differential_probe_coverage
OSM	5	4	5	0	4	ENST00000215781.3,ENST00000403389.2,ENST00000403463.2,ENST00001135364.1	3	ENST00000215781.3,ENST00000403389.2,ENST00001135364.1	2	multiple_isoforms_differential_probe_coverage
OSMR	5	20	5	0	17	ENST00000274276.8,ENST00000502536.6,ENST00000880313.2,ENST00000880314.2,ENST00000880315.2,ENST00000959611.2,ENST00000985271.1,ENST00000985272.1,ENST00001018524.1,ENST00001018525.1,ENST00001018526.1,ENST00001018527.1,ENST00001018528.1,ENST00001018529.1,ENST00001018530.1,ENST00001127469.1,ENST00001134498.1	17	ENST00000274276.8,ENST00000502536.6,ENST00000880313.2,ENST00000880314.2,ENST00000880315.2,ENST00000959611.2,ENST00000985271.1,ENST00000985272.1,ENST00001018524.1,ENST00001018525.1,ENST00001018526.1,ENST00001018527.1,ENST00001018528.1,ENST00001018529.1,ENST00001018530.1,ENST00001127469.1,ENST00001134498.1	1	multiple_isoforms_same_probe_coverage
OXER1	5	1	5	0	1	ENST00000378661.4	1	ENST00000378661.4	1	single_isoform
OXGR1	5	8	5	0	8	ENST00000298440.6,ENST00000541038.2,ENST00000541518.6,ENST00000543457.7,ENST00000875258.2,ENST00000875259.2,ENST00000875260.2,ENST00001132355.1	8	ENST00000298440.6,ENST00000541038.2,ENST00000541518.6,ENST00000543457.7,ENST00000875258.2,ENST00000875259.2,ENST00000875260.2,ENST00001132355.1	1	multiple_isoforms_same_probe_coverage
P2RX5	5	24	5	0	16	ENST00000225328.10,ENST00000345901.8,ENST00000547178.6,ENST00000549063.1,ENST00000551178.6,ENST00000552050.5,ENST00000552456.1,ENST00000697413.2,ENST00000853234.2,ENST00000971449.1,ENST00000971450.2,ENST00000971451.2,ENST00001052303.1,ENST00001052304.1,ENST00001097180.1,ENST00001142265.1	15	ENST00000225328.10,ENST00000345901.8,ENST00000547178.6,ENST00000549063.1,ENST00000551178.6,ENST00000552456.1,ENST00000697413.2,ENST00000853234.2,ENST00000971449.1,ENST00000971450.2,ENST00000971451.2,ENST00001052303.1,ENST00001052304.1,ENST00001097180.1,ENST00001142265.1	2	multiple_isoforms_differential_probe_coverage
P2RY12	5	6	5	0	6	ENST00000302632.4,ENST00000468596.1,ENST00000955805.2,ENST00000955806.2,ENST00000955807.1,ENST00001139839.1	5	ENST00000302632.4,ENST00000955805.2,ENST00000955806.2,ENST00000955807.1,ENST00001139839.1	2	multiple_isoforms_differential_probe_coverage
PARP1	5	48	5	0	44	ENST00000366790.4,ENST00000366792.3,ENST00000366794.10,ENST00000469663.1,ENST00000490921.5,ENST00000498787.2,ENST00000676565.1,ENST00000676685.1,ENST00000676709.1,ENST00000677091.1,ENST00000677189.1,ENST00000677203.2,ENST00000677374.1,ENST00000677815.1,ENST00000677884.1,ENST00000677985.1,ENST00000678144.1,ENST00000678226.1,ENST00000678288.1,ENST00000678560.1,ENST00000678781.1,ENST00000679276.1,ENST00000874606.2,ENST00000874607.2,ENST00000874608.2,ENST00000874609.2,ENST00000922077.2,ENST00000922078.2,ENST00000922079.2,ENST00000922080.2,ENST00000922081.2,ENST00000963780.2,ENST00000963781.2,ENST00000999869.1,ENST00001017068.1,ENST00001088269.1,ENST00001088270.1,ENST00001088272.1,ENST00001088273.1,ENST00001088274.1,ENST00001100562.1,ENST00001115191.1,ENST00001130529.1,ENST00001142882.1	23	ENST00000366794.10,ENST00000676685.1,ENST00000676709.1,ENST00000677203.2,ENST00000677884.1,ENST00000678144.1,ENST00000678560.1,ENST00000678781.1,ENST00000679276.1,ENST00000874606.2,ENST00000874609.2,ENST00000922077.2,ENST00000922078.2,ENST00000922079.2,ENST00000922080.2,ENST00000963780.2,ENST00001017068.1,ENST00001088269.1,ENST00001088270.1,ENST00001088272.1,ENST00001088273.1,ENST00001088274.1,ENST00001142882.1	5	multiple_isoforms_differential_probe_coverage
PCNA	5	16	5	0	16	ENST00000379143.10,ENST00000379160.4,ENST00000875656.2,ENST00000875657.1,ENST00000875658.1,ENST00000875659.2,ENST00000930445.2,ENST00000968046.2,ENST00000968047.2,ENST00001002227.1,ENST00001002228.1,ENST00001085269.1,ENST00001085270.1,ENST00001085271.1,ENST00001095575.1,ENST00001133698.1	13	ENST00000379143.10,ENST00000379160.4,ENST00000875656.2,ENST00000875657.1,ENST00000875658.1,ENST00000875659.2,ENST00000968046.2,ENST00000968047.2,ENST00001002227.1,ENST00001002228.1,ENST00001085270.1,ENST00001085271.1,ENST00001133698.1	2	multiple_isoforms_differential_probe_coverage
PDCD1	5	11	5	0	11	ENST00000334409.10,ENST00000343705.4,ENST00000418831.1,ENST00000618185.3,ENST00000630230.1,ENST00000630560.1,ENST00000718473.1,ENST00000718474.1,ENST00000890793.2,ENST00000944235.2,ENST00000998203.1	6	ENST00000334409.10,ENST00000618185.3,ENST00000718473.1,ENST00000718474.1,ENST00000890793.2,ENST00000998203.1	3	multiple_isoforms_differential_probe_coverage
PDCD1LG2	5	7	5	0	7	ENST00000397747.5,ENST00000861551.2,ENST00000965244.2,ENST00000965245.2,ENST00001104633.1,ENST00001123619.1,ENST00001135249.1	6	ENST00000397747.5,ENST00000965244.2,ENST00000965245.2,ENST00001104633.1,ENST00001123619.1,ENST00001135249.1	2	multiple_isoforms_differential_probe_coverage
PDGFA	5	11	5	0	11	ENST00000354513.10,ENST00000400761.7,ENST00000402802.8,ENST00000405692.2,ENST00000426681.2,ENST00000482462.1,ENST00000901539.2,ENST00000956097.2,ENST00001003687.1,ENST00001019984.1,ENST00001141402.1	4	ENST00000402802.8,ENST00000901539.2,ENST00001019984.1,ENST00001141402.1	4	multiple_isoforms_differential_probe_coverage
PDGFB	5	9	5	0	9	ENST00000331163.11,ENST00000381551.9,ENST00000440375.1,ENST00000455790.5,ENST00000921091.2,ENST00000921092.2,ENST00000971907.2,ENST00001051459.1,ENST00001051460.1	7	ENST00000331163.11,ENST00000381551.9,ENST00000921091.2,ENST00000921092.2,ENST00000971907.2,ENST00001051459.1,ENST00001051460.1	3	multiple_isoforms_differential_probe_coverage
PDGFC	5	16	5	0	15	ENST00000274071.6,ENST00000422544.2,ENST00000502773.6,ENST00000504672.5,ENST00000506880.5,ENST00000510982.5,ENST00000511985.1,ENST00000512711.1,ENST00000954544.2,ENST00000987961.1,ENST00001036436.1,ENST00001036437.1,ENST00001036438.1,ENST00001036439.1,ENST00001133288.1	10	ENST00000274071.6,ENST00000422544.2,ENST00000502773.6,ENST00000954544.2,ENST00000987961.1,ENST00001036436.1,ENST00001036437.1,ENST00001036438.1,ENST00001036439.1,ENST00001133288.1	4	multiple_isoforms_differential_probe_coverage
PDGFD	5	9	5	0	9	ENST00000302251.10,ENST00000393158.7,ENST00000529268.1,ENST00000956141.2,ENST00000978581.1,ENST00000978582.1,ENST00001032629.1,ENST00001113424.1,ENST00001136224.1	7	ENST00000302251.10,ENST00000393158.7,ENST00000956141.2,ENST00000978581.1,ENST00000978582.1,ENST00001032629.1,ENST00001136224.1	3	multiple_isoforms_differential_probe_coverage
PDGFRA	5	30	5	0	29	ENST00000257290.10,ENST00000503856.5,ENST00000504461.5,ENST00000507536.1,ENST00000508170.6,ENST00000509092.5,ENST00000509490.5,ENST00000512143.1,ENST00000512522.1,ENST00000870889.2,ENST00000870890.2,ENST00000958745.2,ENST00000958746.2,ENST00000958747.2,ENST00000958748.2,ENST00000958749.2,ENST00000958750.2,ENST00000958751.2,ENST00000958752.2,ENST00000958753.2,ENST00000958754.2,ENST00000958755.2,ENST00001110484.1,ENST00001110485.1,ENST00001113065.1,ENST00001113066.1,ENST00001113067.1,ENST00001123502.1,ENST00001137597.1	21	ENST00000257290.10,ENST00000509490.5,ENST00000870889.2,ENST00000870890.2,ENST00000958745.2,ENST00000958746.2,ENST00000958748.2,ENST00000958749.2,ENST00000958750.2,ENST00000958751.2,ENST00000958752.2,ENST00000958753.2,ENST00000958754.2,ENST00000958755.2,ENST00001110484.1,ENST00001110485.1,ENST00001113065.1,ENST00001113066.1,ENST00001113067.1,ENST00001123502.1,ENST00001137597.1	4	multiple_isoforms_differential_probe_coverage
PDGFRB	5	36	5	0	28	ENST00000261799.9,ENST00000517488.1,ENST00000517660.1,ENST00000519575.5,ENST00000520579.5,ENST00000523456.1,ENST00000890715.1,ENST00000890716.1,ENST00000890717.2,ENST00000890718.2,ENST00000890719.2,ENST00000890720.2,ENST00000890721.2,ENST00000890722.2,ENST00000890723.2,ENST00000890724.2,ENST00000890725.1,ENST00000890726.1,ENST00000890727.2,ENST00000951660.2,ENST00000951661.2,ENST00000951662.2,ENST00000951663.2,ENST00000951664.2,ENST00001111350.1,ENST00001111351.1,ENST00001111352.1,ENST00001133371.1	13	ENST00000261799.9,ENST00000520579.5,ENST00000890716.1,ENST00000890717.2,ENST00000890718.2,ENST00000890719.2,ENST00000890720.2,ENST00000890721.2,ENST00000890722.2,ENST00000951661.2,ENST00000951662.2,ENST00000951663.2,ENST00001133371.1	4	multiple_isoforms_differential_probe_coverage
PECAM1	5	54	5	0	53	ENST00000561739.5,ENST00000563523.5,ENST00000563924.6,ENST00000564866.5,ENST00000566422.1,ENST00000566616.1,ENST00000568702.5,ENST00000569530.1,ENST00000569967.1,ENST00000904873.2,ENST00000904874.2,ENST00000904875.2,ENST00000904876.2,ENST00000904877.2,ENST00000904878.2,ENST00000904879.2,ENST00000904880.2,ENST00000904881.2,ENST00000904882.2,ENST00000904883.2,ENST00000904884.2,ENST00000904885.2,ENST00000904886.2,ENST00000904887.2,ENST00000904888.2,ENST00000904889.2,ENST00000904890.2,ENST00000904891.2,ENST00000904892.2,ENST00000951541.2,ENST00000951542.2,ENST00000951543.2,ENST00000951544.2,ENST00000951545.2,ENST00000951546.2,ENST00000951547.2,ENST00000951548.2,ENST00000951549.2,ENST00000951550.2,ENST00000951551.2,ENST00000951552.2,ENST00000951553.2,ENST00000975313.1,ENST00000975314.1,ENST00000975315.1,ENST00001054402.1,ENST00001054405.1,ENST00001054406.1,ENST00001054407.1,ENST00001054408.1,ENST00001108376.1,ENST00001118585.1,ENST00001134497.1	38	ENST00000563924.6,ENST00000904873.2,ENST00000904874.2,ENST00000904875.2,ENST00000904876.2,ENST00000904877.2,ENST00000904878.2,ENST00000904879.2,ENST00000904880.2,ENST00000904881.2,ENST00000904882.2,ENST00000904884.2,ENST00000904885.2,ENST00000904889.2,ENST00000904890.2,ENST00000904891.2,ENST00000904892.2,ENST00000951541.2,ENST00000951542.2,ENST00000951544.2,ENST00000951545.2,ENST00000951546.2,ENST00000951547.2,ENST00000951548.2,ENST00000951549.2,ENST00000951550.2,ENST00000951552.2,ENST00000951553.2,ENST00000975313.1,ENST00000975314.1,ENST00000975315.1,ENST00001054402.1,ENST00001054405.1,ENST00001054406.1,ENST00001054407.1,ENST00001054408.1,ENST00001118585.1,ENST00001134497.1	5	multiple_isoforms_differential_probe_coverage
PF4	5	8	5	0	8	ENST00000296029.4,ENST00000687529.1,ENST00001084744.1,ENST00001097990.1,ENST00001097991.1,ENST00001097992.1,ENST00001097993.1,ENST00001139757.1	5	ENST00000296029.4,ENST00001084744.1,ENST00001097990.1,ENST00001097991.1,ENST00001139757.1	2	multiple_isoforms_differential_probe_coverage
PGF	5	15	5	0	14	ENST00000238607.11,ENST00000405431.2,ENST00000553716.6,ENST00000555234.1,ENST00000555567.6,ENST00000556939.5,ENST00000557748.5,ENST00000863243.2,ENST00000863244.2,ENST00000965660.2,ENST00001049047.1,ENST00001049048.1,ENST00001104276.1,ENST00001132982.1	9	ENST00000238607.11,ENST00000553716.6,ENST00000555567.6,ENST00000863243.2,ENST00000863244.2,ENST00001049047.1,ENST00001049048.1,ENST00001104276.1,ENST00001132982.1	4	multiple_isoforms_differential_probe_coverage
PGR	5	12	5	0	12	ENST00000263463.9,ENST00000325455.10,ENST00000526300.5,ENST00000528960.5,ENST00000530764.1,ENST00000533207.5,ENST00000534013.6,ENST00000534780.5,ENST00000619228.2,ENST00000632634.1,ENST00001112806.1,ENST00001137512.1	3	ENST00000325455.10,ENST00000534013.6,ENST00001137512.1	4	multiple_isoforms_differential_probe_coverage
PHLDA2	5	4	5	0	4	ENST00000314222.5,ENST00000618418.2,ENST00000718435.1,ENST00001139496.1	3	ENST00000314222.5,ENST00000618418.2,ENST00001139496.1	2	multiple_isoforms_differential_probe_coverage
PIGR	5	32	5	0	31	ENST00000356495.5,ENST00000487208.1,ENST00000491503.1,ENST00000860525.1,ENST00000860526.1,ENST00000860527.1,ENST00000860528.2,ENST00000860529.2,ENST00000860531.1,ENST00000860532.2,ENST00000860533.2,ENST00000860535.2,ENST00000860537.2,ENST00000860539.2,ENST00000942162.1,ENST00000942163.2,ENST00000942164.2,ENST00000942165.2,ENST00000942166.2,ENST00000942167.2,ENST00000942168.2,ENST00000942169.2,ENST00000942170.1,ENST00000977734.1,ENST00000977740.1,ENST00001054033.1,ENST00001054034.1,ENST00001054036.1,ENST00001054042.1,ENST00001054045.1,ENST00001141327.1	23	ENST00000356495.5,ENST00000860525.1,ENST00000860526.1,ENST00000860527.1,ENST00000860528.2,ENST00000860531.1,ENST00000860532.2,ENST00000860533.2,ENST00000860535.2,ENST00000860537.2,ENST00000860539.2,ENST00000942162.1,ENST00000942164.2,ENST00000942167.2,ENST00000942169.2,ENST00000942170.1,ENST00000977740.1,ENST00001054033.1,ENST00001054034.1,ENST00001054036.1,ENST00001054042.1,ENST00001054045.1,ENST00001141327.1	4	multiple_isoforms_differential_probe_coverage
PLA2R1	5	18	5	0	16	ENST00000283243.13,ENST00000392771.2,ENST00000890090.2,ENST00000890091.2,ENST00000890092.2,ENST00000890093.2,ENST00000890094.2,ENST00000966629.2,ENST00001001652.1,ENST00001109273.1,ENST00001109274.1,ENST00001116334.1,ENST00001116335.1,ENST00001116336.1,ENST00001116337.1,ENST00001143220.1	11	ENST00000283243.13,ENST00000392771.2,ENST00000890090.2,ENST00000890091.2,ENST00000890092.2,ENST00000890093.2,ENST00000890094.2,ENST00001001652.1,ENST00001109273.1,ENST00001116334.1,ENST00001143220.1	2	multiple_isoforms_differential_probe_coverage
PLAC8	5	30	5	0	28	ENST00000311507.9,ENST00000411416.7,ENST00000426923.3,ENST00000505406.5,ENST00000509973.6,ENST00000718322.1,ENST00000718323.1,ENST00000718328.2,ENST00000718330.1,ENST00000718331.1,ENST00000718332.1,ENST00000718333.1,ENST00000718337.2,ENST00000718338.2,ENST00000718339.2,ENST00000718341.1,ENST00000905227.1,ENST00000905228.1,ENST00000905229.2,ENST00000948818.2,ENST00001096689.1,ENST00001096690.1,ENST00001096691.1,ENST00001096692.1,ENST00001096693.1,ENST00001096694.1,ENST00001096695.1,ENST00001137427.1	5	ENST00000311507.9,ENST00000411416.7,ENST00001096691.1,ENST00001096695.1,ENST00001137427.1	4	multiple_isoforms_differential_probe_coverage
PNOC	5	11	5	0	11	ENST00000301908.8,ENST00000518479.5,ENST00000519592.5,ENST00000522209.1,ENST00000923262.2,ENST00001094098.1,ENST00001094099.1,ENST00001094100.1,ENST00001094101.1,ENST00001094102.1,ENST00001139559.1	4	ENST00000301908.8,ENST00000522209.1,ENST00001094099.1,ENST00001139559.1	4	multiple_isoforms_differential_probe_coverage
POU5F1	5	34	5	0	32	ENST00000259915.13,ENST00000376243.8,ENST00000383524.4,ENST00000412166.6,ENST00000419095.2,ENST00000429314.2,ENST00000429603.2,ENST00000433063.6,ENST00000433348.2,ENST00000434616.2,ENST00000437747.6,ENST00000441888.8,ENST00000451077.6,ENST00000454714.6,ENST00000461401.1,ENST00000463773.1,ENST00000471211.1,ENST00000471529.7,ENST00000472089.1,ENST00000483045.1,ENST00000483880.1,ENST00000489334.1,ENST00000489610.1,ENST00000495227.1,ENST00000496130.1,ENST00000497087.1,ENST00000497367.1,ENST00000498800.1,ENST00000512818.6,ENST00000513407.2,ENST00000606567.7,ENST00001133812.1	19	ENST00000259915.13,ENST00000376243.8,ENST00000383524.4,ENST00000412166.6,ENST00000419095.2,ENST00000429314.2,ENST00000429603.2,ENST00000433063.6,ENST00000433348.2,ENST00000434616.2,ENST00000437747.6,ENST00000441888.8,ENST00000451077.6,ENST00000454714.6,ENST00000471529.7,ENST00000512818.6,ENST00000513407.2,ENST00000606567.7,ENST00001133812.1	2	multiple_isoforms_differential_probe_coverage
PPARA	5	65	5	0	59	ENST00000402126.3,ENST00000407236.6,ENST00000415785.5,ENST00000420804.5,ENST00000493286.1,ENST00000873468.2,ENST00000873469.2,ENST00000873470.2,ENST00000873471.2,ENST00000873472.2,ENST00000873473.2,ENST00000873474.2,ENST00000873475.2,ENST00000873476.2,ENST00000873477.2,ENST00000873478.2,ENST00000873479.2,ENST00000873480.2,ENST00000873481.2,ENST00000873482.2,ENST00000873483.2,ENST00000873484.2,ENST00000873485.2,ENST00000873486.2,ENST00000873487.2,ENST00000873488.2,ENST00000873489.2,ENST00000873490.2,ENST00000873491.2,ENST00000873492.2,ENST00000873493.2,ENST00000873494.2,ENST00000873495.2,ENST00000873496.2,ENST00000873497.2,ENST00000873498.2,ENST00000873499.2,ENST00000873500.2,ENST00000942788.2,ENST00000942789.2,ENST00000942790.2,ENST00000942791.2,ENST00000942792.2,ENST00000942793.2,ENST00000942794.2,ENST00000990053.1,ENST00000990054.1,ENST00000990055.1,ENST00000990056.1,ENST00000990057.1,ENST00001107495.1,ENST00001115017.1,ENST00001115018.1,ENST00001115019.1,ENST00001115020.1,ENST00001118683.1,ENST00001118684.1,ENST00001123899.1,ENST00001132905.1	47	ENST00000402126.3,ENST00000407236.6,ENST00000873468.2,ENST00000873469.2,ENST00000873470.2,ENST00000873471.2,ENST00000873472.2,ENST00000873473.2,ENST00000873474.2,ENST00000873475.2,ENST00000873476.2,ENST00000873477.2,ENST00000873478.2,ENST00000873479.2,ENST00000873480.2,ENST00000873481.2,ENST00000873482.2,ENST00000873483.2,ENST00000873485.2,ENST00000873486.2,ENST00000873487.2,ENST00000873488.2,ENST00000873489.2,ENST00000873490.2,ENST00000873491.2,ENST00000873492.2,ENST00000873493.2,ENST00000873494.2,ENST00000873495.2,ENST00000873496.2,ENST00000873497.2,ENST00000873498.2,ENST00000873499.2,ENST00000873500.2,ENST00000942788.2,ENST00000942789.2,ENST00000942790.2,ENST00000942791.2,ENST00000942793.2,ENST00000942794.2,ENST00000990053.1,ENST00000990054.1,ENST00000990055.1,ENST00000990056.1,ENST00000990057.1,ENST00001115017.1,ENST00001132905.1	4	multiple_isoforms_differential_probe_coverage
PPARD	5	54	5	0	52	ENST00000311565.5,ENST00000337400.6,ENST00000360694.8,ENST00000418635.7,ENST00000448077.7,ENST00000875334.2,ENST00000875335.2,ENST00000875336.2,ENST00000875337.2,ENST00000875338.2,ENST00000875339.2,ENST00000875340.2,ENST00000875341.2,ENST00000875342.2,ENST00000875343.2,ENST00000875344.2,ENST00000875345.2,ENST00000875346.2,ENST00000875347.2,ENST00000875348.2,ENST00000875349.2,ENST00000875350.2,ENST00000875351.2,ENST00000875352.2,ENST00000875353.1,ENST00000875354.2,ENST00000875355.2,ENST00000875356.2,ENST00000917034.2,ENST00000917036.2,ENST00000950088.2,ENST00000950089.2,ENST00000950090.2,ENST00000950091.2,ENST00000950092.2,ENST00000950093.2,ENST00000950094.2,ENST00000950095.2,ENST00000950096.2,ENST00000950097.2,ENST00000950098.2,ENST00001013953.1,ENST00001013954.1,ENST00001013955.1,ENST00001058679.1,ENST00001058680.1,ENST00001058681.1,ENST00001119664.1,ENST00001119665.1,ENST00001119666.1,ENST00001124635.1,ENST00001136978.1	48	ENST00000311565.5,ENST00000337400.6,ENST00000360694.8,ENST00000418635.7,ENST00000448077.7,ENST00000875334.2,ENST00000875335.2,ENST00000875336.2,ENST00000875337.2,ENST00000875338.2,ENST00000875339.2,ENST00000875340.2,ENST00000875341.2,ENST00000875342.2,ENST00000875343.2,ENST00000875344.2,ENST00000875346.2,ENST00000875347.2,ENST00000875348.2,ENST00000875349.2,ENST00000875350.2,ENST00000875351.2,ENST00000875352.2,ENST00000875353.1,ENST00000875354.2,ENST00000875355.2,ENST00000875356.2,ENST00000950088.2,ENST00000950089.2,ENST00000950091.2,ENST00000950092.2,ENST00000950093.2,ENST00000950094.2,ENST00000950095.2,ENST00000950096.2,ENST00000950097.2,ENST00000950098.2,ENST00001013953.1,ENST00001013954.1,ENST00001013955.1,ENST00001058679.1,ENST00001058680.1,ENST00001058681.1,ENST00001119664.1,ENST00001119665.1,ENST00001119666.1,ENST00001124635.1,ENST00001136978.1	3	multiple_isoforms_differential_probe_coverage
PPARG	5	88	5	0	88	ENST00000287820.11,ENST00000309576.11,ENST00000396999.3,ENST00000397000.6,ENST00000397010.7,ENST00000397015.7,ENST00000397023.5,ENST00000397026.7,ENST00000397029.8,ENST00000438682.6,ENST00000455517.6,ENST00000477039.5,ENST00000497594.5,ENST00000643197.2,ENST00000643888.2,ENST00000644622.2,ENST00000651735.1,ENST00000652098.1,ENST00000652431.1,ENST00000652522.1,ENST00000681966.1,ENST00000681982.1,ENST00000682125.1,ENST00000682446.1,ENST00000682494.1,ENST00000682604.1,ENST00000683586.1,ENST00000683599.1,ENST00000683699.2,ENST00000683700.1,ENST00000683749.1,ENST00000684065.1,ENST00000684094.1,ENST00000684277.1,ENST00000892317.1,ENST00000892318.1,ENST00000892319.1,ENST00000892320.1,ENST00000892321.1,ENST00000892322.1,ENST00000892323.1,ENST00000892324.1,ENST00000892325.1,ENST00000892326.1,ENST00000892327.1,ENST00000892328.1,ENST00000892329.1,ENST00000892330.1,ENST00000892331.1,ENST00000942257.1,ENST00000942258.1,ENST00000942259.1,ENST00000942260.1,ENST00000942261.1,ENST00000942262.1,ENST00000942263.1,ENST00000942264.1,ENST00000942265.1,ENST00000942266.1,ENST00000942267.1,ENST00000942268.1,ENST00000942269.1,ENST00000942270.1,ENST00000942271.1,ENST00000942272.1,ENST00000942273.1,ENST00000942274.1,ENST00000942275.1,ENST00000942276.1,ENST00000942277.1,ENST00000942278.1,ENST00000942279.1,ENST00000942280.1,ENST00000942281.1,ENST00000942282.1,ENST00000942283.1,ENST00001002041.1,ENST00001002042.1,ENST00001032049.1,ENST00001032050.1,ENST00001032051.1,ENST00001107112.1,ENST00001116136.1,ENST00001116137.1,ENST00001116138.1,ENST00001116935.1,ENST00001124404.1,ENST00001124405.1	61	ENST00000287820.11,ENST00000309576.11,ENST00000397000.6,ENST00000397010.7,ENST00000397015.7,ENST00000397023.5,ENST00000397026.7,ENST00000643197.2,ENST00000643888.2,ENST00000644622.2,ENST00000651735.1,ENST00000681982.1,ENST00000682446.1,ENST00000682494.1,ENST00000683586.1,ENST00000683699.2,ENST00000892317.1,ENST00000892318.1,ENST00000892319.1,ENST00000892320.1,ENST00000892321.1,ENST00000892322.1,ENST00000892323.1,ENST00000892324.1,ENST00000892325.1,ENST00000892326.1,ENST00000892327.1,ENST00000892328.1,ENST00000892329.1,ENST00000892330.1,ENST00000892331.1,ENST00000942257.1,ENST00000942258.1,ENST00000942259.1,ENST00000942260.1,ENST00000942262.1,ENST00000942263.1,ENST00000942265.1,ENST00000942266.1,ENST00000942267.1,ENST00000942268.1,ENST00000942269.1,ENST00000942270.1,ENST00000942271.1,ENST00000942272.1,ENST00000942273.1,ENST00000942274.1,ENST00000942275.1,ENST00000942276.1,ENST00000942277.1,ENST00000942278.1,ENST00000942279.1,ENST00000942280.1,ENST00000942281.1,ENST00000942282.1,ENST00000942283.1,ENST00001002041.1,ENST00001032049.1,ENST00001032050.1,ENST00001032051.1,ENST00001124404.1	5	multiple_isoforms_differential_probe_coverage
PPBP	5	6	5	0	6	ENST00000296028.4,ENST00000716905.1,ENST00001097966.1,ENST00001097967.1,ENST00001097968.1,ENST00001097969.1	2	ENST00000296028.4,ENST00000716905.1	4	multiple_isoforms_differential_probe_coverage
PRF1	5	8	5	0	7	ENST00000373209.3,ENST00000441259.2,ENST00000638674.2,ENST00000862973.1,ENST00000862974.2,ENST00000945922.1,ENST00001143163.1	6	ENST00000373209.3,ENST00000441259.2,ENST00000862973.1,ENST00000862974.2,ENST00000945922.1,ENST00001143163.1	2	multiple_isoforms_differential_probe_coverage
PROK2	5	3	5	0	3	ENST00000295619.4,ENST00000353065.8,ENST00001144911.1	3	ENST00000295619.4,ENST00000353065.8,ENST00001144911.1	1	multiple_isoforms_same_probe_coverage
PROKR1	5	2	5	0	2	ENST00000303786.5,ENST00001074361.1	2	ENST00000303786.5,ENST00001074361.1	1	multiple_isoforms_same_probe_coverage
PRSS2	5	9	5	0	9	ENST00000539842.6,ENST00000610835.1,ENST00000618750.2,ENST00000632112.1,ENST00000632660.1,ENST00000632869.1,ENST00000632998.1,ENST00000633969.2,ENST00001136148.1	3	ENST00000539842.6,ENST00000633969.2,ENST00001136148.1	3	multiple_isoforms_differential_probe_coverage
PSAP	5	55	5	0	55	ENST00000394936.8,ENST00000493143.1,ENST00000495196.1,ENST00000633965.1,ENST00000870500.2,ENST00000870501.2,ENST00000870502.2,ENST00000870503.2,ENST00000870504.2,ENST00000870505.2,ENST00000870506.2,ENST00000870507.2,ENST00000870508.2,ENST00000870509.2,ENST00000870510.2,ENST00000870511.2,ENST00000870512.2,ENST00000870513.2,ENST00000870514.2,ENST00000870515.2,ENST00000870516.2,ENST00000870517.2,ENST00000870518.2,ENST00000870519.2,ENST00000931476.2,ENST00000931477.2,ENST00000931478.2,ENST00000931479.2,ENST00000931480.2,ENST00000931481.2,ENST00000931482.2,ENST00000931483.2,ENST00000958165.1,ENST00000958166.2,ENST00000958167.2,ENST00000958168.2,ENST00000958169.2,ENST00000958170.2,ENST00000958171.2,ENST00000979766.1,ENST00000979767.1,ENST00000979769.1,ENST00000979770.1,ENST00000979771.1,ENST00000979773.1,ENST00000979775.1,ENST00001025990.1,ENST00001025991.1,ENST00001025993.1,ENST00001025994.1,ENST00001025997.1,ENST00001026000.1,ENST00001069277.1,ENST00001069278.1,ENST00001140798.1	44	ENST00000394936.8,ENST00000870500.2,ENST00000870501.2,ENST00000870502.2,ENST00000870503.2,ENST00000870504.2,ENST00000870505.2,ENST00000870506.2,ENST00000870507.2,ENST00000870508.2,ENST00000870510.2,ENST00000870511.2,ENST00000870512.2,ENST00000870513.2,ENST00000870514.2,ENST00000870517.2,ENST00000870519.2,ENST00000931476.2,ENST00000931477.2,ENST00000931479.2,ENST00000931480.2,ENST00000931481.2,ENST00000958165.1,ENST00000958166.2,ENST00000958167.2,ENST00000958168.2,ENST00000958169.2,ENST00000958170.2,ENST00000979766.1,ENST00000979767.1,ENST00000979769.1,ENST00000979770.1,ENST00000979771.1,ENST00000979773.1,ENST00000979775.1,ENST00001025990.1,ENST00001025991.1,ENST00001025993.1,ENST00001025994.1,ENST00001025997.1,ENST00001026000.1,ENST00001069277.1,ENST00001069278.1,ENST00001140798.1	5	multiple_isoforms_differential_probe_coverage
PSCA	5	8	5	0	8	ENST00000301258.5,ENST00000505305.1,ENST00000510969.1,ENST00000513264.2,ENST00000918921.2,ENST00000966863.2,ENST00001099838.1,ENST00001134585.1	4	ENST00000301258.5,ENST00000918921.2,ENST00000966863.2,ENST00001134585.1	3	multiple_isoforms_differential_probe_coverage
PTGDR2	5	2	5	0	2	ENST00000332539.5,ENST00001140459.1	2	ENST00000332539.5,ENST00001140459.1	1	multiple_isoforms_same_probe_coverage
PTGDS	5	61	5	0	59	ENST00000371623.5,ENST00000371625.8,ENST00000446677.2,ENST00000457950.5,ENST00000460340.1,ENST00000462514.1,ENST00000492068.2,ENST00000640716.1,ENST00000851751.1,ENST00000851752.2,ENST00000851753.1,ENST00000851754.2,ENST00000851755.2,ENST00000851756.2,ENST00000851757.2,ENST00000851758.2,ENST00000851759.2,ENST00000851760.2,ENST00000851761.2,ENST00000851762.2,ENST00000954960.2,ENST00000954961.2,ENST00000954962.2,ENST00000954963.2,ENST00000954964.2,ENST00000978382.1,ENST00000978383.1,ENST00001027202.1,ENST00001027204.1,ENST00001027205.1,ENST00001027206.1,ENST00001027209.1,ENST00001027211.1,ENST00001027212.1,ENST00001027218.1,ENST00001091098.1,ENST00001091099.1,ENST00001091100.1,ENST00001091101.1,ENST00001091102.1,ENST00001091103.1,ENST00001091104.1,ENST00001091105.1,ENST00001091106.1,ENST00001091107.1,ENST00001091108.1,ENST00001091109.1,ENST00001091110.1,ENST00001091111.1,ENST00001091112.1,ENST00001091113.1,ENST00001091114.1,ENST00001091115.1,ENST00001091116.1,ENST00001091117.1,ENST00001091118.1,ENST00001091119.1,ENST00001091120.1,ENST00001136300.1	26	ENST00000371625.8,ENST00000851751.1,ENST00000851752.2,ENST00000851753.1,ENST00000851755.2,ENST00000851756.2,ENST00000851758.2,ENST00000851760.2,ENST00000851761.2,ENST00000851762.2,ENST00000954960.2,ENST00000954962.2,ENST00000954963.2,ENST00000954964.2,ENST00001027205.1,ENST00001027206.1,ENST00001027209.1,ENST00001091102.1,ENST00001091103.1,ENST00001091105.1,ENST00001091106.1,ENST00001091107.1,ENST00001091112.1,ENST00001091114.1,ENST00001091117.1,ENST00001136300.1	5	multiple_isoforms_differential_probe_coverage
PTGES	5	4	5	0	4	ENST00000340607.5,ENST00000481476.1,ENST00001130471.1,ENST00001136918.1	2	ENST00000340607.5,ENST00001136918.1	3	multiple_isoforms_differential_probe_coverage
PTGES2	5	43	5	0	42	ENST00000277462.10,ENST00000338961.11,ENST00000449878.1,ENST00000474124.6,ENST00000476655.6,ENST00000476748.5,ENST00000483625.6,ENST00000485510.5,ENST00000487063.5,ENST00000493205.6,ENST00000496594.5,ENST00000497109.6,ENST00000617202.5,ENST00000676562.1,ENST00000677651.1,ENST00000677691.2,ENST00000677980.1,ENST00000678174.2,ENST00000678916.1,ENST00000679345.1,ENST00000868346.2,ENST00000930204.2,ENST00000930205.2,ENST00000957708.2,ENST00000982316.1,ENST00000982319.1,ENST00000982320.1,ENST00000982321.1,ENST00001025025.1,ENST00001025028.1,ENST00001025030.1,ENST00001025031.1,ENST00001025032.1,ENST00001025033.1,ENST00001025035.1,ENST00001025036.1,ENST00001061224.1,ENST00001061225.1,ENST00001061227.1,ENST00001119069.1,ENST00001127679.1,ENST00001134055.1	27	ENST00000277462.10,ENST00000338961.11,ENST00000476655.6,ENST00000493205.6,ENST00000496594.5,ENST00000617202.5,ENST00000676562.1,ENST00000677651.1,ENST00000677691.2,ENST00000677980.1,ENST00000678916.1,ENST00000679345.1,ENST00000930204.2,ENST00000930205.2,ENST00000957708.2,ENST00000982316.1,ENST00000982320.1,ENST00000982321.1,ENST00001025025.1,ENST00001025028.1,ENST00001025030.1,ENST00001025031.1,ENST00001025032.1,ENST00001025035.1,ENST00001025036.1,ENST00001127679.1,ENST00001134055.1	5	multiple_isoforms_differential_probe_coverage
PTGES3	5	36	5	0	35	ENST00000262033.11,ENST00000414274.8,ENST00000436399.7,ENST00000448157.7,ENST00000456859.3,ENST00000537473.2,ENST00000614328.4,ENST00000878310.2,ENST00000878311.2,ENST00000939417.2,ENST00000939418.2,ENST00000939419.2,ENST00000959250.2,ENST00000989351.1,ENST00000989352.1,ENST00000989353.1,ENST00000989354.1,ENST00001039107.1,ENST00001039108.1,ENST00001039109.1,ENST00001039110.1,ENST00001068442.1,ENST00001068444.1,ENST00001068445.1,ENST00001068449.1,ENST00001068451.1,ENST00001100119.1,ENST00001100120.1,ENST00001100121.1,ENST00001100122.1,ENST00001100123.1,ENST00001100124.1,ENST00001130906.1,ENST00001130907.1,ENST00001141031.1	21	ENST00000262033.11,ENST00000537473.2,ENST00000614328.4,ENST00000878310.2,ENST00000939417.2,ENST00000939418.2,ENST00000959250.2,ENST00000989351.1,ENST00000989352.1,ENST00000989353.1,ENST00001039107.1,ENST00001039108.1,ENST00001039109.1,ENST00001039110.1,ENST00001068442.1,ENST00001068444.1,ENST00001068445.1,ENST00001068449.1,ENST00001068451.1,ENST00001100120.1,ENST00001141031.1	4	multiple_isoforms_differential_probe_coverage
PTGIS	5	10	5	0	10	ENST00000244043.5,ENST00000478971.1,ENST00000918261.2,ENST00001111162.1,ENST00001112972.1,ENST00001112973.1,ENST00001112974.1,ENST00001112975.1,ENST00001112976.1,ENST00001132410.1	4	ENST00000244043.5,ENST00000478971.1,ENST00000918261.2,ENST00001132410.1	3	multiple_isoforms_differential_probe_coverage
PTGS1	5	21	5	0	21	ENST00000223423.9,ENST00000362012.7,ENST00000373698.8,ENST00000426608.6,ENST00000540753.7,ENST00000619306.6,ENST00000643576.1,ENST00000643810.1,ENST00000645132.1,ENST00000647067.1,ENST00000863389.2,ENST00000863390.2,ENST00000863391.2,ENST00000863392.2,ENST00000863393.2,ENST00001001984.1,ENST00001001985.1,ENST00001001986.1,ENST00001035925.1,ENST00001107510.1,ENST00001134935.1	12	ENST00000223423.9,ENST00000362012.7,ENST00000373698.8,ENST00000540753.7,ENST00000619306.6,ENST00000643576.1,ENST00000647067.1,ENST00000863390.2,ENST00000863393.2,ENST00001001984.1,ENST00001001986.1,ENST00001134935.1	5	multiple_isoforms_differential_probe_coverage
PTGS2	5	6	5	0	5	ENST00000367468.10,ENST00000490885.6,ENST00000559627.1,ENST00000680451.1,ENST00000681605.1	5	ENST00000367468.10,ENST00000490885.6,ENST00000559627.1,ENST00000680451.1,ENST00000681605.1	1	multiple_isoforms_same_probe_coverage
PTHLH	5	14	5	0	14	ENST00000201015.8,ENST00000395868.7,ENST00000395872.6,ENST00000534890.1,ENST00000535992.6,ENST00000538310.1,ENST00000539239.6,ENST00000542963.1,ENST00000545234.6,ENST00000851935.2,ENST00000963668.2,ENST00000963669.2,ENST00000963670.2,ENST00001137041.1	3	ENST00000201015.8,ENST00000395868.7,ENST00000535992.6	3	multiple_isoforms_differential_probe_coverage
PTK2	5	149	5	0	119	ENST00000340930.8,ENST00000395218.4,ENST00000430260.7,ENST00000517453.5,ENST00000517712.6,ENST00000517887.6,ENST00000519419.6,ENST00000519465.6,ENST00000519654.5,ENST00000519881.5,ENST00000519993.5,ENST00000520045.5,ENST00000520475.5,ENST00000520828.5,ENST00000520892.5,ENST00000521059.6,ENST00000521332.5,ENST00000521395.5,ENST00000521791.5,ENST00000521907.5,ENST00000522684.5,ENST00000523067.5,ENST00000523675.1,ENST00000523803.5,ENST00000524040.5,ENST00000524202.5,ENST00000524357.5,ENST00000696786.1,ENST00000894110.2,ENST00000894111.2,ENST00000894112.2,ENST00000894113.2,ENST00000894114.2,ENST00000894115.2,ENST00000894116.2,ENST00000894117.2,ENST00000894118.2,ENST00000894119.2,ENST00000934989.2,ENST00000934990.2,ENST00000934991.2,ENST00000943757.2,ENST00000943758.2,ENST00000943759.2,ENST00000943760.2,ENST00000943761.2,ENST00000943762.2,ENST00000943763.2,ENST00000943764.2,ENST00000943765.2,ENST00000983065.1,ENST00000983066.1,ENST00000983067.1,ENST00000983068.1,ENST00000983069.1,ENST00000983070.1,ENST00000983071.1,ENST00000983072.1,ENST00001052143.1,ENST00001052144.1,ENST00001052145.1,ENST00001052146.1,ENST00001052147.1,ENST00001052148.1,ENST00001052149.1,ENST00001052150.1,ENST00001052151.1,ENST00001052152.1,ENST00001052153.1,ENST00001052154.1,ENST00001052155.1,ENST00001052157.1,ENST00001052158.1,ENST00001052159.1,ENST00001052160.1,ENST00001052161.1,ENST00001052162.1,ENST00001052163.1,ENST00001052164.1,ENST00001052165.1,ENST00001052166.1,ENST00001052167.1,ENST00001052168.1,ENST00001052169.1,ENST00001052170.1,ENST00001052171.1,ENST00001052172.1,ENST00001084634.1,ENST00001084635.1,ENST00001084636.1,ENST00001084637.1,ENST00001084638.1,ENST00001084639.1,ENST00001084640.1,ENST00001084641.1,ENST00001084642.1,ENST00001084643.1,ENST00001098282.1,ENST00001098283.1,ENST00001098284.1,ENST00001098285.1,ENST00001098286.1,ENST00001108720.1,ENST00001108721.1,ENST00001108722.1,ENST00001108723.1,ENST00001108724.1,ENST00001108725.1,ENST00001108726.1,ENST00001108727.1,ENST00001108728.1,ENST00001114017.1,ENST00001114018.1,ENST00001114019.1,ENST00001114020.1,ENST00001114021.1,ENST00001114022.1,ENST00001114023.1,ENST00001118924.1	51	ENST00000340930.8,ENST00000395218.4,ENST00000517887.6,ENST00000519419.6,ENST00000521059.6,ENST00000522684.5,ENST00000696786.1,ENST00000894110.2,ENST00000894111.2,ENST00000894112.2,ENST00000894113.2,ENST00000894114.2,ENST00000894115.2,ENST00000894116.2,ENST00000894117.2,ENST00000894118.2,ENST00000894119.2,ENST00000934989.2,ENST00000934990.2,ENST00000934991.2,ENST00000943757.2,ENST00000943758.2,ENST00000943759.2,ENST00000943760.2,ENST00000943761.2,ENST00000943762.2,ENST00000943763.2,ENST00000943764.2,ENST00000943765.2,ENST00000983067.1,ENST00000983070.1,ENST00001052145.1,ENST00001052146.1,ENST00001052147.1,ENST00001052148.1,ENST00001052149.1,ENST00001052150.1,ENST00001052151.1,ENST00001052152.1,ENST00001052153.1,ENST00001052154.1,ENST00001052155.1,ENST00001052159.1,ENST00001052160.1,ENST00001052162.1,ENST00001052164.1,ENST00001052165.1,ENST00001052169.1,ENST00001052171.1,ENST00001084635.1,ENST00001084636.1	4	multiple_isoforms_differential_probe_coverage
PTK6	5	11	5	0	11	ENST00000217185.4,ENST00000542869.3,ENST00000853329.2,ENST00000957005.2,ENST00000957006.2,ENST00000957007.1,ENST00000980262.1,ENST00000980263.1,ENST00001026255.1,ENST00001026256.1,ENST00001113286.1	9	ENST00000217185.4,ENST00000542869.3,ENST00000853329.2,ENST00000957007.1,ENST00000980262.1,ENST00000980263.1,ENST00001026255.1,ENST00001026256.1,ENST00001113286.1	3	multiple_isoforms_differential_probe_coverage
PTPRC	5	47	5	0	40	ENST00000348564.13,ENST00000367364.6,ENST00000367367.8,ENST00000367379.6,ENST00000413409.7,ENST00000418674.1,ENST00000442510.8,ENST00000462363.6,ENST00000491302.2,ENST00000529828.5,ENST00000530727.5,ENST00000570609.5,ENST00000571847.5,ENST00000573298.5,ENST00000573477.5,ENST00000573679.5,ENST00000573971.2,ENST00000574399.5,ENST00000574441.5,ENST00000575923.5,ENST00000576833.5,ENST00000643513.1,ENST00000645247.1,ENST00000646230.1,ENST00000697630.1,ENST00000697631.2,ENST00000697632.2,ENST00000697633.1,ENST00000697634.1,ENST00000697635.1,ENST00000908298.2,ENST00000908299.2,ENST00000970623.1,ENST00000970624.2,ENST00000970625.2,ENST00000970626.2,ENST00000999658.1,ENST00000999659.1,ENST00001126757.1,ENST00001143556.1	7	ENST00000348564.13,ENST00000442510.8,ENST00000697631.2,ENST00000908299.2,ENST00000970625.2,ENST00000970626.2,ENST00001143556.1	5	multiple_isoforms_differential_probe_coverage
PTPRCAP	5	1	5	0	1	ENST00000326294.4	1	ENST00000326294.4	1	single_isoform
PTTG1	5	31	5	0	31	ENST00000352433.10,ENST00000393964.2,ENST00000517480.1,ENST00000519287.1,ENST00000520452.6,ENST00000523659.5,ENST00000524244.5,ENST00000922252.2,ENST00000922253.2,ENST00000922254.2,ENST00000922255.2,ENST00000922256.2,ENST00000922257.2,ENST00000922258.2,ENST00000922259.2,ENST00000922260.2,ENST00000922261.2,ENST00000922262.2,ENST00000922263.2,ENST00000922264.2,ENST00001055694.1,ENST00001066616.1,ENST00001066617.1,ENST00001066626.1,ENST00001066627.1,ENST00001066630.1,ENST00001066631.1,ENST00001102581.1,ENST00001102582.1,ENST00001102583.1,ENST00001139410.1	4	ENST00000393964.2,ENST00000520452.6,ENST00000922263.2,ENST00000922264.2	5	multiple_isoforms_differential_probe_coverage
QRFPR	5	8	5	0	8	ENST00000334383.10,ENST00000394427.3,ENST00000507331.5,ENST00000512235.1,ENST00000970622.2,ENST00001116200.1,ENST00001130429.1,ENST00001133274.1	7	ENST00000334383.10,ENST00000394427.3,ENST00000507331.5,ENST00000970622.2,ENST00001116200.1,ENST00001130429.1,ENST00001133274.1	2	multiple_isoforms_differential_probe_coverage
RAC1	5	23	5	0	23	ENST00000348035.9,ENST00000356142.5,ENST00000473564.1,ENST00000488373.5,ENST00000495499.1,ENST00000497741.5,ENST00000696666.1,ENST00000704002.2,ENST00000704003.1,ENST00000887274.2,ENST00000887275.2,ENST00000887276.2,ENST00000887277.2,ENST00000887278.2,ENST00000925119.2,ENST00000966157.2,ENST00000966158.2,ENST00000997601.1,ENST00001036430.1,ENST00001036431.1,ENST00001118667.1,ENST00001129065.1,ENST00001139469.1	9	ENST00000348035.9,ENST00000356142.5,ENST00000704002.2,ENST00000925119.2,ENST00000966157.2,ENST00000966158.2,ENST00000997601.1,ENST00001036431.1,ENST00001139469.1	5	multiple_isoforms_differential_probe_coverage
RAC2	5	18	5	0	17	ENST00000249071.11,ENST00000401529.4,ENST00000405484.5,ENST00000406508.5,ENST00000441619.5,ENST00000469532.1,ENST00000699915.1,ENST00000870381.2,ENST00000870382.2,ENST00000870383.2,ENST00000993084.1,ENST00000993085.1,ENST00000993086.1,ENST00000993087.1,ENST00001090987.1,ENST00001112300.1,ENST00001131965.1	6	ENST00000249071.11,ENST00000870381.2,ENST00000870383.2,ENST00000993087.1,ENST00001090987.1,ENST00001131965.1	4	multiple_isoforms_differential_probe_coverage
RAD51	5	25	5	0	24	ENST00000267868.8,ENST00000382643.8,ENST00000423169.7,ENST00000525066.5,ENST00000526763.6,ENST00000527860.5,ENST00000531277.2,ENST00000532743.7,ENST00000557850.6,ENST00000645673.3,ENST00000894385.2,ENST00000894386.2,ENST00000912735.1,ENST00000912736.2,ENST00000912737.2,ENST00000912738.2,ENST00000948778.2,ENST00001079711.1,ENST00001079712.1,ENST00001079713.1,ENST00001079714.1,ENST00001079715.1,ENST00001079718.1,ENST00001136029.1	14	ENST00000267868.8,ENST00000382643.8,ENST00000423169.7,ENST00000532743.7,ENST00000645673.3,ENST00000894385.2,ENST00000912735.1,ENST00000912736.2,ENST00000912737.2,ENST00000912738.2,ENST00000948778.2,ENST00001079715.1,ENST00001079718.1,ENST00001136029.1	4	multiple_isoforms_differential_probe_coverage
RAMP1	5	22	5	0	21	ENST00000254661.5,ENST00000403885.1,ENST00000404910.6,ENST00000409726.5,ENST00000884470.2,ENST00000884471.2,ENST00000951440.2,ENST00000986269.1,ENST00000986270.1,ENST00001102485.1,ENST00001102486.1,ENST00001102487.1,ENST00001116515.1,ENST00001119114.1,ENST00001119115.1,ENST00001119116.1,ENST00001123790.1,ENST00001129465.1,ENST00001129466.1,ENST00001129467.1,ENST00001143893.1	7	ENST00000254661.5,ENST00000951440.2,ENST00000986269.1,ENST00001102486.1,ENST00001119114.1,ENST00001123790.1,ENST00001143893.1	4	multiple_isoforms_differential_probe_coverage
RAMP2	5	11	5	0	11	ENST00000253796.10,ENST00000587142.6,ENST00000588576.2,ENST00000588928.1,ENST00000589683.5,ENST00000591972.5,ENST00000904024.2,ENST00001007509.1,ENST00001100583.1,ENST00001100584.1,ENST00001143701.1	2	ENST00000253796.10,ENST00001143701.1	5	multiple_isoforms_differential_probe_coverage
RAMP3	5	28	5	0	26	ENST00000242249.8,ENST00000481345.1,ENST00000496212.5,ENST00000880736.2,ENST00000880737.1,ENST00000880738.2,ENST00000982488.1,ENST00000982489.1,ENST00000982490.1,ENST00000982491.1,ENST00000982492.1,ENST00001031509.1,ENST00001031510.1,ENST00001031511.1,ENST00001102463.1,ENST00001102464.1,ENST00001118961.1,ENST00001118962.1,ENST00001118963.1,ENST00001118964.1,ENST00001118965.1,ENST00001118966.1,ENST00001125797.1,ENST00001125798.1,ENST00001125799.1,ENST00001140612.1	13	ENST00000242249.8,ENST00000880737.1,ENST00000880738.2,ENST00000982489.1,ENST00000982490.1,ENST00000982491.1,ENST00000982492.1,ENST00001031510.1,ENST00001031511.1,ENST00001102463.1,ENST00001118965.1,ENST00001118966.1,ENST00001140612.1	4	multiple_isoforms_differential_probe_coverage
RARA	5	29	5	0	22	ENST00000254066.10,ENST00000394081.8,ENST00000394086.8,ENST00000394089.7,ENST00000420042.1,ENST00000425707.8,ENST00000475125.1,ENST00000857081.2,ENST00000857082.2,ENST00000857083.2,ENST00000857084.2,ENST00000857085.2,ENST00000857086.2,ENST00000857087.2,ENST00000857088.2,ENST00000857089.2,ENST00000920590.2,ENST00000920591.2,ENST00000951717.2,ENST00001082709.1,ENST00001082710.1,ENST00001141322.1	18	ENST00000254066.10,ENST00000394081.8,ENST00000394086.8,ENST00000394089.7,ENST00000425707.8,ENST00000857081.2,ENST00000857082.2,ENST00000857084.2,ENST00000857085.2,ENST00000857086.2,ENST00000857087.2,ENST00000857088.2,ENST00000857089.2,ENST00000920591.2,ENST00000951717.2,ENST00001082709.1,ENST00001082710.1,ENST00001141322.1	4	multiple_isoforms_differential_probe_coverage
RARB	5	26	5	0	24	ENST00000330688.9,ENST00000383772.10,ENST00000437042.8,ENST00000455576.2,ENST00000458646.3,ENST00000462272.6,ENST00000479097.6,ENST00000480001.6,ENST00000685523.1,ENST00000686715.2,ENST00000687083.2,ENST00000687353.2,ENST00000687676.2,ENST00000688892.2,ENST00000689700.1,ENST00000690398.1,ENST00000691580.1,ENST00000691912.2,ENST00000692640.1,ENST00000693261.2,ENST00000693580.1,ENST00000908036.1,ENST00000947306.1,ENST00001035092.1	19	ENST00000330688.9,ENST00000383772.10,ENST00000437042.8,ENST00000458646.3,ENST00000462272.6,ENST00000479097.6,ENST00000480001.6,ENST00000685523.1,ENST00000686715.2,ENST00000687353.2,ENST00000687676.2,ENST00000688892.2,ENST00000690398.1,ENST00000691580.1,ENST00000691912.2,ENST00000693261.2,ENST00000908036.1,ENST00000947306.1,ENST00001035092.1	5	multiple_isoforms_differential_probe_coverage
RARG	5	30	5	0	20	ENST00000338561.10,ENST00000394426.6,ENST00000425354.7,ENST00000543726.2,ENST00000543762.5,ENST00000548317.1,ENST00000550265.5,ENST00000551580.1,ENST00000870211.2,ENST00000870212.2,ENST00000870213.2,ENST00000870214.2,ENST00000870215.2,ENST00000870216.2,ENST00000870217.2,ENST00000959620.2,ENST00000959621.2,ENST00000959622.2,ENST00001049832.1,ENST00001139840.1	17	ENST00000338561.10,ENST00000394426.6,ENST00000425354.7,ENST00000543726.2,ENST00000543762.5,ENST00000870211.2,ENST00000870212.2,ENST00000870213.2,ENST00000870214.2,ENST00000870215.2,ENST00000870216.2,ENST00000870217.2,ENST00000959620.2,ENST00000959621.2,ENST00000959622.2,ENST00001049832.1,ENST00001139840.1	3	multiple_isoforms_differential_probe_coverage
RARRES1	5	15	5	0	15	ENST00000237696.10,ENST00000462663.5,ENST00000471444.1,ENST00000479756.2,ENST00000498640.1,ENST00000879325.2,ENST00000950251.2,ENST00000950252.2,ENST00000950253.2,ENST00001014797.1,ENST00001014799.1,ENST00001126546.1,ENST00001126547.1,ENST00001126548.1,ENST00001142522.1	8	ENST00000237696.10,ENST00000879325.2,ENST00000950251.2,ENST00000950252.2,ENST00001014799.1,ENST00001126546.1,ENST00001126547.1,ENST00001142522.1	5	multiple_isoforms_differential_probe_coverage
RARRES2	5	50	5	0	50	ENST00000223271.8,ENST00000466675.5,ENST00000467793.5,ENST00000478771.2,ENST00000482669.1,ENST00000863321.1,ENST00000863322.1,ENST00000863323.1,ENST00000863324.2,ENST00000863325.2,ENST00000863326.2,ENST00000863327.2,ENST00000863328.2,ENST00000863329.1,ENST00000863330.2,ENST00000863331.2,ENST00000863332.2,ENST00000863333.2,ENST00000863334.2,ENST00000863335.2,ENST00000863336.2,ENST00000863337.2,ENST00000863338.2,ENST00000863339.1,ENST00000863340.2,ENST00000863341.2,ENST00000863342.2,ENST00000911588.2,ENST00000911589.2,ENST00000911590.2,ENST00000911591.1,ENST00000911592.2,ENST00000911593.2,ENST00000964558.2,ENST00000964559.1,ENST00000987951.1,ENST00000987952.1,ENST00000987953.1,ENST00000987955.1,ENST00000987958.1,ENST00001051092.1,ENST00001051093.1,ENST00001060404.1,ENST00001060409.1,ENST00001093230.1,ENST00001093231.1,ENST00001093232.1,ENST00001120698.1,ENST00001120699.1,ENST00001139406.1	30	ENST00000223271.8,ENST00000467793.5,ENST00000478771.2,ENST00000863324.2,ENST00000863325.2,ENST00000863326.2,ENST00000863327.2,ENST00000863328.2,ENST00000863331.2,ENST00000863332.2,ENST00000863333.2,ENST00000863336.2,ENST00000863337.2,ENST00000863340.2,ENST00000863341.2,ENST00000863342.2,ENST00000911588.2,ENST00000911590.2,ENST00000911593.2,ENST00000964558.2,ENST00000987951.1,ENST00000987952.1,ENST00000987953.1,ENST00000987955.1,ENST00001051092.1,ENST00001051093.1,ENST00001060404.1,ENST00001060409.1,ENST00001120698.1,ENST00001139406.1	5	multiple_isoforms_differential_probe_coverage
RB1	5	21	5	0	18	ENST00000267163.6,ENST00000467505.6,ENST00000480491.1,ENST00000484879.1,ENST00000531171.5,ENST00000650461.2,ENST00000713856.2,ENST00000713857.2,ENST00000713858.2,ENST00000713859.1,ENST00000859510.2,ENST00000859511.2,ENST00000924352.2,ENST00000941076.2,ENST00001107552.1,ENST00001116119.1,ENST00001116120.1,ENST00001131432.1	10	ENST00000267163.6,ENST00000467505.6,ENST00000650461.2,ENST00000713857.2,ENST00000713858.2,ENST00000859510.2,ENST00000859511.2,ENST00000924352.2,ENST00000941076.2,ENST00001131432.1	5	multiple_isoforms_differential_probe_coverage
RBPJ	5	65	5	0	62	ENST00000342295.7,ENST00000342320.8,ENST00000345843.9,ENST00000348160.10,ENST00000355476.8,ENST00000361572.10,ENST00000504423.3,ENST00000504907.6,ENST00000504938.1,ENST00000505727.1,ENST00000505958.7,ENST00000506903.1,ENST00000506956.5,ENST00000507561.6,ENST00000507574.5,ENST00000509158.7,ENST00000510778.7,ENST00000511401.5,ENST00000511451.5,ENST00000511546.5,ENST00000512351.5,ENST00000512671.7,ENST00000513182.5,ENST00000514380.5,ENST00000514675.5,ENST00000514730.5,ENST00000515023.6,ENST00000515573.5,ENST00000679469.1,ENST00000679698.1,ENST00000680140.2,ENST00000680204.1,ENST00000680210.1,ENST00000680511.1,ENST00000680928.2,ENST00000681025.1,ENST00000681093.2,ENST00000681260.1,ENST00000681264.1,ENST00000681403.1,ENST00000681484.2,ENST00000681506.1,ENST00000681679.1,ENST00000681799.1,ENST00000681856.1,ENST00000689192.1,ENST00000691085.1,ENST00000692303.1,ENST00000892727.2,ENST00000892728.2,ENST00000914588.2,ENST00000914589.2,ENST00000914590.2,ENST00000962333.2,ENST00001008728.1,ENST00001068163.1,ENST00001068164.1,ENST00001068165.1,ENST00001068166.1,ENST00001100478.1,ENST00001130218.1,ENST00001140072.1	40	ENST00000342295.7,ENST00000342320.8,ENST00000345843.9,ENST00000348160.10,ENST00000355476.8,ENST00000361572.10,ENST00000504423.3,ENST00000504907.6,ENST00000505958.7,ENST00000507561.6,ENST00000509158.7,ENST00000512671.7,ENST00000679469.1,ENST00000679698.1,ENST00000680140.2,ENST00000680928.2,ENST00000681025.1,ENST00000681093.2,ENST00000681260.1,ENST00000681264.1,ENST00000681484.2,ENST00000681506.1,ENST00000681679.1,ENST00000681856.1,ENST00000689192.1,ENST00000691085.1,ENST00000692303.1,ENST00000892727.2,ENST00000892728.2,ENST00000914588.2,ENST00000914589.2,ENST00000914590.2,ENST00000962333.2,ENST00001008728.1,ENST00001068163.1,ENST00001068164.1,ENST00001068165.1,ENST00001068166.1,ENST00001100478.1,ENST00001140072.1	5	multiple_isoforms_differential_probe_coverage
REG1A	5	9	5	0	8	ENST00000233735.2,ENST00000485184.1,ENST00000488524.1,ENST00000968102.2,ENST00001063889.1,ENST00001102768.1,ENST00001102769.1,ENST00001145223.1	3	ENST00000233735.2,ENST00001102769.1,ENST00001145223.1	3	multiple_isoforms_differential_probe_coverage
RELA	5	35	5	0	34	ENST00000308639.14,ENST00000406246.8,ENST00000525301.5,ENST00000525658.5,ENST00000525693.6,ENST00000525858.5,ENST00000526257.1,ENST00000526283.6,ENST00000526738.1,ENST00000527074.5,ENST00000527749.5,ENST00000527874.1,ENST00000527909.5,ENST00000529389.5,ENST00000531238.1,ENST00000531484.5,ENST00000532776.5,ENST00000532879.5,ENST00000532999.5,ENST00000533187.5,ENST00000533546.5,ENST00000534283.1,ENST00000534305.1,ENST00000534558.5,ENST00000612991.5,ENST00000878957.2,ENST00000931853.2,ENST00000931854.2,ENST00000959966.2,ENST00000959967.2,ENST00001051139.1,ENST00001051140.1,ENST00001114068.1,ENST00001137492.1	14	ENST00000308639.14,ENST00000406246.8,ENST00000525693.6,ENST00000526283.6,ENST00000531484.5,ENST00000612991.5,ENST00000878957.2,ENST00000931853.2,ENST00000931854.2,ENST00000959966.2,ENST00000959967.2,ENST00001051139.1,ENST00001051140.1,ENST00001137492.1	5	multiple_isoforms_differential_probe_coverage
RELT	5	25	5	0	25	ENST00000064780.7,ENST00000393580.3,ENST00000537771.1,ENST00000539134.1,ENST00000544075.5,ENST00000545687.5,ENST00000545886.1,ENST00000857845.2,ENST00000857846.2,ENST00000857847.2,ENST00000925218.2,ENST00000925219.2,ENST00000940932.2,ENST00000940933.2,ENST00000940934.2,ENST00000940935.2,ENST00000940936.2,ENST00000940937.2,ENST00000940938.2,ENST00001027363.1,ENST00001027364.1,ENST00001089559.1,ENST00001089560.1,ENST00001089561.1,ENST00001139136.1	17	ENST00000064780.7,ENST00000393580.3,ENST00000857845.2,ENST00000857846.2,ENST00000857847.2,ENST00000925219.2,ENST00000940933.2,ENST00000940934.2,ENST00000940935.2,ENST00000940936.2,ENST00000940937.2,ENST00000940938.2,ENST00001027363.1,ENST00001027364.1,ENST00001089560.1,ENST00001089561.1,ENST00001139136.1	5	multiple_isoforms_differential_probe_coverage
RGCC	5	14	5	0	14	ENST00000379359.4,ENST00000487837.1,ENST00000888694.2,ENST00000888695.2,ENST00000888696.2,ENST00000888697.2,ENST00000999647.1,ENST00000999648.1,ENST00000999649.1,ENST00000999650.1,ENST00000999651.1,ENST00001025623.1,ENST00001117944.1,ENST00001131434.1	11	ENST00000379359.4,ENST00000888694.2,ENST00000888695.2,ENST00000888696.2,ENST00000999647.1,ENST00000999648.1,ENST00000999649.1,ENST00000999650.1,ENST00000999651.1,ENST00001025623.1,ENST00001131434.1	3	multiple_isoforms_differential_probe_coverage
RGS1	5	8	5	0	8	ENST00000367459.8,ENST00000462589.1,ENST00000469578.2,ENST00000474373.1,ENST00000498352.1,ENST00000583155.1,ENST00000899878.2,ENST00001145749.1	3	ENST00000367459.8,ENST00000498352.1,ENST00001145749.1	4	multiple_isoforms_differential_probe_coverage
RGS2	5	9	5	0	9	ENST00000235382.7,ENST00000464302.1,ENST00000483295.1,ENST00000487236.1,ENST00001096534.1,ENST00001096535.1,ENST00001096536.1,ENST00001096537.1,ENST00001096538.1	3	ENST00000235382.7,ENST00001096535.1,ENST00001096537.1	3	multiple_isoforms_differential_probe_coverage
RGS5	5	15	5	0	12	ENST00000313961.10,ENST00000367903.8,ENST00000469495.5,ENST00000525894.5,ENST00000527988.1,ENST00000530241.5,ENST00000530507.6,ENST00000531476.1,ENST00000531954.5,ENST00000618415.4,ENST00000950224.1,ENST00001112192.1	4	ENST00000313961.10,ENST00000367903.8,ENST00000530507.6,ENST00000618415.4	3	multiple_isoforms_differential_probe_coverage
RNF43	5	11	5	0	10	ENST00000407977.7,ENST00000577625.6,ENST00000577716.6,ENST00000581868.1,ENST00000582293.1,ENST00000583753.6,ENST00000584437.6,ENST00000876688.2,ENST00000876690.2,ENST00001142334.1	8	ENST00000407977.7,ENST00000577625.6,ENST00000577716.6,ENST00000581868.1,ENST00000584437.6,ENST00000876688.2,ENST00000876690.2,ENST00001142334.1	3	multiple_isoforms_differential_probe_coverage
ROR1	5	4	5	0	4	ENST00000371079.6,ENST00000371080.6,ENST00000482426.1,ENST00001140647.1	3	ENST00000371079.6,ENST00000371080.6,ENST00001140647.1	2	multiple_isoforms_differential_probe_coverage
RORA	5	15	5	0	7	ENST00000261523.10,ENST00000309157.9,ENST00000335670.11,ENST00000449337.7,ENST00000551975.5,ENST00000559587.1,ENST00000560004.5	4	ENST00000261523.10,ENST00000309157.9,ENST00000335670.11,ENST00000449337.7	3	multiple_isoforms_differential_probe_coverage
RPL21	5	41	5	0	41	ENST00000272274.9,ENST00000311549.11,ENST00000319826.8,ENST00000326092.8,ENST00000461690.5,ENST00000466550.1,ENST00000473558.5,ENST00000483765.5,ENST00000485756.1,ENST00000493317.1,ENST00000907071.1,ENST00000907072.1,ENST00000939429.1,ENST00000939430.2,ENST00000939431.1,ENST00000939432.2,ENST00000939433.2,ENST00000939434.2,ENST00000939435.1,ENST00000984462.1,ENST00001025525.1,ENST00001061072.1,ENST00001061074.1,ENST00001061075.1,ENST00001061080.1,ENST00001098057.1,ENST00001098058.1,ENST00001098059.1,ENST00001098060.1,ENST00001098061.1,ENST00001098062.1,ENST00001098063.1,ENST00001098064.1,ENST00001118318.1,ENST00001126158.1,ENST00001126159.1,ENST00001126160.1,ENST00001126161.1,ENST00001126162.1,ENST00001126163.1,ENST00001132315.1	7	ENST00000939429.1,ENST00000939430.2,ENST00001061072.1,ENST00001061074.1,ENST00001098058.1,ENST00001126163.1,ENST00001132315.1	5	multiple_isoforms_differential_probe_coverage
RPL22	5	34	5	0	34	ENST00000234875.9,ENST00000462296.5,ENST00000465335.1,ENST00000465387.5,ENST00000471204.5,ENST00000480661.1,ENST00000497965.5,ENST00000929466.2,ENST00000929467.2,ENST00000929468.2,ENST00000929469.2,ENST00000929470.2,ENST00000979451.1,ENST00000979452.1,ENST00001020878.1,ENST00001063912.1,ENST00001063914.1,ENST00001063920.1,ENST00001063924.1,ENST00001063925.1,ENST00001063929.1,ENST00001063934.1,ENST00001101779.1,ENST00001101780.1,ENST00001101781.1,ENST00001101782.1,ENST00001101783.1,ENST00001101784.1,ENST00001101785.1,ENST00001101786.1,ENST00001101787.1,ENST00001101788.1,ENST00001121228.1,ENST00001145499.1	8	ENST00000234875.9,ENST00000929466.2,ENST00000929467.2,ENST00000929468.2,ENST00000979451.1,ENST00001063912.1,ENST00001063920.1,ENST00001145499.1	4	multiple_isoforms_differential_probe_coverage
RPL32	5	49	5	0	46	ENST00000273223.11,ENST00000396953.6,ENST00000396957.6,ENST00000429711.7,ENST00000435983.6,ENST00000457131.1,ENST00000865045.2,ENST00000865046.2,ENST00000935875.2,ENST00000935876.2,ENST00000935877.2,ENST00000935878.2,ENST00000935879.1,ENST00000935880.2,ENST00000935881.2,ENST00000935882.2,ENST00000935883.2,ENST00000935884.2,ENST00000935885.2,ENST00000935886.1,ENST00000935887.1,ENST00000935888.1,ENST00000935889.2,ENST00000935890.1,ENST00000935891.2,ENST00000935892.1,ENST00000935893.2,ENST00000935894.1,ENST00000946634.2,ENST00001068369.1,ENST00001068383.1,ENST00001068387.1,ENST00001068389.1,ENST00001068395.1,ENST00001068397.1,ENST00001068402.1,ENST00001068403.1,ENST00001068410.1,ENST00001068411.1,ENST00001068413.1,ENST00001100517.1,ENST00001100518.1,ENST00001100519.1,ENST00001100520.1,ENST00001100521.1,ENST00001143171.1	4	ENST00000396957.6,ENST00000429711.7,ENST00001068389.1,ENST00001143171.1	3	multiple_isoforms_differential_probe_coverage
RPL34	5	65	5	0	65	ENST00000394665.6,ENST00000394667.8,ENST00000394668.4,ENST00000502534.6,ENST00000503574.1,ENST00000504231.1,ENST00000506397.6,ENST00000853717.1,ENST00000853718.1,ENST00000853719.1,ENST00000853720.2,ENST00000853721.1,ENST00000926072.2,ENST00000926073.2,ENST00000926074.2,ENST00000926075.2,ENST00000926076.2,ENST00000926077.2,ENST00000926078.2,ENST00000926079.2,ENST00000926080.1,ENST00000926081.2,ENST00000926082.2,ENST00000926083.1,ENST00000968424.1,ENST00001069976.1,ENST00001069977.1,ENST00001069989.1,ENST00001069997.1,ENST00001094664.1,ENST00001094665.1,ENST00001094666.1,ENST00001094667.1,ENST00001094668.1,ENST00001094669.1,ENST00001094670.1,ENST00001094671.1,ENST00001094672.1,ENST00001094673.1,ENST00001094674.1,ENST00001094675.1,ENST00001094676.1,ENST00001094677.1,ENST00001094678.1,ENST00001094679.1,ENST00001094680.1,ENST00001094681.1,ENST00001094682.1,ENST00001094683.1,ENST00001094684.1,ENST00001094685.1,ENST00001094686.1,ENST00001094687.1,ENST00001094688.1,ENST00001094689.1,ENST00001094690.1,ENST00001094691.1,ENST00001094692.1,ENST00001094693.1,ENST00001094694.1,ENST00001094695.1,ENST00001094696.1,ENST00001094697.1,ENST00001094698.1,ENST00001134017.1	2	ENST00000394668.4,ENST00000853718.1	5	multiple_isoforms_differential_probe_coverage
RPL37	5	36	5	0	34	ENST00000274242.10,ENST00000504562.1,ENST00000507642.5,ENST00000508493.2,ENST00000509877.6,ENST00000916325.1,ENST00000916326.2,ENST00000916327.2,ENST00000916328.2,ENST00000916329.2,ENST00000916330.2,ENST00001074143.1,ENST00001074162.1,ENST00001096007.1,ENST00001096008.1,ENST00001096009.1,ENST00001096010.1,ENST00001096011.1,ENST00001096012.1,ENST00001096013.1,ENST00001096014.1,ENST00001096015.1,ENST00001096016.1,ENST00001096017.1,ENST00001096018.1,ENST00001096019.1,ENST00001096021.1,ENST00001096022.1,ENST00001096023.1,ENST00001096024.1,ENST00001096025.1,ENST00001096026.1,ENST00001096027.1,ENST00001132176.1	2	ENST00000274242.10,ENST00001132176.1	3	multiple_isoforms_differential_probe_coverage
RPS4Y1	5	22	5	0	21	ENST00000250784.13,ENST00000430575.1,ENST00000477725.1,ENST00000974884.1,ENST00001080524.1,ENST00001080525.1,ENST00001080526.1,ENST00001080528.1,ENST00001080537.1,ENST00001080538.1,ENST00001080540.1,ENST00001080543.1,ENST00001093022.1,ENST00001093023.1,ENST00001093024.1,ENST00001093025.1,ENST00001093026.1,ENST00001093027.1,ENST00001093028.1,ENST00001093029.1,ENST00001131388.1	9	ENST00000250784.13,ENST00001080524.1,ENST00001080526.1,ENST00001080528.1,ENST00001093022.1,ENST00001093023.1,ENST00001093024.1,ENST00001093025.1,ENST00001131388.1	4	multiple_isoforms_differential_probe_coverage
RSPO1	5	13	5	0	13	ENST00000356545.7,ENST00000401068.1,ENST00000612451.4,ENST00000615459.5,ENST00000866279.1,ENST00000866280.1,ENST00000866281.1,ENST00000866282.1,ENST00000866283.1,ENST00000866284.1,ENST00000967724.1,ENST00001044862.1,ENST00001044863.1	12	ENST00000356545.7,ENST00000401068.1,ENST00000612451.4,ENST00000615459.5,ENST00000866279.1,ENST00000866280.1,ENST00000866281.1,ENST00000866282.1,ENST00000866283.1,ENST00000967724.1,ENST00001044862.1,ENST00001044863.1	2	multiple_isoforms_differential_probe_coverage
RSPO2	5	16	5	0	15	ENST00000276659.10,ENST00000517781.5,ENST00000517939.5,ENST00000520026.1,ENST00000521502.5,ENST00000521757.1,ENST00000521956.5,ENST00000666252.1,ENST00000851102.2,ENST00000851103.2,ENST00000851104.2,ENST00000971029.2,ENST00000971030.2,ENST00001046516.1,ENST00001046517.1	10	ENST00000276659.10,ENST00000517781.5,ENST00000517939.5,ENST00000666252.1,ENST00000851102.2,ENST00000851104.2,ENST00000971029.2,ENST00000971030.2,ENST00001046516.1,ENST00001046517.1	3	multiple_isoforms_differential_probe_coverage
RSPO3	5	6	5	0	6	ENST00000356698.9,ENST00000368317.4,ENST00000485757.1,ENST00000858748.2,ENST00001043391.1,ENST00001137425.1	4	ENST00000356698.9,ENST00000368317.4,ENST00001043391.1,ENST00001137425.1	3	multiple_isoforms_differential_probe_coverage
RUNX3	5	6	5	0	5	ENST00000308873.11,ENST00000338888.4,ENST00000399916.5,ENST00000496967.1,ENST00001112131.1	3	ENST00000308873.11,ENST00000338888.4,ENST00000399916.5	4	multiple_isoforms_differential_probe_coverage
RXRA	5	7	5	0	5	ENST00000356384.4,ENST00000481739.2,ENST00000672570.2,ENST00001018848.1,ENST00001126702.1	5	ENST00000356384.4,ENST00000481739.2,ENST00000672570.2,ENST00001018848.1,ENST00001126702.1	1	multiple_isoforms_same_probe_coverage
RXRB	5	62	5	0	57	ENST00000374680.4,ENST00000374685.9,ENST00000383216.8,ENST00000383217.8,ENST00000415157.6,ENST00000415909.6,ENST00000431161.6,ENST00000431820.6,ENST00000436753.6,ENST00000443603.6,ENST00000455462.6,ENST00000456244.6,ENST00000462174.5,ENST00000462452.1,ENST00000463338.5,ENST00000465169.5,ENST00000467727.1,ENST00000468440.5,ENST00000471999.1,ENST00000472425.1,ENST00000473482.1,ENST00000481441.1,ENST00000482725.1,ENST00000483281.5,ENST00000483648.1,ENST00000483821.1,ENST00000485267.5,ENST00000486581.1,ENST00000488725.1,ENST00000494616.1,ENST00000528918.5,ENST00000531100.5,ENST00000865272.1,ENST00000865273.2,ENST00000865274.2,ENST00000865275.2,ENST00000865276.2,ENST00000865277.2,ENST00000865278.2,ENST00000912952.2,ENST00000982393.1,ENST00000982394.1,ENST00000982395.1,ENST00000982396.1,ENST00000982397.1,ENST00001023729.1,ENST00001023730.1,ENST00001023731.1,ENST00001023732.1,ENST00001023733.1,ENST00001081322.1,ENST00001081323.1,ENST00001081324.1,ENST00001081325.1,ENST00001081326.1,ENST00001081327.1,ENST00001137812.1	39	ENST00000374680.4,ENST00000374685.9,ENST00000383216.8,ENST00000383217.8,ENST00000415157.6,ENST00000415909.6,ENST00000431161.6,ENST00000431820.6,ENST00000436753.6,ENST00000443603.6,ENST00000455462.6,ENST00000456244.6,ENST00000462174.5,ENST00000463338.5,ENST00000465169.5,ENST00000468440.5,ENST00000483281.5,ENST00000485267.5,ENST00000531100.5,ENST00000865273.2,ENST00000865274.2,ENST00000865276.2,ENST00000982393.1,ENST00000982394.1,ENST00000982395.1,ENST00000982396.1,ENST00000982397.1,ENST00001023729.1,ENST00001023730.1,ENST00001023731.1,ENST00001023732.1,ENST00001023733.1,ENST00001081322.1,ENST00001081323.1,ENST00001081324.1,ENST00001081325.1,ENST00001081326.1,ENST00001081327.1,ENST00001137812.1	4	multiple_isoforms_differential_probe_coverage
RYK	5	51	5	0	50	ENST00000473208.5,ENST00000480381.1,ENST00000481382.1,ENST00000484106.3,ENST00000486725.1,ENST00000620660.5,ENST00000623711.4,ENST00000907584.2,ENST00000907585.2,ENST00000912303.2,ENST00000912304.2,ENST00000912305.2,ENST00000912306.2,ENST00000912307.2,ENST00000946529.1,ENST00000946530.2,ENST00000946531.2,ENST00000946532.2,ENST00000946533.2,ENST00000946534.2,ENST00000946535.2,ENST00000946536.2,ENST00000946537.2,ENST00000946538.2,ENST00000946539.2,ENST00000946540.2,ENST00000946541.2,ENST00000946542.2,ENST00001015433.1,ENST00001015435.1,ENST00001015436.1,ENST00001015437.1,ENST00001015438.1,ENST00001015441.1,ENST00001015442.1,ENST00001015443.1,ENST00001015444.1,ENST00001015446.1,ENST00001015448.1,ENST00001015449.1,ENST00001015450.1,ENST00001015451.1,ENST00001115776.1,ENST00001115777.1,ENST00001115778.1,ENST00001115779.1,ENST00001115781.1,ENST00001123231.1,ENST00001123232.1,ENST00001144711.1	31	ENST00000620660.5,ENST00000623711.4,ENST00000907584.2,ENST00000907585.2,ENST00000912303.2,ENST00000912304.2,ENST00000912307.2,ENST00000946529.1,ENST00000946530.2,ENST00000946531.2,ENST00000946532.2,ENST00000946535.2,ENST00000946538.2,ENST00000946539.2,ENST00000946540.2,ENST00001015433.1,ENST00001015435.1,ENST00001015436.1,ENST00001015437.1,ENST00001015438.1,ENST00001015441.1,ENST00001015442.1,ENST00001015443.1,ENST00001015444.1,ENST00001015446.1,ENST00001015448.1,ENST00001015449.1,ENST00001015450.1,ENST00001015451.1,ENST00001123231.1,ENST00001144711.1	4	multiple_isoforms_differential_probe_coverage
S100A10	5	13	5	0	13	ENST00000368809.2,ENST00000368811.8,ENST00000478348.1,ENST00000478574.5,ENST00000872056.2,ENST00000872057.2,ENST00000919940.2,ENST00000919941.2,ENST00000919942.2,ENST00000919943.2,ENST00001084286.1,ENST00001129921.1,ENST00001145682.1	6	ENST00000368811.8,ENST00000872057.2,ENST00000919940.2,ENST00000919941.2,ENST00001084286.1,ENST00001145682.1	4	multiple_isoforms_differential_probe_coverage
S100A2	5	28	5	0	28	ENST00000368707.6,ENST00000368708.9,ENST00000368709.7,ENST00000368710.7,ENST00000487430.8,ENST00000497140.6,ENST00000883392.2,ENST00000930957.1,ENST00000930958.2,ENST00000930959.2,ENST00000930960.2,ENST00000930961.2,ENST00000930962.2,ENST00001050883.1,ENST00001100241.1,ENST00001100242.1,ENST00001100243.1,ENST00001100244.1,ENST00001100245.1,ENST00001100246.1,ENST00001100247.1,ENST00001100248.1,ENST00001100249.1,ENST00001100250.1,ENST00001100251.1,ENST00001100252.1,ENST00001100253.1,ENST00001145111.1	26	ENST00000368707.6,ENST00000368708.9,ENST00000368709.7,ENST00000368710.7,ENST00000487430.8,ENST00000497140.6,ENST00000883392.2,ENST00000930957.1,ENST00000930958.2,ENST00000930959.2,ENST00000930960.2,ENST00000930961.2,ENST00000930962.2,ENST00001050883.1,ENST00001100241.1,ENST00001100242.1,ENST00001100243.1,ENST00001100244.1,ENST00001100245.1,ENST00001100246.1,ENST00001100247.1,ENST00001100248.1,ENST00001100249.1,ENST00001100252.1,ENST00001100253.1,ENST00001145111.1	3	multiple_isoforms_differential_probe_coverage
S100A4	5	39	5	0	39	ENST00000354332.9,ENST00000368714.2,ENST00000368715.6,ENST00000368716.9,ENST00000468373.1,ENST00000481009.1,ENST00000854969.2,ENST00000854970.2,ENST00000854971.2,ENST00000854972.2,ENST00000854973.2,ENST00000854974.2,ENST00000942410.2,ENST00000942411.2,ENST00000942412.2,ENST00000942413.2,ENST00001004949.1,ENST00001004950.1,ENST00001004951.1,ENST00001035808.1,ENST00001035809.1,ENST00001035810.1,ENST00001035811.1,ENST00001077148.1,ENST00001100081.1,ENST00001100082.1,ENST00001100083.1,ENST00001100084.1,ENST00001100085.1,ENST00001100086.1,ENST00001100087.1,ENST00001100088.1,ENST00001100089.1,ENST00001100090.1,ENST00001100091.1,ENST00001100092.1,ENST00001100093.1,ENST00001100094.1,ENST00001145239.1	29	ENST00000354332.9,ENST00000368716.9,ENST00000468373.1,ENST00000854969.2,ENST00000854970.2,ENST00000854971.2,ENST00000854972.2,ENST00000942410.2,ENST00000942411.2,ENST00000942412.2,ENST00000942413.2,ENST00001004950.1,ENST00001035808.1,ENST00001035809.1,ENST00001035810.1,ENST00001077148.1,ENST00001100082.1,ENST00001100083.1,ENST00001100084.1,ENST00001100085.1,ENST00001100086.1,ENST00001100087.1,ENST00001100088.1,ENST00001100089.1,ENST00001100090.1,ENST00001100091.1,ENST00001100092.1,ENST00001100094.1,ENST00001145239.1	2	multiple_isoforms_differential_probe_coverage
S100A6	5	33	5	0	33	ENST00000368719.9,ENST00000368720.7,ENST00000462776.2,ENST00000462951.2,ENST00000496817.6,ENST00000896466.2,ENST00000896467.2,ENST00000896468.2,ENST00000896469.2,ENST00000896470.2,ENST00000896471.2,ENST00000896472.2,ENST00000896473.2,ENST00000896474.2,ENST00000896475.2,ENST00000925440.2,ENST00000925441.2,ENST00000925442.2,ENST00000925443.2,ENST00000954696.2,ENST00000978980.1,ENST00001100148.1,ENST00001100149.1,ENST00001100150.1,ENST00001100151.1,ENST00001100152.1,ENST00001100153.1,ENST00001100154.1,ENST00001100155.1,ENST00001100156.1,ENST00001100157.1,ENST00001100158.1,ENST00001145575.1	14	ENST00000496817.6,ENST00000896466.2,ENST00000896474.2,ENST00000896475.2,ENST00000925442.2,ENST00001100148.1,ENST00001100151.1,ENST00001100152.1,ENST00001100153.1,ENST00001100154.1,ENST00001100155.1,ENST00001100156.1,ENST00001100158.1,ENST00001145575.1	4	multiple_isoforms_differential_probe_coverage
S100A8	5	22	5	0	22	ENST00000368732.6,ENST00000368733.4,ENST00000477801.1,ENST00000909750.2,ENST00000909751.2,ENST00000955442.2,ENST00000955443.2,ENST00001092645.1,ENST00001092646.1,ENST00001092647.1,ENST00001092648.1,ENST00001092649.1,ENST00001092650.1,ENST00001092651.1,ENST00001092652.1,ENST00001092653.1,ENST00001092654.1,ENST00001092655.1,ENST00001092656.1,ENST00001092657.1,ENST00001130605.1,ENST00001145702.1	2	ENST00001092646.1,ENST00001092653.1	4	multiple_isoforms_differential_probe_coverage
S100A9	5	17	5	0	17	ENST00000368738.4,ENST00000872632.2,ENST00000872633.2,ENST00000872634.2,ENST00000970306.2,ENST00001097955.1,ENST00001097956.1,ENST00001097957.1,ENST00001097958.1,ENST00001097959.1,ENST00001097960.1,ENST00001097961.1,ENST00001097962.1,ENST00001097963.1,ENST00001097964.1,ENST00001097965.1,ENST00001144880.1	6	ENST00000368738.4,ENST00000872633.2,ENST00000970306.2,ENST00001097955.1,ENST00001097963.1,ENST00001144880.1	3	multiple_isoforms_differential_probe_coverage
S100B	5	28	5	0	28	ENST00000291700.9,ENST00000367071.4,ENST00000397648.2,ENST00000877391.2,ENST00000877392.2,ENST00000877393.2,ENST00000877394.2,ENST00000877395.2,ENST00000877396.2,ENST00000928840.2,ENST00000963271.2,ENST00000963272.2,ENST00000963273.1,ENST00000994182.1,ENST00001026254.1,ENST00001091833.1,ENST00001091834.1,ENST00001091835.1,ENST00001091836.1,ENST00001091837.1,ENST00001091838.1,ENST00001091839.1,ENST00001108035.1,ENST00001108036.1,ENST00001130085.1,ENST00001130086.1,ENST00001130087.1,ENST00001131637.1	6	ENST00000291700.9,ENST00000877391.2,ENST00000877392.2,ENST00000963271.2,ENST00001026254.1,ENST00001131637.1	5	multiple_isoforms_differential_probe_coverage
S100P	5	9	5	0	9	ENST00000296370.4,ENST00000513778.1,ENST00001090557.1,ENST00001090558.1,ENST00001090559.1,ENST00001090560.1,ENST00001090561.1,ENST00001090562.1,ENST00001137612.1	2	ENST00000296370.4,ENST00001137612.1	3	multiple_isoforms_differential_probe_coverage
SAA1	5	17	5	0	17	ENST00000356524.9,ENST00000405158.3,ENST00000532858.6,ENST00000649195.2,ENST00000672418.1,ENST00000672662.1,ENST00000672712.1,ENST00000673521.1,ENST00000689650.2,ENST00001093449.1,ENST00001093450.1,ENST00001093451.1,ENST00001093452.1,ENST00001093453.1,ENST00001093454.1,ENST00001093455.1,ENST00001142980.1	3	ENST00000532858.6,ENST00001093452.1,ENST00001093455.1	4	multiple_isoforms_differential_probe_coverage
SAA2	5	38	5	0	37	ENST00000256733.9,ENST00000414546.7,ENST00000526900.2,ENST00000528349.6,ENST00000529528.6,ENST00000530400.6,ENST00000949286.2,ENST00000949287.1,ENST00000997149.1,ENST00001093490.1,ENST00001093491.1,ENST00001093492.1,ENST00001093493.1,ENST00001093494.1,ENST00001093495.1,ENST00001093496.1,ENST00001093497.1,ENST00001093498.1,ENST00001093499.1,ENST00001093500.1,ENST00001093501.1,ENST00001093502.1,ENST00001093503.1,ENST00001093504.1,ENST00001093505.1,ENST00001093506.1,ENST00001093507.1,ENST00001093508.1,ENST00001093509.1,ENST00001093510.1,ENST00001093511.1,ENST00001126117.1,ENST00001126118.1,ENST00001126119.1,ENST00001126121.1,ENST00001126122.1,ENST00001126123.1	2	ENST00000997149.1,ENST00001126117.1	4	multiple_isoforms_differential_probe_coverage
SAT1	5	26	5	0	26	ENST00000379251.7,ENST00000379253.7,ENST00000379254.6,ENST00000379270.5,ENST00000462639.1,ENST00000474223.1,ENST00000487713.1,ENST00000489394.5,ENST00000993969.1,ENST00000993970.1,ENST00000993971.1,ENST00000993972.1,ENST00000993974.1,ENST00000993976.1,ENST00000993977.1,ENST00000993978.1,ENST00001025203.1,ENST00001025204.1,ENST00001025205.1,ENST00001025207.1,ENST00001025210.1,ENST00001063491.1,ENST00001093263.1,ENST00001093264.1,ENST00001093265.1,ENST00001132174.1	15	ENST00000379270.5,ENST00000489394.5,ENST00000993969.1,ENST00000993970.1,ENST00000993971.1,ENST00000993974.1,ENST00000993978.1,ENST00001025204.1,ENST00001025205.1,ENST00001025210.1,ENST00001063491.1,ENST00001093263.1,ENST00001093264.1,ENST00001093265.1,ENST00001132174.1	4	multiple_isoforms_differential_probe_coverage
SCG5	5	33	4	1	28	ENST00000300175.9,ENST00000413748.7,ENST00000471027.1,ENST00000475752.2,ENST00000494364.6,ENST00000497208.6,ENST00000498069.6,ENST00000614359.1,ENST00000632219.1,ENST00000632674.1,ENST00000632955.1,ENST00000632972.1,ENST00000633221.1,ENST00000633420.1,ENST00000925874.1,ENST00000943780.1,ENST00000973050.1,ENST00000973051.1,ENST00000973052.1,ENST00001075306.1,ENST00001075308.1,ENST00001095360.1,ENST00001095361.1,ENST00001095362.1,ENST00001125933.1,ENST00001125934.1,ENST00001128949.1,ENST00001132876.1	0		5	incomplete_probe_mapping
SCGB3A1	5	5	5	0	5	ENST00000292641.4,ENST00000512120.1,ENST00000899434.2,ENST00001117130.1,ENST00001132269.1	3	ENST00000292641.4,ENST00000899434.2,ENST00001132269.1	2	multiple_isoforms_differential_probe_coverage
SEC23A	5	29	5	0	25	ENST00000307712.11,ENST00000537403.6,ENST00000545328.7,ENST00000548032.7,ENST00000553970.2,ENST00000555017.5,ENST00000555425.5,ENST00000556092.5,ENST00000557280.6,ENST00000557437.1,ENST00000625395.1,ENST00000857740.2,ENST00000857741.2,ENST00000857742.2,ENST00000857743.2,ENST00000919376.2,ENST00000945648.2,ENST00000945649.2,ENST00000945650.2,ENST00000945651.2,ENST00000945652.2,ENST00001051965.1,ENST00001051966.1,ENST00001080551.1,ENST00001137076.1	14	ENST00000307712.11,ENST00000545328.7,ENST00000857741.2,ENST00000857742.2,ENST00000857743.2,ENST00000919376.2,ENST00000945648.2,ENST00000945650.2,ENST00000945651.2,ENST00000945652.2,ENST00001051965.1,ENST00001051966.1,ENST00001080551.1,ENST00001137076.1	4	multiple_isoforms_differential_probe_coverage
SEC61G	5	41	5	0	41	ENST00000352861.9,ENST00000395535.8,ENST00000415949.6,ENST00000450622.2,ENST00000460484.5,ENST00000461536.1,ENST00000480303.1,ENST00000873613.2,ENST00000873614.2,ENST00000873615.2,ENST00000873616.2,ENST00000916373.2,ENST00000916374.2,ENST00000916375.2,ENST00000916376.2,ENST00000916377.2,ENST00000916378.2,ENST00000916379.2,ENST00000916380.2,ENST00000916381.2,ENST00000916382.2,ENST00000916383.2,ENST00000916384.2,ENST00000946003.2,ENST00000978144.1,ENST00001015707.1,ENST00001078555.1,ENST00001078556.1,ENST00001078557.1,ENST00001078558.1,ENST00001078559.1,ENST00001078562.1,ENST00001078563.1,ENST00001078566.1,ENST00001078567.1,ENST00001078568.1,ENST00001078569.1,ENST00001096366.1,ENST00001096367.1,ENST00001096368.1,ENST00001136884.1	19	ENST00000395535.8,ENST00000415949.6,ENST00000873614.2,ENST00000873615.2,ENST00000916373.2,ENST00000916374.2,ENST00000916376.2,ENST00000916377.2,ENST00000916378.2,ENST00000916379.2,ENST00000916381.2,ENST00000978144.1,ENST00001078555.1,ENST00001078556.1,ENST00001078557.1,ENST00001078563.1,ENST00001078567.1,ENST00001096368.1,ENST00001136884.1	5	multiple_isoforms_differential_probe_coverage
SELENOP	5	16	5	0	14	ENST00000505309.1,ENST00000506078.5,ENST00000506577.6,ENST00000507920.6,ENST00000508937.1,ENST00000509276.5,ENST00000510965.1,ENST00000511224.6,ENST00000512980.5,ENST00000513303.5,ENST00000514218.5,ENST00000514985.6,ENST00000515626.5,ENST00001133525.1	6	ENST00000506577.6,ENST00000507920.6,ENST00000511224.6,ENST00000512980.5,ENST00000514985.6,ENST00001133525.1	4	multiple_isoforms_differential_probe_coverage
SELL	5	12	5	0	11	ENST00000236147.6,ENST00000460650.5,ENST00000463108.5,ENST00000466340.1,ENST00000479657.5,ENST00000650983.1,ENST00000878074.2,ENST00000878075.2,ENST00001099194.1,ENST00001099195.1,ENST00001145748.1	5	ENST00000236147.6,ENST00000650983.1,ENST00000878074.2,ENST00000878075.2,ENST00001145748.1	4	multiple_isoforms_differential_probe_coverage
SELPLG	5	7	5	0	7	ENST00000228463.8,ENST00000388962.5,ENST00000550948.2,ENST00000884614.2,ENST00000884615.2,ENST00000942795.2,ENST00001137659.1	7	ENST00000228463.8,ENST00000388962.5,ENST00000550948.2,ENST00000884614.2,ENST00000884615.2,ENST00000942795.2,ENST00001137659.1	1	multiple_isoforms_same_probe_coverage
SERPINA1	5	76	5	0	71	ENST00000355814.9,ENST00000393087.9,ENST00000393088.9,ENST00000402629.2,ENST00000404814.9,ENST00000437397.6,ENST00000440909.6,ENST00000448921.6,ENST00000449399.7,ENST00000489769.1,ENST00000553327.5,ENST00000554720.1,ENST00000556091.1,ENST00000556955.5,ENST00000557492.5,ENST00000614317.3,ENST00000618636.3,ENST00000620666.3,ENST00000625467.2,ENST00000626480.2,ENST00000627096.2,ENST00000627097.2,ENST00000627178.2,ENST00000627595.2,ENST00000628155.2,ENST00000629092.2,ENST00000629711.1,ENST00000631256.2,ENST00000636712.2,ENST00000866514.2,ENST00000866515.2,ENST00000866516.2,ENST00000866517.2,ENST00000866518.2,ENST00000866519.2,ENST00000866520.2,ENST00000866521.2,ENST00000866522.2,ENST00000866523.2,ENST00000866524.2,ENST00000866525.2,ENST00000866526.2,ENST00000866527.2,ENST00000866528.2,ENST00000866529.2,ENST00000866530.2,ENST00000866531.2,ENST00000866532.2,ENST00000866533.2,ENST00000866534.2,ENST00000866535.2,ENST00000866536.2,ENST00000866537.2,ENST00000866538.2,ENST00000866539.2,ENST00000866540.2,ENST00000866541.2,ENST00000866542.2,ENST00000959498.2,ENST00000959499.2,ENST00000959500.2,ENST00000959501.2,ENST00000959502.1,ENST00000959503.2,ENST00000959504.1,ENST00001036832.1,ENST00001036836.1,ENST00001101663.1,ENST00001101664.1,ENST00001101665.1,ENST00001137951.1	59	ENST00000355814.9,ENST00000393087.9,ENST00000393088.9,ENST00000402629.2,ENST00000404814.9,ENST00000437397.6,ENST00000440909.6,ENST00000448921.6,ENST00000449399.7,ENST00000489769.1,ENST00000614317.3,ENST00000618636.3,ENST00000620666.3,ENST00000625467.2,ENST00000627096.2,ENST00000627097.2,ENST00000627178.2,ENST00000627595.2,ENST00000628155.2,ENST00000636712.2,ENST00000866514.2,ENST00000866515.2,ENST00000866516.2,ENST00000866517.2,ENST00000866518.2,ENST00000866519.2,ENST00000866520.2,ENST00000866521.2,ENST00000866522.2,ENST00000866523.2,ENST00000866524.2,ENST00000866525.2,ENST00000866526.2,ENST00000866527.2,ENST00000866528.2,ENST00000866529.2,ENST00000866530.2,ENST00000866531.2,ENST00000866532.2,ENST00000866533.2,ENST00000866534.2,ENST00000866535.2,ENST00000866536.2,ENST00000866537.2,ENST00000866538.2,ENST00000866539.2,ENST00000866540.2,ENST00000866541.2,ENST00000866542.2,ENST00000959498.2,ENST00000959499.2,ENST00000959500.2,ENST00000959501.2,ENST00000959502.1,ENST00000959503.2,ENST00001036832.1,ENST00001101664.1,ENST00001101665.1,ENST00001137951.1	5	multiple_isoforms_differential_probe_coverage
SERPINA3	5	47	5	0	45	ENST00000393078.5,ENST00000393080.9,ENST00000467132.6,ENST00000482740.3,ENST00000555820.1,ENST00000556388.1,ENST00000556968.2,ENST00000890363.2,ENST00000890364.2,ENST00000890365.2,ENST00000890366.2,ENST00000890367.2,ENST00000890368.2,ENST00000890369.2,ENST00000890370.2,ENST00000890371.2,ENST00000890372.2,ENST00000890373.2,ENST00000890374.2,ENST00000890375.2,ENST00000890376.2,ENST00000890377.2,ENST00000890378.2,ENST00000890379.2,ENST00000954490.2,ENST00000954491.2,ENST00000954492.2,ENST00000991511.1,ENST00000991512.1,ENST00000991514.1,ENST00000991515.1,ENST00000991516.1,ENST00000991517.1,ENST00000991520.1,ENST00001018876.1,ENST00001102505.1,ENST00001102506.1,ENST00001102507.1,ENST00001102508.1,ENST00001102509.1,ENST00001108987.1,ENST00001108988.1,ENST00001117394.1,ENST00001125239.1,ENST00001134337.1	32	ENST00000393078.5,ENST00000393080.9,ENST00000467132.6,ENST00000556968.2,ENST00000890363.2,ENST00000890364.2,ENST00000890365.2,ENST00000890367.2,ENST00000890368.2,ENST00000890369.2,ENST00000890370.2,ENST00000890371.2,ENST00000890372.2,ENST00000890373.2,ENST00000890374.2,ENST00000890375.2,ENST00000890376.2,ENST00000890377.2,ENST00000890378.2,ENST00000890379.2,ENST00000954490.2,ENST00000954491.2,ENST00000954492.2,ENST00000991511.1,ENST00000991512.1,ENST00000991515.1,ENST00000991516.1,ENST00000991520.1,ENST00001018876.1,ENST00001102506.1,ENST00001102507.1,ENST00001134337.1	3	multiple_isoforms_differential_probe_coverage
SERPINB5	5	8	5	0	8	ENST00000382771.9,ENST00000424602.1,ENST00000464346.1,ENST00000465652.5,ENST00000489441.6,ENST00000588986.1,ENST00000865015.2,ENST00001131618.1	2	ENST00000382771.9,ENST00001131618.1	4	multiple_isoforms_differential_probe_coverage
SERPINH1	5	37	5	0	36	ENST00000358171.8,ENST00000524558.6,ENST00000525492.5,ENST00000525611.5,ENST00000525876.2,ENST00000526397.5,ENST00000526638.1,ENST00000528760.1,ENST00000528990.1,ENST00000529643.1,ENST00000530284.6,ENST00000532356.5,ENST00000533449.6,ENST00000533603.6,ENST00000649490.1,ENST00000872810.2,ENST00000872811.2,ENST00000872812.2,ENST00000872813.2,ENST00000922053.2,ENST00000922054.2,ENST00000922055.2,ENST00000922056.2,ENST00000922057.2,ENST00000922058.2,ENST00000922059.2,ENST00000922060.2,ENST00000922061.2,ENST00000947468.2,ENST00000947469.2,ENST00000947470.2,ENST00000988137.1,ENST00001023364.1,ENST00001066978.1,ENST00001126006.1,ENST00001144537.1	25	ENST00000358171.8,ENST00000524558.6,ENST00000533603.6,ENST00000649490.1,ENST00000872810.2,ENST00000872811.2,ENST00000872812.2,ENST00000872813.2,ENST00000922053.2,ENST00000922054.2,ENST00000922055.2,ENST00000922056.2,ENST00000922057.2,ENST00000922058.2,ENST00000922059.2,ENST00000922060.2,ENST00000922061.2,ENST00000947468.2,ENST00000947469.2,ENST00000947470.2,ENST00000988137.1,ENST00001023364.1,ENST00001066978.1,ENST00001126006.1,ENST00001144537.1	5	multiple_isoforms_differential_probe_coverage
SFN	5	1	5	0	1	ENST00000339276.6	1	ENST00000339276.6	1	single_isoform
SIGIRR	5	52	5	0	49	ENST00000332725.8,ENST00000397632.8,ENST00000431843.7,ENST00000525299.5,ENST00000526395.6,ENST00000526788.5,ENST00000527295.5,ENST00000527987.1,ENST00000528058.3,ENST00000528209.7,ENST00000528536.1,ENST00000528698.5,ENST00000528845.7,ENST00000529486.5,ENST00000530494.3,ENST00000530683.5,ENST00000531205.6,ENST00000534145.1,ENST00000534217.5,ENST00000714411.2,ENST00000714412.2,ENST00000714413.2,ENST00000714414.2,ENST00000714415.2,ENST00000714416.2,ENST00000887764.2,ENST00000887765.2,ENST00000887766.2,ENST00000887767.2,ENST00000887768.2,ENST00000887769.2,ENST00000887770.2,ENST00000887771.2,ENST00000887772.1,ENST00000962935.2,ENST00000962936.2,ENST00000962937.2,ENST00000993101.1,ENST00000993102.1,ENST00000993103.1,ENST00000993104.1,ENST00000993105.1,ENST00001012951.1,ENST00001012952.1,ENST00001012953.1,ENST00001012954.1,ENST00001012955.1,ENST00001072635.1,ENST00001144154.1	32	ENST00000332725.8,ENST00000397632.8,ENST00000431843.7,ENST00000526395.6,ENST00000528058.3,ENST00000528209.7,ENST00000528845.7,ENST00000531205.6,ENST00000714412.2,ENST00000714413.2,ENST00000714414.2,ENST00000714415.2,ENST00000714416.2,ENST00000887764.2,ENST00000887765.2,ENST00000887766.2,ENST00000887767.2,ENST00000887768.2,ENST00000887769.2,ENST00000887770.2,ENST00000887771.2,ENST00000887772.1,ENST00000962935.2,ENST00000962936.2,ENST00000962937.2,ENST00000993102.1,ENST00000993104.1,ENST00001012951.1,ENST00001012952.1,ENST00001012955.1,ENST00001072635.1,ENST00001144154.1	4	multiple_isoforms_differential_probe_coverage
SLC2A1	5	25	5	0	20	ENST00000372500.4,ENST00000415851.6,ENST00000426263.10,ENST00000475162.3,ENST00000625233.2,ENST00000630287.2,ENST00000674545.1,ENST00000674765.2,ENST00000675112.1,ENST00000676254.1,ENST00000889576.1,ENST00000889577.2,ENST00000938860.2,ENST00000938861.2,ENST00000938862.2,ENST00000958848.2,ENST00000958849.2,ENST00001084534.1,ENST00001084536.1,ENST00001084538.1	11	ENST00000426263.10,ENST00000630287.2,ENST00000675112.1,ENST00000676254.1,ENST00000889577.2,ENST00000938860.2,ENST00000938861.2,ENST00000938862.2,ENST00000958848.2,ENST00001084536.1,ENST00001084538.1	5	multiple_isoforms_differential_probe_coverage
SLC2A4	5	16	5	0	16	ENST00000317370.13,ENST00000424875.2,ENST00000570783.5,ENST00000571308.6,ENST00000572485.5,ENST00000671706.1,ENST00000672821.1,ENST00000672921.1,ENST00000673224.1,ENST00000673275.1,ENST00000859022.2,ENST00000859023.2,ENST00000954706.1,ENST00001033919.1,ENST00001111666.1,ENST00001138211.1	6	ENST00000317370.13,ENST00000572485.5,ENST00000672821.1,ENST00000673224.1,ENST00000859022.2,ENST00001138211.1	5	multiple_isoforms_differential_probe_coverage
SLC40A1	5	38	5	0	36	ENST00000261024.7,ENST00000418714.1,ENST00000427241.5,ENST00000455320.5,ENST00000479598.5,ENST00000852923.2,ENST00000852924.2,ENST00000852925.2,ENST00000852926.2,ENST00000852927.2,ENST00000852928.2,ENST00000852929.2,ENST00000972158.2,ENST00000972159.1,ENST00000972160.2,ENST00000992401.1,ENST00000992402.1,ENST00000992403.1,ENST00000992404.1,ENST00000992406.1,ENST00001052278.1,ENST00001052280.1,ENST00001052285.1,ENST00001052286.1,ENST00001052287.1,ENST00001052291.1,ENST00001052292.1,ENST00001052293.1,ENST00001052294.1,ENST00001096854.1,ENST00001107496.1,ENST00001107497.1,ENST00001107498.1,ENST00001114037.1,ENST00001125330.1,ENST00001141651.1	23	ENST00000261024.7,ENST00000852923.2,ENST00000852924.2,ENST00000852925.2,ENST00000852926.2,ENST00000852927.2,ENST00000852928.2,ENST00000972158.2,ENST00000972159.1,ENST00000992401.1,ENST00000992402.1,ENST00000992403.1,ENST00000992404.1,ENST00000992406.1,ENST00001052278.1,ENST00001052280.1,ENST00001052285.1,ENST00001052286.1,ENST00001052287.1,ENST00001052291.1,ENST00001052292.1,ENST00001052293.1,ENST00001141651.1	3	multiple_isoforms_differential_probe_coverage
SLPI	5	4	5	0	4	ENST00000338380.2,ENST00001005381.1,ENST00001103564.1,ENST00001106012.1	2	ENST00000338380.2,ENST00001103564.1	3	multiple_isoforms_differential_probe_coverage
SMAD2	5	59	5	0	56	ENST00000262160.11,ENST00000356825.9,ENST00000402690.7,ENST00000586040.6,ENST00000586514.5,ENST00000587269.5,ENST00000587353.5,ENST00000587421.5,ENST00000591214.6,ENST00000878358.2,ENST00000878359.2,ENST00000878360.2,ENST00000878361.2,ENST00000878362.2,ENST00000878363.2,ENST00000878364.2,ENST00000878365.2,ENST00000878366.2,ENST00000878367.2,ENST00000878368.2,ENST00000878369.2,ENST00000878370.2,ENST00000878371.2,ENST00000878372.2,ENST00000936519.2,ENST00000936520.2,ENST00000936521.2,ENST00000936522.2,ENST00000936523.2,ENST00000966643.2,ENST00000966644.2,ENST00000966645.2,ENST00000966646.2,ENST00000966647.2,ENST00000966648.2,ENST00000966649.2,ENST00000966650.2,ENST00000966651.2,ENST00000966652.2,ENST00000966653.2,ENST00000966654.2,ENST00000982273.1,ENST00000982274.1,ENST00000982275.1,ENST00001028638.1,ENST00001028639.1,ENST00001028640.1,ENST00001028641.1,ENST00001028642.1,ENST00001028643.1,ENST00001107009.1,ENST00001107010.1,ENST00001107011.1,ENST00001107012.1,ENST00001107013.1,ENST00001132370.1	48	ENST00000262160.11,ENST00000356825.9,ENST00000402690.7,ENST00000586040.6,ENST00000591214.6,ENST00000878358.2,ENST00000878359.2,ENST00000878360.2,ENST00000878361.2,ENST00000878362.2,ENST00000878363.2,ENST00000878364.2,ENST00000878365.2,ENST00000878366.2,ENST00000878367.2,ENST00000878368.2,ENST00000878369.2,ENST00000878370.2,ENST00000878371.2,ENST00000936519.2,ENST00000936520.2,ENST00000936521.2,ENST00000936522.2,ENST00000936523.2,ENST00000966643.2,ENST00000966644.2,ENST00000966645.2,ENST00000966646.2,ENST00000966647.2,ENST00000966648.2,ENST00000966649.2,ENST00000966650.2,ENST00000966651.2,ENST00000966652.2,ENST00000966653.2,ENST00000966654.2,ENST00000982273.1,ENST00000982274.1,ENST00000982275.1,ENST00001028638.1,ENST00001028639.1,ENST00001028640.1,ENST00001028641.1,ENST00001028642.1,ENST00001028643.1,ENST00001107009.1,ENST00001107010.1,ENST00001132370.1	4	multiple_isoforms_differential_probe_coverage
SMAD3	5	24	5	0	20	ENST00000327367.9,ENST00000439724.8,ENST00000537194.7,ENST00000540846.7,ENST00000558428.7,ENST00000558739.3,ENST00000558763.1,ENST00000558827.3,ENST00000558894.7,ENST00000559460.7,ENST00000560424.3,ENST00000679624.1,ENST00000680689.1,ENST00000681239.1,ENST00000714107.1,ENST00000714108.1,ENST00000714109.1,ENST00000714110.1,ENST00000714111.1,ENST00001134271.1	16	ENST00000327367.9,ENST00000439724.8,ENST00000537194.7,ENST00000540846.7,ENST00000558428.7,ENST00000558739.3,ENST00000558827.3,ENST00000559460.7,ENST00000560424.3,ENST00000679624.1,ENST00000681239.1,ENST00000714107.1,ENST00000714109.1,ENST00000714110.1,ENST00000714111.1,ENST00001134271.1	4	multiple_isoforms_differential_probe_coverage
SMAD4	5	52	5	0	50	ENST00000342988.8,ENST00000398417.6,ENST00000586253.1,ENST00000588745.5,ENST00000588860.7,ENST00000589076.7,ENST00000589706.1,ENST00000589941.3,ENST00000590061.3,ENST00000590499.1,ENST00000591126.5,ENST00000592186.5,ENST00000592911.5,ENST00000593223.3,ENST00000611848.2,ENST00000684953.1,ENST00000685090.1,ENST00000685232.1,ENST00000688574.1,ENST00000688903.1,ENST00000690892.1,ENST00000691124.1,ENST00000714260.1,ENST00000714261.2,ENST00000714262.1,ENST00000714263.1,ENST00000714264.2,ENST00000714265.1,ENST00000714266.2,ENST00000714267.1,ENST00000714268.2,ENST00000714269.2,ENST00000714270.2,ENST00000714271.1,ENST00000714272.2,ENST00000714273.1,ENST00000714274.1,ENST00000877432.2,ENST00000877433.2,ENST00000932317.2,ENST00000932318.2,ENST00000932319.2,ENST00000971068.2,ENST00000971069.2,ENST00000971070.2,ENST00000971071.2,ENST00000971072.2,ENST00001039166.1,ENST00001039167.1,ENST00001131691.1	30	ENST00000342988.8,ENST00000398417.6,ENST00000588860.7,ENST00000589076.7,ENST00000589941.3,ENST00000590061.3,ENST00000593223.3,ENST00000611848.2,ENST00000714260.1,ENST00000714261.2,ENST00000714262.1,ENST00000714263.1,ENST00000714264.2,ENST00000714265.1,ENST00000714266.2,ENST00000714267.1,ENST00000714268.2,ENST00000714270.2,ENST00000714271.1,ENST00000714272.2,ENST00000714274.1,ENST00000877432.2,ENST00000971068.2,ENST00000971069.2,ENST00000971070.2,ENST00000971071.2,ENST00000971072.2,ENST00001039166.1,ENST00001039167.1,ENST00001131691.1	5	multiple_isoforms_differential_probe_coverage
SMARCB1	5	52	5	0	51	ENST00000263121.13,ENST00000344921.12,ENST00000407082.4,ENST00000407422.9,ENST00000417137.6,ENST00000477836.2,ENST00000491967.2,ENST00000618915.3,ENST00000625965.1,ENST00000626269.1,ENST00000629656.2,ENST00000629690.2,ENST00000630853.1,ENST00000631333.2,ENST00000634926.1,ENST00000635578.1,ENST00000642275.1,ENST00000643421.1,ENST00000644036.2,ENST00000644462.1,ENST00000644467.1,ENST00000644619.1,ENST00000645799.1,ENST00000646421.1,ENST00000646723.1,ENST00000646911.1,ENST00000647057.1,ENST00000877791.2,ENST00000877792.2,ENST00000877793.2,ENST00000877794.2,ENST00000877795.2,ENST00000877796.2,ENST00000877797.2,ENST00000923808.2,ENST00000948392.2,ENST00000948393.2,ENST00000992968.1,ENST00000992969.1,ENST00000992970.1,ENST00001018208.1,ENST00001018209.1,ENST00001018210.1,ENST00001018211.1,ENST00001018212.1,ENST00001018215.1,ENST00001018216.1,ENST00001018217.1,ENST00001018218.1,ENST00001066380.1,ENST00001131711.1	21	ENST00000263121.13,ENST00000344921.12,ENST00000407422.9,ENST00000618915.3,ENST00000629690.2,ENST00000630853.1,ENST00000631333.2,ENST00000644036.2,ENST00000877792.2,ENST00000877793.2,ENST00000877794.2,ENST00000877795.2,ENST00000877796.2,ENST00000877797.2,ENST00000948393.2,ENST00000992968.1,ENST00001018212.1,ENST00001018216.1,ENST00001018217.1,ENST00001066380.1,ENST00001131711.1	5	multiple_isoforms_differential_probe_coverage
SMO	5	11	5	0	10	ENST00000249373.8,ENST00000462420.2,ENST00000495998.1,ENST00000655644.1,ENST00000925241.2,ENST00000925242.2,ENST00000925243.2,ENST00000925244.2,ENST00001035283.1,ENST00001134128.1	6	ENST00000249373.8,ENST00000655644.1,ENST00000925241.2,ENST00000925243.2,ENST00001035283.1,ENST00001134128.1	5	multiple_isoforms_differential_probe_coverage
SNAI1	5	2	5	0	2	ENST00000244050.3,ENST00001085529.1	2	ENST00000244050.3,ENST00001085529.1	1	multiple_isoforms_same_probe_coverage
SNAI2	5	4	5	0	4	ENST00000020945.4,ENST00000396822.6,ENST00000649776.1,ENST00001135105.1	3	ENST00000020945.4,ENST00000649776.1,ENST00001135105.1	2	multiple_isoforms_differential_probe_coverage
SOD1	5	26	5	0	26	ENST00000270142.11,ENST00000389995.4,ENST00000470944.1,ENST00000476106.5,ENST00000877328.2,ENST00000877329.2,ENST00000877330.2,ENST00000877331.2,ENST00000877332.2,ENST00000928717.1,ENST00000928718.2,ENST00000928719.2,ENST00000928720.2,ENST00000928721.2,ENST00000989286.1,ENST00000989287.1,ENST00000989288.1,ENST00001055593.1,ENST00001077173.1,ENST00001077174.1,ENST00001077178.1,ENST00001077188.1,ENST00001077189.1,ENST00001094105.1,ENST00001094106.1,ENST00001131562.1	7	ENST00000270142.11,ENST00000877330.2,ENST00000877331.2,ENST00000989287.1,ENST00001077173.1,ENST00001094105.1,ENST00001131562.1	5	multiple_isoforms_differential_probe_coverage
SOD2	5	33	5	0	32	ENST00000337404.9,ENST00000367054.7,ENST00000367055.9,ENST00000401980.3,ENST00000444946.7,ENST00000452684.3,ENST00000535459.5,ENST00000535561.5,ENST00000537657.5,ENST00000538183.7,ENST00000541573.5,ENST00000545162.5,ENST00000546087.5,ENST00000546260.5,ENST00000881541.2,ENST00000942970.2,ENST00001001784.1,ENST00001001785.1,ENST00001001788.1,ENST00001001791.1,ENST00001001792.1,ENST00001053158.1,ENST00001053159.1,ENST00001053160.1,ENST00001053162.1,ENST00001053168.1,ENST00001053169.1,ENST00001053174.1,ENST00001114253.1,ENST00001123057.1,ENST00001123058.1,ENST00001136674.1	2	ENST00000538183.7,ENST00001136674.1	5	multiple_isoforms_differential_probe_coverage
SOSTDC1	5	3	5	0	3	ENST00000307068.5,ENST00000396652.2,ENST00001139768.1	3	ENST00000307068.5,ENST00000396652.2,ENST00001139768.1	1	multiple_isoforms_same_probe_coverage
SOX2	5	1	5	0	1	ENST00000325404.3	1	ENST00000325404.3	1	single_isoform
SOX4	5	1	5	0	1	ENST00000244745.4	1	ENST00000244745.4	1	single_isoform
SOX9	5	2	5	0	2	ENST00000245479.3,ENST00000877559.2	2	ENST00000245479.3,ENST00000877559.2	1	multiple_isoforms_same_probe_coverage
SPARCL1	5	55	5	0	53	ENST00000282470.11,ENST00000418378.6,ENST00000434434.5,ENST00000503414.6,ENST00000509407.5,ENST00000512317.5,ENST00000535835.5,ENST00000541496.1,ENST00000880787.2,ENST00000880788.2,ENST00000880789.2,ENST00000880790.2,ENST00000880791.2,ENST00000880792.2,ENST00000880793.2,ENST00000880794.2,ENST00000880795.2,ENST00000880796.2,ENST00000880797.2,ENST00000880798.2,ENST00000880799.2,ENST00000880800.2,ENST00000880801.2,ENST00000880802.2,ENST00000880803.2,ENST00000946052.2,ENST00000946053.2,ENST00000946054.2,ENST00000946055.2,ENST00000946056.2,ENST00000946057.2,ENST00000946058.2,ENST00000946059.2,ENST00000946060.2,ENST00000946061.2,ENST00000946062.2,ENST00000946063.2,ENST00000946064.2,ENST00000946065.2,ENST00000976716.1,ENST00000976717.1,ENST00000976718.1,ENST00001018122.1,ENST00001018123.1,ENST00001018126.1,ENST00001018127.1,ENST00001018128.1,ENST00001018129.1,ENST00001106443.1,ENST00001106444.1,ENST00001112150.1,ENST00001112151.1,ENST00001138974.1	38	ENST00000282470.11,ENST00000418378.6,ENST00000503414.6,ENST00000880787.2,ENST00000880788.2,ENST00000880789.2,ENST00000880790.2,ENST00000880791.2,ENST00000880792.2,ENST00000880794.2,ENST00000880795.2,ENST00000880796.2,ENST00000880797.2,ENST00000880798.2,ENST00000880799.2,ENST00000880800.2,ENST00000880801.2,ENST00000880802.2,ENST00000880803.2,ENST00000946052.2,ENST00000946053.2,ENST00000946054.2,ENST00000946055.2,ENST00000946057.2,ENST00000946058.2,ENST00000946059.2,ENST00000946060.2,ENST00000946062.2,ENST00000946063.2,ENST00000946064.2,ENST00000946065.2,ENST00000976718.1,ENST00001018122.1,ENST00001018123.1,ENST00001018126.1,ENST00001018129.1,ENST00001106443.1,ENST00001138974.1	4	multiple_isoforms_differential_probe_coverage
SPINK1	5	4	4	1	4	ENST00000296695.10,ENST00000505722.1,ENST00000510027.3,ENST00001138392.1	0		4	incomplete_probe_mapping
SPOCK2	5	10	5	0	7	ENST00000317376.9,ENST00000373109.7,ENST00000412663.5,ENST00000483699.1,ENST00000495888.1,ENST00000885192.2,ENST00001141921.1	4	ENST00000317376.9,ENST00000373109.7,ENST00000885192.2,ENST00001141921.1	3	multiple_isoforms_differential_probe_coverage
SPP1	5	34	5	0	30	ENST00000237623.12,ENST00000360804.5,ENST00000395080.8,ENST00000508233.6,ENST00000509334.5,ENST00000509659.5,ENST00000513981.5,ENST00000614857.5,ENST00000681973.1,ENST00000682026.1,ENST00000682448.1,ENST00000682554.1,ENST00000682599.1,ENST00000682627.1,ENST00000682655.2,ENST00000682865.1,ENST00000683087.1,ENST00000683168.1,ENST00000683620.1,ENST00000684106.1,ENST00000684450.1,ENST00000684710.1,ENST00000882522.2,ENST00000882523.2,ENST00000882524.2,ENST00000882525.2,ENST00000920430.2,ENST00000942419.2,ENST00000942420.2,ENST00001140463.1	27	ENST00000237623.12,ENST00000360804.5,ENST00000395080.8,ENST00000508233.6,ENST00000509659.5,ENST00000614857.5,ENST00000681973.1,ENST00000682026.1,ENST00000682448.1,ENST00000682554.1,ENST00000682599.1,ENST00000682627.1,ENST00000682865.1,ENST00000683087.1,ENST00000683168.1,ENST00000683620.1,ENST00000684106.1,ENST00000684450.1,ENST00000684710.1,ENST00000882522.2,ENST00000882523.2,ENST00000882524.2,ENST00000882525.2,ENST00000920430.2,ENST00000942419.2,ENST00000942420.2,ENST00001140463.1	3	multiple_isoforms_differential_probe_coverage
SPRY2	5	21	5	0	21	ENST00000377102.6,ENST00000377104.4,ENST00000909616.2,ENST00000909617.2,ENST00000909618.2,ENST00000909619.2,ENST00000909620.2,ENST00000909621.1,ENST00000909622.2,ENST00000919040.2,ENST00000919041.2,ENST00000919042.2,ENST00000919043.2,ENST00000919044.2,ENST00000919045.2,ENST00000919046.2,ENST00000919047.2,ENST00000960175.2,ENST00000960176.2,ENST00000960177.2,ENST00001131659.1	21	ENST00000377102.6,ENST00000377104.4,ENST00000909616.2,ENST00000909617.2,ENST00000909618.2,ENST00000909619.2,ENST00000909620.2,ENST00000909621.1,ENST00000909622.2,ENST00000919040.2,ENST00000919041.2,ENST00000919042.2,ENST00000919043.2,ENST00000919044.2,ENST00000919045.2,ENST00000919046.2,ENST00000919047.2,ENST00000960175.2,ENST00000960176.2,ENST00000960177.2,ENST00001131659.1	1	multiple_isoforms_same_probe_coverage
SPRY4	5	14	5	0	12	ENST00000344120.5,ENST00000434127.3,ENST00000511815.1,ENST00000643792.1,ENST00000889413.1,ENST00000889414.2,ENST00000889415.2,ENST00000921737.2,ENST00000921738.2,ENST00000921739.2,ENST00000953727.2,ENST00001137254.1	11	ENST00000344120.5,ENST00000434127.3,ENST00000643792.1,ENST00000889413.1,ENST00000889414.2,ENST00000889415.2,ENST00000921737.2,ENST00000921738.2,ENST00000921739.2,ENST00000953727.2,ENST00001137254.1	2	multiple_isoforms_differential_probe_coverage
SQSTM1	5	41	5	0	36	ENST00000360718.5,ENST00000389805.9,ENST00000422245.5,ENST00000464493.5,ENST00000466342.1,ENST00000481335.5,ENST00000485412.1,ENST00000504627.1,ENST00000508284.5,ENST00000510187.6,ENST00000514093.5,ENST00000640444.2,ENST00000643389.2,ENST00000884698.1,ENST00000884699.2,ENST00000884700.2,ENST00000884701.2,ENST00000884702.2,ENST00000884703.2,ENST00000884704.2,ENST00000884705.2,ENST00000951526.2,ENST00000951527.2,ENST00000999899.1,ENST00000999901.1,ENST00000999902.1,ENST00000999903.1,ENST00000999904.1,ENST00000999905.1,ENST00000999906.1,ENST00001013489.1,ENST00001013490.1,ENST00001013492.1,ENST00001013493.1,ENST00001123123.1,ENST00001132172.1	19	ENST00000360718.5,ENST00000389805.9,ENST00000640444.2,ENST00000643389.2,ENST00000884698.1,ENST00000884700.2,ENST00000951526.2,ENST00000999899.1,ENST00000999901.1,ENST00000999902.1,ENST00000999903.1,ENST00000999904.1,ENST00000999905.1,ENST00000999906.1,ENST00001013489.1,ENST00001013490.1,ENST00001013492.1,ENST00001123123.1,ENST00001132172.1	5	multiple_isoforms_differential_probe_coverage
SRC	5	47	5	0	41	ENST00000358208.10,ENST00000373558.3,ENST00000373567.7,ENST00000373578.7,ENST00000472968.1,ENST00000477066.5,ENST00000489153.1,ENST00000493775.1,ENST00000692112.2,ENST00000692423.2,ENST00000693012.2,ENST00000709392.1,ENST00000709393.1,ENST00000709394.1,ENST00000709395.1,ENST00000709396.1,ENST00000709397.1,ENST00000709398.1,ENST00000709399.1,ENST00000709400.1,ENST00000709401.1,ENST00000709404.1,ENST00000876226.2,ENST00000876227.2,ENST00000876228.2,ENST00000876229.2,ENST00000876230.2,ENST00000876231.2,ENST00000876232.2,ENST00000876233.2,ENST00000876234.2,ENST00000876235.2,ENST00000876236.2,ENST00000876237.2,ENST00000921683.2,ENST00000921684.2,ENST00000950593.2,ENST00001018779.1,ENST00001058973.1,ENST00001058974.1,ENST00001133018.1	30	ENST00000358208.10,ENST00000373558.3,ENST00000373567.7,ENST00000373578.7,ENST00000692112.2,ENST00000692423.2,ENST00000709392.1,ENST00000709394.1,ENST00000709395.1,ENST00000709396.1,ENST00000709397.1,ENST00000709398.1,ENST00000876226.2,ENST00000876227.2,ENST00000876228.2,ENST00000876229.2,ENST00000876230.2,ENST00000876231.2,ENST00000876232.2,ENST00000876233.2,ENST00000876234.2,ENST00000876235.2,ENST00000876236.2,ENST00000876237.2,ENST00000921683.2,ENST00000921684.2,ENST00000950593.2,ENST00001058973.1,ENST00001058974.1,ENST00001133018.1	4	multiple_isoforms_differential_probe_coverage
SREBF1	5	37	5	0	30	ENST00000261646.11,ENST00000355815.9,ENST00000395751.8,ENST00000395756.5,ENST00000395757.7,ENST00000447641.5,ENST00000469356.3,ENST00000470247.1,ENST00000471445.5,ENST00000478616.1,ENST00000486311.5,ENST00000487401.1,ENST00000490796.1,ENST00000580540.1,ENST00000581707.1,ENST00000583080.1,ENST00000662439.1,ENST00000892469.2,ENST00000892472.2,ENST00000892473.2,ENST00000892475.2,ENST00000892477.2,ENST00000892480.2,ENST00000918821.2,ENST00000918822.2,ENST00000918823.2,ENST00001043382.1,ENST00001043383.1,ENST00001063162.1,ENST00001134604.1	16	ENST00000261646.11,ENST00000355815.9,ENST00000395751.8,ENST00000395756.5,ENST00000395757.7,ENST00000662439.1,ENST00000892469.2,ENST00000892472.2,ENST00000892473.2,ENST00000892475.2,ENST00000892477.2,ENST00000892480.2,ENST00000918821.2,ENST00001043382.1,ENST00001043383.1,ENST00001134604.1	5	multiple_isoforms_differential_probe_coverage
SRGN	5	9	5	0	9	ENST00000242465.4,ENST00000462445.1,ENST00000718456.2,ENST00001092464.1,ENST00001092465.1,ENST00001092466.1,ENST00001092467.1,ENST00001092468.1,ENST00001131361.1	7	ENST00000242465.4,ENST00000718456.2,ENST00001092464.1,ENST00001092465.1,ENST00001092466.1,ENST00001092467.1,ENST00001092468.1	3	multiple_isoforms_differential_probe_coverage
SST	5	2	5	0	2	ENST00000287641.4,ENST00001143369.1	2	ENST00000287641.4,ENST00001143369.1	1	multiple_isoforms_same_probe_coverage
ST6GAL1	5	76	5	0	62	ENST00000169298.8,ENST00000416235.7,ENST00000427315.5,ENST00000442023.1,ENST00000448044.6,ENST00000448449.1,ENST00000457772.7,ENST00000470633.1,ENST00000676633.2,ENST00000677292.2,ENST00000879710.1,ENST00000879711.2,ENST00000879712.2,ENST00000879713.2,ENST00000879714.2,ENST00000879715.2,ENST00000879716.2,ENST00000879717.2,ENST00000879718.2,ENST00000879719.2,ENST00000879720.2,ENST00000879721.2,ENST00000879722.2,ENST00000879723.2,ENST00000879724.2,ENST00000879725.2,ENST00000879726.2,ENST00000879727.2,ENST00000879728.2,ENST00000879729.2,ENST00000879730.2,ENST00000879731.2,ENST00000879732.2,ENST00000879733.2,ENST00000879734.2,ENST00000879735.2,ENST00000879736.2,ENST00000879737.2,ENST00000912779.2,ENST00000912780.2,ENST00000912781.2,ENST00000912782.2,ENST00000912783.2,ENST00000912784.2,ENST00000912785.2,ENST00000912786.2,ENST00000955782.2,ENST00000955783.2,ENST00000955784.2,ENST00000955785.2,ENST00000955786.2,ENST00000955787.2,ENST00000955788.2,ENST00000955789.2,ENST00000955790.2,ENST00000955791.2,ENST00000955792.2,ENST00000976962.1,ENST00000976963.1,ENST00001058759.1,ENST00001058760.1,ENST00001142918.1	59	ENST00000169298.8,ENST00000416235.7,ENST00000448044.6,ENST00000448449.1,ENST00000457772.7,ENST00000470633.1,ENST00000676633.2,ENST00000677292.2,ENST00000879710.1,ENST00000879711.2,ENST00000879712.2,ENST00000879713.2,ENST00000879714.2,ENST00000879715.2,ENST00000879716.2,ENST00000879717.2,ENST00000879718.2,ENST00000879719.2,ENST00000879720.2,ENST00000879721.2,ENST00000879722.2,ENST00000879723.2,ENST00000879724.2,ENST00000879725.2,ENST00000879726.2,ENST00000879727.2,ENST00000879728.2,ENST00000879729.2,ENST00000879730.2,ENST00000879731.2,ENST00000879732.2,ENST00000879733.2,ENST00000879734.2,ENST00000879735.2,ENST00000879736.2,ENST00000879737.2,ENST00000912779.2,ENST00000912780.2,ENST00000912781.2,ENST00000912782.2,ENST00000912783.2,ENST00000912784.2,ENST00000912785.2,ENST00000912786.2,ENST00000955782.2,ENST00000955783.2,ENST00000955784.2,ENST00000955786.2,ENST00000955787.2,ENST00000955788.2,ENST00000955789.2,ENST00000955790.2,ENST00000955791.2,ENST00000955792.2,ENST00000976962.1,ENST00000976963.1,ENST00001058759.1,ENST00001058760.1,ENST00001142918.1	4	multiple_isoforms_differential_probe_coverage
ST6GALNAC3	5	3	5	0	3	ENST00000328299.4,ENST00000464140.1,ENST00001140567.1	2	ENST00000328299.4,ENST00001140567.1	2	multiple_isoforms_differential_probe_coverage
STAT1	5	68	5	0	68	ENST00000361099.8,ENST00000392322.8,ENST00000392323.6,ENST00000409465.6,ENST00000415035.2,ENST00000423282.2,ENST00000424722.6,ENST00000432058.1,ENST00000452281.6,ENST00000454414.5,ENST00000464072.1,ENST00000540176.6,ENST00000673638.1,ENST00000673734.1,ENST00000673762.1,ENST00000673777.1,ENST00000673816.2,ENST00000673832.1,ENST00000673841.1,ENST00000673847.2,ENST00000673858.1,ENST00000673859.1,ENST00000673863.1,ENST00000673885.1,ENST00000673942.2,ENST00000673952.2,ENST00000674028.1,ENST00000674080.1,ENST00000674081.1,ENST00000674153.1,ENST00000698141.1,ENST00000698142.2,ENST00000698143.1,ENST00000698144.1,ENST00000698145.2,ENST00000698146.1,ENST00000698147.1,ENST00000698148.1,ENST00000698149.1,ENST00000698150.1,ENST00000698151.1,ENST00000856926.2,ENST00000856927.2,ENST00000856928.2,ENST00000922629.2,ENST00000950377.2,ENST00000950378.1,ENST00000950379.2,ENST00000950380.2,ENST00000950381.2,ENST00000996913.1,ENST00000996914.1,ENST00000996916.1,ENST00000996917.1,ENST00000996918.1,ENST00000996919.1,ENST00001036710.1,ENST00001036711.1,ENST00001036713.1,ENST00001036714.1,ENST00001036715.1,ENST00001036716.1,ENST00001036718.1,ENST00001036719.1,ENST00001036720.1,ENST00001109845.1,ENST00001112429.1,ENST00001145300.1	53	ENST00000361099.8,ENST00000392322.8,ENST00000392323.6,ENST00000409465.6,ENST00000415035.2,ENST00000452281.6,ENST00000540176.6,ENST00000673734.1,ENST00000673777.1,ENST00000673816.2,ENST00000673841.1,ENST00000673847.2,ENST00000673858.1,ENST00000673885.1,ENST00000673942.2,ENST00000673952.2,ENST00000674080.1,ENST00000674081.1,ENST00000674153.1,ENST00000698141.1,ENST00000698142.2,ENST00000698143.1,ENST00000698144.1,ENST00000698146.1,ENST00000698147.1,ENST00000698148.1,ENST00000698149.1,ENST00000856926.2,ENST00000856927.2,ENST00000856928.2,ENST00000922629.2,ENST00000950377.2,ENST00000950378.1,ENST00000950379.2,ENST00000950380.2,ENST00000950381.2,ENST00000996913.1,ENST00000996914.1,ENST00000996916.1,ENST00000996917.1,ENST00000996918.1,ENST00000996919.1,ENST00001036710.1,ENST00001036711.1,ENST00001036713.1,ENST00001036714.1,ENST00001036715.1,ENST00001036716.1,ENST00001036718.1,ENST00001036719.1,ENST00001036720.1,ENST00001112429.1,ENST00001145300.1	5	multiple_isoforms_differential_probe_coverage
STAT3	5	125	5	0	121	ENST00000264657.10,ENST00000389272.8,ENST00000404395.4,ENST00000462269.1,ENST00000462286.3,ENST00000491272.2,ENST00000585360.1,ENST00000585517.6,ENST00000588969.6,ENST00000676636.1,ENST00000677002.1,ENST00000677030.2,ENST00000677152.2,ENST00000677270.1,ENST00000677271.1,ENST00000677308.1,ENST00000677346.1,ENST00000677421.2,ENST00000677442.2,ENST00000677479.2,ENST00000677500.1,ENST00000677603.2,ENST00000677723.2,ENST00000677763.1,ENST00000677820.1,ENST00000678043.2,ENST00000678048.2,ENST00000678108.1,ENST00000678445.1,ENST00000678529.1,ENST00000678535.2,ENST00000678572.2,ENST00000678659.1,ENST00000678674.2,ENST00000678764.1,ENST00000678792.2,ENST00000678827.2,ENST00000678905.2,ENST00000678906.2,ENST00000678913.2,ENST00000678960.2,ENST00000679014.2,ENST00000679166.2,ENST00000679185.2,ENST00000679231.1,ENST00000715205.2,ENST00000858552.2,ENST00000858553.2,ENST00000858554.2,ENST00000858555.2,ENST00000858556.2,ENST00000858557.2,ENST00000858558.2,ENST00000858559.2,ENST00000858560.2,ENST00000858561.2,ENST00000858562.2,ENST00000922763.2,ENST00000922764.2,ENST00000922765.2,ENST00000922766.2,ENST00000922767.2,ENST00000922768.2,ENST00000922769.2,ENST00000922770.2,ENST00000943782.2,ENST00000943783.2,ENST00000943784.2,ENST00000943785.2,ENST00000943786.2,ENST00000943787.2,ENST00000943788.2,ENST00000943789.2,ENST00000943790.2,ENST00000943791.2,ENST00000943792.2,ENST00000943793.2,ENST00000943794.2,ENST00000943795.2,ENST00000943796.2,ENST00000943797.2,ENST00000943798.2,ENST00000943799.2,ENST00000943800.2,ENST00000943801.2,ENST00000943802.2,ENST00000943803.2,ENST00000943804.2,ENST00000943805.2,ENST00000977992.1,ENST00000977993.1,ENST00000977996.1,ENST00000977997.1,ENST00001052186.1,ENST00001052191.1,ENST00001052193.1,ENST00001052194.1,ENST00001052196.1,ENST00001052199.1,ENST00001052202.1,ENST00001052203.1,ENST00001052204.1,ENST00001052205.1,ENST00001052206.1,ENST00001052207.1,ENST00001052209.1,ENST00001052211.1,ENST00001052217.1,ENST00001052218.1,ENST00001052219.1,ENST00001073713.1,ENST00001073714.1,ENST00001073715.1,ENST00001073716.1,ENST00001108151.1,ENST00001108152.1,ENST00001108153.1,ENST00001108154.1,ENST00001114975.1,ENST00001114976.1,ENST00001134369.1	100	ENST00000264657.10,ENST00000404395.4,ENST00000585517.6,ENST00000588969.6,ENST00000676636.1,ENST00000677002.1,ENST00000677030.2,ENST00000677152.2,ENST00000677271.1,ENST00000677308.1,ENST00000677421.2,ENST00000677442.2,ENST00000677479.2,ENST00000677603.2,ENST00000677723.2,ENST00000677763.1,ENST00000677820.1,ENST00000678043.2,ENST00000678048.2,ENST00000678445.1,ENST00000678535.2,ENST00000678572.2,ENST00000678674.2,ENST00000678764.1,ENST00000678792.2,ENST00000678827.2,ENST00000678905.2,ENST00000678906.2,ENST00000678913.2,ENST00000678960.2,ENST00000679014.2,ENST00000679166.2,ENST00000679185.2,ENST00000715205.2,ENST00000858552.2,ENST00000858553.2,ENST00000858554.2,ENST00000858555.2,ENST00000858556.2,ENST00000858557.2,ENST00000858558.2,ENST00000858559.2,ENST00000858560.2,ENST00000858561.2,ENST00000858562.2,ENST00000922763.2,ENST00000922764.2,ENST00000922765.2,ENST00000922766.2,ENST00000922767.2,ENST00000922768.2,ENST00000922769.2,ENST00000922770.2,ENST00000943782.2,ENST00000943783.2,ENST00000943784.2,ENST00000943785.2,ENST00000943786.2,ENST00000943787.2,ENST00000943788.2,ENST00000943789.2,ENST00000943790.2,ENST00000943791.2,ENST00000943792.2,ENST00000943793.2,ENST00000943794.2,ENST00000943795.2,ENST00000943796.2,ENST00000943797.2,ENST00000943798.2,ENST00000943799.2,ENST00000943800.2,ENST00000943801.2,ENST00000943802.2,ENST00000943803.2,ENST00000943804.2,ENST00000977992.1,ENST00000977993.1,ENST00001052186.1,ENST00001052191.1,ENST00001052193.1,ENST00001052194.1,ENST00001052196.1,ENST00001052199.1,ENST00001052203.1,ENST00001052204.1,ENST00001052206.1,ENST00001052207.1,ENST00001052209.1,ENST00001052211.1,ENST00001052217.1,ENST00001052218.1,ENST00001073713.1,ENST00001073714.1,ENST00001073715.1,ENST00001073716.1,ENST00001108151.1,ENST00001114975.1,ENST00001114976.1,ENST00001134369.1	5	multiple_isoforms_differential_probe_coverage
STAT4	5	28	5	0	24	ENST00000358470.9,ENST00000392320.7,ENST00000409995.5,ENST00000413064.7,ENST00000432798.3,ENST00000450994.3,ENST00000470708.1,ENST00000495326.1,ENST00000495849.5,ENST00000647167.1,ENST00000714286.1,ENST00000714287.2,ENST00000960212.2,ENST00000960213.1,ENST00000960214.2,ENST00000960215.2,ENST00000960216.2,ENST00000960217.2,ENST00000960218.2,ENST00000999200.1,ENST00001049366.1,ENST00001049367.1,ENST00001102107.1,ENST00001145365.1	18	ENST00000358470.9,ENST00000392320.7,ENST00000413064.7,ENST00000432798.3,ENST00000450994.3,ENST00000495849.5,ENST00000714286.1,ENST00000714287.2,ENST00000960212.2,ENST00000960213.1,ENST00000960214.2,ENST00000960215.2,ENST00000960216.2,ENST00000960217.2,ENST00000960218.2,ENST00001049366.1,ENST00001049367.1,ENST00001145365.1	4	multiple_isoforms_differential_probe_coverage
STAT5A	5	39	5	0	39	ENST00000345506.8,ENST00000468096.5,ENST00000469124.1,ENST00000479417.1,ENST00000546010.7,ENST00000587646.2,ENST00000588868.6,ENST00000590726.7,ENST00000590949.6,ENST00000591556.1,ENST00000676585.2,ENST00000676631.2,ENST00000677301.1,ENST00000677893.2,ENST00000678903.2,ENST00000879661.2,ENST00000879662.2,ENST00000946350.2,ENST00000946351.2,ENST00000946352.2,ENST00000946353.2,ENST00000946354.2,ENST00000946355.2,ENST00000946356.2,ENST00000946357.2,ENST00000946358.2,ENST00000946359.2,ENST00001052760.1,ENST00001052761.1,ENST00001052762.1,ENST00001052763.1,ENST00001052764.1,ENST00001052765.1,ENST00001052766.1,ENST00001052767.1,ENST00001052768.1,ENST00001052769.1,ENST00001127052.1,ENST00001134695.1	31	ENST00000345506.8,ENST00000546010.7,ENST00000588868.6,ENST00000590949.6,ENST00000676585.2,ENST00000676631.2,ENST00000677301.1,ENST00000677893.2,ENST00000678903.2,ENST00000879661.2,ENST00000879662.2,ENST00000946350.2,ENST00000946352.2,ENST00000946353.2,ENST00000946354.2,ENST00000946355.2,ENST00000946357.2,ENST00000946358.2,ENST00000946359.2,ENST00001052760.1,ENST00001052761.1,ENST00001052762.1,ENST00001052763.1,ENST00001052764.1,ENST00001052765.1,ENST00001052766.1,ENST00001052767.1,ENST00001052768.1,ENST00001052769.1,ENST00001127052.1,ENST00001134695.1	5	multiple_isoforms_differential_probe_coverage
STAT5B	5	52	5	0	52	ENST00000293328.8,ENST00000415845.3,ENST00000468312.1,ENST00000468496.5,ENST00000481253.2,ENST00000481517.1,ENST00000498674.2,ENST00000698774.1,ENST00000698775.1,ENST00000698776.2,ENST00000698777.1,ENST00000698778.2,ENST00000698779.2,ENST00000698801.1,ENST00000698802.1,ENST00000698803.1,ENST00000698804.1,ENST00000698805.1,ENST00000698806.1,ENST00000698807.1,ENST00000698808.2,ENST00000698809.2,ENST00000698810.1,ENST00000698811.1,ENST00000698812.1,ENST00000698813.1,ENST00000698814.1,ENST00000698815.1,ENST00000698816.1,ENST00000698817.1,ENST00000903577.2,ENST00000903578.2,ENST00000903579.2,ENST00000914413.2,ENST00000914414.2,ENST00000914415.2,ENST00000914416.2,ENST00000914417.2,ENST00000951701.2,ENST00000951702.2,ENST00000951703.2,ENST00000951704.2,ENST00000951705.2,ENST00000951706.2,ENST00000951707.2,ENST00001053057.1,ENST00001053058.1,ENST00001053059.1,ENST00001053060.1,ENST00001053061.1,ENST00001109851.1,ENST00001136521.1	37	ENST00000293328.8,ENST00000415845.3,ENST00000698774.1,ENST00000698775.1,ENST00000698776.2,ENST00000698777.1,ENST00000698778.2,ENST00000698779.2,ENST00000698802.1,ENST00000698803.1,ENST00000698804.1,ENST00000698805.1,ENST00000698806.1,ENST00000698807.1,ENST00000698808.2,ENST00000698809.2,ENST00000698810.1,ENST00000698813.1,ENST00000903577.2,ENST00000903578.2,ENST00000903579.2,ENST00000914413.2,ENST00000914414.2,ENST00000914415.2,ENST00000914417.2,ENST00000951701.2,ENST00000951702.2,ENST00000951703.2,ENST00000951705.2,ENST00000951706.2,ENST00000951707.2,ENST00001053057.1,ENST00001053058.1,ENST00001053059.1,ENST00001053060.1,ENST00001053061.1,ENST00001136521.1	5	multiple_isoforms_differential_probe_coverage
STAT6	5	57	5	0	56	ENST00000300134.8,ENST00000454075.8,ENST00000537215.7,ENST00000538913.7,ENST00000543873.7,ENST00000553275.3,ENST00000553397.7,ENST00000553499.7,ENST00000553533.3,ENST00000554202.1,ENST00000554764.6,ENST00000555222.5,ENST00000555318.2,ENST00000555375.5,ENST00000555641.1,ENST00000555849.7,ENST00000556155.6,ENST00000556259.7,ENST00000557563.5,ENST00000557635.7,ENST00000557781.5,ENST00000640254.2,ENST00000651176.1,ENST00000714370.1,ENST00000714371.2,ENST00000714372.1,ENST00000714373.2,ENST00000714374.2,ENST00000861685.2,ENST00000861686.2,ENST00000861687.2,ENST00000861688.2,ENST00000861689.2,ENST00000861690.2,ENST00000861691.2,ENST00000920257.2,ENST00000920258.2,ENST00000920259.2,ENST00000953180.2,ENST00000953181.2,ENST00000953182.2,ENST00000953183.2,ENST00000953184.2,ENST00000953185.2,ENST00000953186.2,ENST00000953187.2,ENST00000982373.1,ENST00000982379.1,ENST00000982381.1,ENST00001028955.1,ENST00001028956.1,ENST00001028957.1,ENST00001028958.1,ENST00001089992.1,ENST00001089993.1,ENST00001143493.1	45	ENST00000300134.8,ENST00000454075.8,ENST00000537215.7,ENST00000538913.7,ENST00000543873.7,ENST00000553275.3,ENST00000553397.7,ENST00000553499.7,ENST00000553533.3,ENST00000554764.6,ENST00000555318.2,ENST00000555849.7,ENST00000556155.6,ENST00000556259.7,ENST00000557635.7,ENST00000651176.1,ENST00000714370.1,ENST00000714371.2,ENST00000714372.1,ENST00000714373.2,ENST00000714374.2,ENST00000861685.2,ENST00000861686.2,ENST00000861687.2,ENST00000861688.2,ENST00000861690.2,ENST00000861691.2,ENST00000920257.2,ENST00000920259.2,ENST00000953180.2,ENST00000953181.2,ENST00000953182.2,ENST00000953183.2,ENST00000953186.2,ENST00000953187.2,ENST00000982373.1,ENST00000982379.1,ENST00000982381.1,ENST00001028955.1,ENST00001028956.1,ENST00001028957.1,ENST00001028958.1,ENST00001089992.1,ENST00001089993.1,ENST00001143493.1	5	multiple_isoforms_differential_probe_coverage
STMN1	5	49	5	0	48	ENST00000357865.6,ENST00000374291.5,ENST00000399728.6,ENST00000426559.7,ENST00000446334.1,ENST00000455785.7,ENST00000465604.1,ENST00000485226.1,ENST00000871159.1,ENST00000871160.2,ENST00000871161.1,ENST00000871162.2,ENST00000871163.1,ENST00000871164.2,ENST00000871165.2,ENST00000871166.2,ENST00000871167.1,ENST00000935128.1,ENST00000935129.2,ENST00000935130.2,ENST00000935131.2,ENST00000935132.2,ENST00000935133.1,ENST00000935134.2,ENST00000935135.2,ENST00000935136.2,ENST00000935137.2,ENST00000935138.2,ENST00000935139.2,ENST00000935140.2,ENST00000962618.1,ENST00000962619.1,ENST00001073259.1,ENST00001073261.1,ENST00001073265.1,ENST00001073267.1,ENST00001073268.1,ENST00001073277.1,ENST00001073283.1,ENST00001105076.1,ENST00001105077.1,ENST00001105078.1,ENST00001105079.1,ENST00001105080.1,ENST00001105081.1,ENST00001105082.1,ENST00001105083.1,ENST00001145343.1	7	ENST00000399728.6,ENST00000455785.7,ENST00000935129.2,ENST00000935133.1,ENST00001073265.1,ENST00001073267.1,ENST00001145343.1	4	multiple_isoforms_differential_probe_coverage
SUCNR1	5	4	5	0	4	ENST00000362032.6,ENST00000875328.2,ENST00000943239.2,ENST00001141220.1	4	ENST00000362032.6,ENST00000875328.2,ENST00000943239.2,ENST00001141220.1	1	multiple_isoforms_same_probe_coverage
SYK	5	24	5	0	24	ENST00000375746.2,ENST00000375747.6,ENST00000375751.9,ENST00000375754.9,ENST00000476708.1,ENST00000865872.2,ENST00000865873.2,ENST00000865874.2,ENST00000865875.2,ENST00000865876.2,ENST00000865877.2,ENST00000865878.2,ENST00000865879.2,ENST00000970482.2,ENST00000970483.2,ENST00000970484.2,ENST00001007425.1,ENST00001012973.1,ENST00001012975.1,ENST00001012976.1,ENST00001105717.1,ENST00001105718.1,ENST00001112793.1,ENST00001137269.1	20	ENST00000375746.2,ENST00000375747.6,ENST00000375751.9,ENST00000375754.9,ENST00000865872.2,ENST00000865873.2,ENST00000865874.2,ENST00000865875.2,ENST00000865876.2,ENST00000865877.2,ENST00000865878.2,ENST00000865879.2,ENST00000970482.2,ENST00000970483.2,ENST00000970484.2,ENST00001007425.1,ENST00001012973.1,ENST00001012975.1,ENST00001012976.1,ENST00001137269.1	3	multiple_isoforms_differential_probe_coverage
TACSTD2	5	1	5	0	1	ENST00000371225.4	1	ENST00000371225.4	1	single_isoform
TAGLN	5	59	5	0	59	ENST00000278968.11,ENST00000392951.9,ENST00000525531.6,ENST00000529622.1,ENST00000529792.5,ENST00000530649.5,ENST00000532870.5,ENST00000533863.1,ENST00000902402.1,ENST00000902403.1,ENST00000902404.2,ENST00000902405.2,ENST00000902406.2,ENST00000902407.2,ENST00000902408.2,ENST00000902409.1,ENST00000902410.2,ENST00000902411.1,ENST00000902412.1,ENST00000931919.1,ENST00000931920.2,ENST00000931921.2,ENST00000931922.2,ENST00000931923.1,ENST00000943133.1,ENST00000943134.1,ENST00000943135.2,ENST00000943136.2,ENST00000943137.2,ENST00000943138.2,ENST00000943139.2,ENST00000943140.2,ENST00000943141.2,ENST00000943142.2,ENST00000943143.2,ENST00000943144.2,ENST00000943145.2,ENST00000943146.2,ENST00000943147.2,ENST00000943148.2,ENST00000943149.2,ENST00000943150.2,ENST00000943151.2,ENST00000943152.2,ENST00000943153.2,ENST00000943154.1,ENST00000943155.2,ENST00000943156.2,ENST00000943157.1,ENST00000943158.1,ENST00001028466.1,ENST00001028467.1,ENST00001098212.1,ENST00001098213.1,ENST00001098214.1,ENST00001127375.1,ENST00001127376.1,ENST00001127377.1,ENST00001136174.1	52	ENST00000278968.11,ENST00000392951.9,ENST00000525531.6,ENST00000530649.5,ENST00000532870.5,ENST00000533863.1,ENST00000902402.1,ENST00000902403.1,ENST00000902404.2,ENST00000902406.2,ENST00000902407.2,ENST00000902409.1,ENST00000902410.2,ENST00000902411.1,ENST00000902412.1,ENST00000931919.1,ENST00000931920.2,ENST00000931921.2,ENST00000931922.2,ENST00000931923.1,ENST00000943133.1,ENST00000943134.1,ENST00000943135.2,ENST00000943136.2,ENST00000943137.2,ENST00000943138.2,ENST00000943139.2,ENST00000943140.2,ENST00000943141.2,ENST00000943142.2,ENST00000943143.2,ENST00000943144.2,ENST00000943145.2,ENST00000943146.2,ENST00000943147.2,ENST00000943148.2,ENST00000943149.2,ENST00000943150.2,ENST00000943151.2,ENST00000943152.2,ENST00000943153.2,ENST00000943154.1,ENST00000943155.2,ENST00000943156.2,ENST00000943157.1,ENST00000943158.1,ENST00001028466.1,ENST00001028467.1,ENST00001098214.1,ENST00001127375.1,ENST00001127377.1,ENST00001136174.1	5	multiple_isoforms_differential_probe_coverage
TAP1	5	44	5	0	44	ENST00000354258.5,ENST00000383235.4,ENST00000414467.2,ENST00000418205.2,ENST00000424897.2,ENST00000428324.2,ENST00000439781.2,ENST00000440894.2,ENST00000468609.1,ENST00000469192.1,ENST00000470021.1,ENST00000470332.1,ENST00000470845.1,ENST00000481178.1,ENST00000483345.1,ENST00000486332.1,ENST00000486849.1,ENST00000487296.1,ENST00000489513.1,ENST00000489659.1,ENST00000490601.1,ENST00000493421.1,ENST00000494196.1,ENST00000498427.1,ENST00000643049.3,ENST00000643923.1,ENST00000645078.1,ENST00000698420.1,ENST00000698421.1,ENST00000698422.2,ENST00000698423.2,ENST00000698424.2,ENST00000875704.2,ENST00000875705.2,ENST00000875706.2,ENST00000920267.2,ENST00000920268.2,ENST00001001601.1,ENST00001001602.1,ENST00001001603.1,ENST00001047124.1,ENST00001060459.1,ENST00001107723.1,ENST00001135619.1	21	ENST00000354258.5,ENST00000383235.4,ENST00000414467.2,ENST00000418205.2,ENST00000424897.2,ENST00000428324.2,ENST00000439781.2,ENST00000440894.2,ENST00000643923.1,ENST00000645078.1,ENST00000698424.2,ENST00000875704.2,ENST00000875705.2,ENST00000875706.2,ENST00000920267.2,ENST00000920268.2,ENST00001001601.1,ENST00001001602.1,ENST00001001603.1,ENST00001060459.1,ENST00001135619.1	5	multiple_isoforms_differential_probe_coverage
TAP2	5	49	5	0	42	ENST00000374897.4,ENST00000383118.8,ENST00000383119.8,ENST00000383239.8,ENST00000383240.8,ENST00000414145.6,ENST00000419142.6,ENST00000426977.2,ENST00000439425.6,ENST00000443713.6,ENST00000445986.6,ENST00000451907.2,ENST00000452371.6,ENST00000455842.2,ENST00000457634.6,ENST00000462883.1,ENST00000464100.1,ENST00000481574.1,ENST00000485043.1,ENST00000485516.1,ENST00000485701.2,ENST00000486525.1,ENST00000495722.1,ENST00000495854.1,ENST00000612574.1,ENST00000613095.1,ENST00000619283.1,ENST00000620674.1,ENST00000652259.2,ENST00000698440.2,ENST00000698441.2,ENST00000698448.1,ENST00000698449.2,ENST00000705716.2,ENST00000861086.2,ENST00000861087.1,ENST00000861088.2,ENST00000933348.2,ENST00000933349.2,ENST00000985934.1,ENST00001118498.1,ENST00001134898.1	33	ENST00000374897.4,ENST00000383118.8,ENST00000383119.8,ENST00000383239.8,ENST00000383240.8,ENST00000414145.6,ENST00000419142.6,ENST00000426977.2,ENST00000439425.6,ENST00000443713.6,ENST00000445986.6,ENST00000451907.2,ENST00000452371.6,ENST00000455842.2,ENST00000457634.6,ENST00000485701.2,ENST00000612574.1,ENST00000613095.1,ENST00000619283.1,ENST00000620674.1,ENST00000652259.2,ENST00000698440.2,ENST00000698441.2,ENST00000698448.1,ENST00000698449.2,ENST00000705716.2,ENST00000861086.2,ENST00000861087.1,ENST00000933348.2,ENST00000933349.2,ENST00000985934.1,ENST00001118498.1,ENST00001134898.1	3	multiple_isoforms_differential_probe_coverage
TBX21	5	5	5	0	5	ENST00000177694.2,ENST00000581328.1,ENST00000906368.1,ENST00000996922.1,ENST00001142302.1	3	ENST00000177694.2,ENST00000906368.1,ENST00001142302.1	3	multiple_isoforms_differential_probe_coverage
TCL1A	5	12	5	0	11	ENST00000402399.6,ENST00000554012.6,ENST00000554119.5,ENST00000555202.2,ENST00000555886.5,ENST00000556156.1,ENST00000556450.6,ENST00000557043.5,ENST00001091879.1,ENST00001091880.1,ENST00001136969.1	4	ENST00000402399.6,ENST00000554012.6,ENST00000556450.6,ENST00001136969.1	4	multiple_isoforms_differential_probe_coverage
TEK	5	38	5	0	38	ENST00000380036.10,ENST00000406359.9,ENST00000519080.1,ENST00000519097.6,ENST00000615002.5,ENST00000856712.1,ENST00000856713.2,ENST00000856714.2,ENST00000856715.2,ENST00000856716.2,ENST00000856717.2,ENST00000856718.2,ENST00000856719.2,ENST00000856720.2,ENST00000856721.2,ENST00000856722.2,ENST00000856723.2,ENST00000856724.2,ENST00000856725.2,ENST00000856726.2,ENST00000856727.2,ENST00000856728.2,ENST00000923266.2,ENST00000923267.2,ENST00000944990.2,ENST00000944991.2,ENST00000944992.2,ENST00000944993.2,ENST00000944994.2,ENST00000944995.2,ENST00000944996.2,ENST00000944997.2,ENST00000944998.2,ENST00001029935.1,ENST00001029936.1,ENST00001029937.1,ENST00001029938.1,ENST00001138428.1	27	ENST00000380036.10,ENST00000406359.9,ENST00000519097.6,ENST00000615002.5,ENST00000856712.1,ENST00000856713.2,ENST00000856714.2,ENST00000856715.2,ENST00000856717.2,ENST00000856718.2,ENST00000856720.2,ENST00000856722.2,ENST00000856723.2,ENST00000856724.2,ENST00000856725.2,ENST00000856727.2,ENST00000923266.2,ENST00000923267.2,ENST00000944992.2,ENST00000944994.2,ENST00000944997.2,ENST00000944998.2,ENST00001029935.1,ENST00001029936.1,ENST00001029937.1,ENST00001029938.1,ENST00001138428.1	5	multiple_isoforms_differential_probe_coverage
TFEB	5	47	5	0	46	ENST00000230323.8,ENST00000343317.11,ENST00000358871.6,ENST00000373033.6,ENST00000394283.5,ENST00000403298.9,ENST00000406563.7,ENST00000416140.6,ENST00000419396.6,ENST00000419574.6,ENST00000420312.6,ENST00000424495.2,ENST00000445214.2,ENST00000677531.1,ENST00000678831.1,ENST00000678871.1,ENST00000679217.1,ENST00000679237.1,ENST00000861508.2,ENST00000861509.1,ENST00000861510.2,ENST00000861511.1,ENST00000861512.1,ENST00000861513.2,ENST00000861514.1,ENST00000861515.2,ENST00000861516.2,ENST00000861517.2,ENST00000861518.1,ENST00000861519.1,ENST00000861520.1,ENST00000861521.1,ENST00000941005.1,ENST00000941006.2,ENST00000941007.1,ENST00000941008.2,ENST00000941009.2,ENST00000941010.2,ENST00000941011.2,ENST00000941012.2,ENST00000941013.2,ENST00000941014.2,ENST00001000221.1,ENST00001000222.1,ENST00001027151.1,ENST00001027152.1	39	ENST00000230323.8,ENST00000343317.11,ENST00000358871.6,ENST00000373033.6,ENST00000403298.9,ENST00000406563.7,ENST00000416140.6,ENST00000419396.6,ENST00000419574.6,ENST00000420312.6,ENST00000424495.2,ENST00000445214.2,ENST00000677531.1,ENST00000678831.1,ENST00000861508.2,ENST00000861509.1,ENST00000861510.2,ENST00000861511.1,ENST00000861512.1,ENST00000861513.2,ENST00000861514.1,ENST00000861515.2,ENST00000861516.2,ENST00000861517.2,ENST00000861518.1,ENST00000861519.1,ENST00000861520.1,ENST00000861521.1,ENST00000941005.1,ENST00000941006.2,ENST00000941007.1,ENST00000941008.2,ENST00000941009.2,ENST00000941010.2,ENST00000941011.2,ENST00000941012.2,ENST00000941013.2,ENST00000941014.2,ENST00001000221.1	3	multiple_isoforms_differential_probe_coverage
TGFB1	5	17	5	0	17	ENST00000221930.6,ENST00000597453.1,ENST00000598758.5,ENST00000600196.2,ENST00000677934.1,ENST00000890114.1,ENST00000966383.2,ENST00000966384.2,ENST00001090430.1,ENST00001090431.1,ENST00001090432.1,ENST00001090433.1,ENST00001111147.1,ENST00001114525.1,ENST00001114526.1,ENST00001122012.1,ENST00001136818.1	5	ENST00000221930.6,ENST00000890114.1,ENST00001090432.1,ENST00001090433.1,ENST00001136818.1	5	multiple_isoforms_differential_probe_coverage
TGFB2	5	6	5	0	6	ENST00000366929.5,ENST00000366930.9,ENST00000479322.1,ENST00000488793.1,ENST00000991003.1,ENST00001034486.1	4	ENST00000366929.5,ENST00000366930.9,ENST00000991003.1,ENST00001034486.1	3	multiple_isoforms_differential_probe_coverage
TGFB3	5	25	5	0	24	ENST00000238682.8,ENST00000554980.5,ENST00000555193.1,ENST00000556285.2,ENST00000556674.3,ENST00000557493.1,ENST00000858792.2,ENST00000858793.2,ENST00000858794.2,ENST00000858795.2,ENST00000858796.2,ENST00000858797.2,ENST00000911430.2,ENST00000964914.2,ENST00000964915.2,ENST00000964916.2,ENST00000964917.2,ENST00001007665.1,ENST00001007666.1,ENST00001008817.1,ENST00001008818.1,ENST00001008819.1,ENST00001008820.1,ENST00001139779.1	18	ENST00000238682.8,ENST00000556285.2,ENST00000556674.3,ENST00000858792.2,ENST00000858793.2,ENST00000858794.2,ENST00000858795.2,ENST00000911430.2,ENST00000964914.2,ENST00000964915.2,ENST00000964917.2,ENST00001007665.1,ENST00001007666.1,ENST00001008817.1,ENST00001008818.1,ENST00001008819.1,ENST00001008820.1,ENST00001139779.1	4	multiple_isoforms_differential_probe_coverage
TGFBR1	5	31	5	0	31	ENST00000374990.7,ENST00000374994.9,ENST00000546584.2,ENST00000547314.6,ENST00000548365.6,ENST00000549021.7,ENST00000549766.5,ENST00000550253.2,ENST00000552516.6,ENST00000552573.7,ENST00000698941.2,ENST00000698942.1,ENST00000698943.1,ENST00000714345.2,ENST00000714346.1,ENST00000714347.1,ENST00000714348.2,ENST00000714349.1,ENST00000714350.1,ENST00000714351.1,ENST00000858563.2,ENST00000858564.2,ENST00000937285.2,ENST00000937286.2,ENST00000937287.2,ENST00000937288.2,ENST00000971225.2,ENST00001041421.1,ENST00001041422.1,ENST00001041423.1,ENST00001135623.1	17	ENST00000374990.7,ENST00000374994.9,ENST00000546584.2,ENST00000547314.6,ENST00000549021.7,ENST00000550253.2,ENST00000552516.6,ENST00000552573.7,ENST00000698941.2,ENST00000698942.1,ENST00000714346.1,ENST00000714348.2,ENST00000714349.1,ENST00000714350.1,ENST00000714351.1,ENST00001041421.1,ENST00001135623.1	5	multiple_isoforms_differential_probe_coverage
TGFBR2	5	18	5	0	18	ENST00000295754.10,ENST00000359013.5,ENST00000672050.1,ENST00000672866.1,ENST00000673203.1,ENST00000673250.1,ENST00000714389.2,ENST00000714390.1,ENST00000714391.2,ENST00000714392.1,ENST00000894724.2,ENST00000941788.2,ENST00000941789.2,ENST00001010630.1,ENST00001010632.1,ENST00001010633.1,ENST00001010635.1,ENST00001144391.1	14	ENST00000295754.10,ENST00000359013.5,ENST00000672866.1,ENST00000714389.2,ENST00000714390.1,ENST00000714391.2,ENST00000714392.1,ENST00000941788.2,ENST00000941789.2,ENST00001010630.1,ENST00001010632.1,ENST00001010633.1,ENST00001010635.1,ENST00001144391.1	3	multiple_isoforms_differential_probe_coverage
THBS1	5	14	5	0	11	ENST00000260356.6,ENST00000397591.2,ENST00000484734.1,ENST00000490247.1,ENST00000559746.1,ENST00000880750.2,ENST00000880751.2,ENST00000880752.2,ENST00001115933.1,ENST00001115934.1,ENST00001133346.1	5	ENST00000260356.6,ENST00000880750.2,ENST00000880751.2,ENST00000880752.2,ENST00001133346.1	5	multiple_isoforms_differential_probe_coverage
THBS2	5	35	5	0	34	ENST00000366787.8,ENST00000435791.1,ENST00000472733.1,ENST00000488355.1,ENST00000617924.6,ENST00000649844.2,ENST00000676498.1,ENST00000676628.2,ENST00000676760.1,ENST00000676869.2,ENST00000676941.1,ENST00000677398.1,ENST00000677429.1,ENST00000678378.1,ENST00000906004.1,ENST00000906005.1,ENST00000927078.1,ENST00000927079.2,ENST00000927080.2,ENST00000927081.2,ENST00000969635.2,ENST00000969636.2,ENST00000969637.2,ENST00000969638.2,ENST00000969639.2,ENST00001023821.1,ENST00001023822.1,ENST00001023823.1,ENST00001023824.1,ENST00001023825.1,ENST00001023826.1,ENST00001115865.1,ENST00001115866.1,ENST00001136721.1	23	ENST00000366787.8,ENST00000617924.6,ENST00000649844.2,ENST00000676498.1,ENST00000676628.2,ENST00000676760.1,ENST00000676869.2,ENST00000677429.1,ENST00000906004.1,ENST00000906005.1,ENST00000927080.2,ENST00000927081.2,ENST00000969635.2,ENST00000969636.2,ENST00000969637.2,ENST00000969639.2,ENST00001023821.1,ENST00001023822.1,ENST00001023823.1,ENST00001023824.1,ENST00001023825.1,ENST00001023826.1,ENST00001136721.1	5	multiple_isoforms_differential_probe_coverage
TIE1	5	21	5	0	17	ENST00000372476.8,ENST00000461061.1,ENST00000471187.1,ENST00000473014.1,ENST00000485125.1,ENST00000538015.2,ENST00000714825.1,ENST00000964802.2,ENST00000964803.2,ENST00001049428.1,ENST00001049429.1,ENST00001049430.1,ENST00001049431.1,ENST00001049432.1,ENST00001105660.1,ENST00001117197.1,ENST00001143968.1	7	ENST00000372476.8,ENST00000714825.1,ENST00001049428.1,ENST00001049430.1,ENST00001105660.1,ENST00001117197.1,ENST00001143968.1	5	multiple_isoforms_differential_probe_coverage
TIGIT	5	11	5	0	11	ENST00000383671.8,ENST00000461158.5,ENST00000481065.6,ENST00000484319.1,ENST00000485814.1,ENST00000486257.5,ENST00000496848.1,ENST00000891102.1,ENST00000891103.2,ENST00000891104.2,ENST00001143351.1	5	ENST00000383671.8,ENST00000481065.6,ENST00000486257.5,ENST00000891102.1,ENST00001143351.1	3	multiple_isoforms_differential_probe_coverage
TIMP1	5	20	5	0	20	ENST00000218388.9,ENST00000377017.6,ENST00000441738.1,ENST00000445623.1,ENST00000456754.7,ENST00000905034.2,ENST00000905035.2,ENST00000905036.2,ENST00000951185.2,ENST00000951186.2,ENST00001056906.1,ENST00001066673.1,ENST00001066674.1,ENST00001096419.1,ENST00001096420.1,ENST00001096421.1,ENST00001096422.1,ENST00001096423.1,ENST00001127180.1,ENST00001136332.1	9	ENST00000218388.9,ENST00000905035.2,ENST00000905036.2,ENST00001056906.1,ENST00001066673.1,ENST00001096419.1,ENST00001096422.1,ENST00001127180.1,ENST00001136332.1	5	multiple_isoforms_differential_probe_coverage
TLR1	5	16	5	0	11	ENST00000308979.7,ENST00000502213.8,ENST00000505940.1,ENST00000506146.5,ENST00000515861.5,ENST00000862584.2,ENST00000862585.2,ENST00000862586.2,ENST00000862587.2,ENST00001006023.1,ENST00001137135.1	8	ENST00000308979.7,ENST00000502213.8,ENST00000862584.2,ENST00000862585.2,ENST00000862586.2,ENST00000862587.2,ENST00001006023.1,ENST00001137135.1	3	multiple_isoforms_differential_probe_coverage
TLR2	5	33	5	0	32	ENST00000260010.8,ENST00000642580.2,ENST00000642700.2,ENST00000643087.1,ENST00000643501.3,ENST00000646219.3,ENST00000646900.3,ENST00000714431.2,ENST00000714432.2,ENST00000714433.2,ENST00000714434.2,ENST00000714435.2,ENST00000714436.2,ENST00000855786.2,ENST00000855787.2,ENST00000855788.2,ENST00000855789.2,ENST00000855790.2,ENST00000855791.2,ENST00000855792.2,ENST00000914233.2,ENST00000914234.2,ENST00000966792.2,ENST00000966793.2,ENST00000966794.2,ENST00000966795.2,ENST00000966796.2,ENST00000966797.2,ENST00000966798.2,ENST00000966799.2,ENST00000966800.2,ENST00001133230.1	30	ENST00000260010.8,ENST00000642580.2,ENST00000642700.2,ENST00000643501.3,ENST00000646219.3,ENST00000646900.3,ENST00000714431.2,ENST00000714432.2,ENST00000714433.2,ENST00000714434.2,ENST00000714435.2,ENST00000855786.2,ENST00000855787.2,ENST00000855788.2,ENST00000855789.2,ENST00000855790.2,ENST00000855791.2,ENST00000855792.2,ENST00000914233.2,ENST00000914234.2,ENST00000966792.2,ENST00000966793.2,ENST00000966794.2,ENST00000966795.2,ENST00000966796.2,ENST00000966797.2,ENST00000966798.2,ENST00000966799.2,ENST00000966800.2,ENST00001133230.1	3	multiple_isoforms_differential_probe_coverage
TLR3	5	13	5	0	13	ENST00000296795.8,ENST00000504367.2,ENST00000508051.3,ENST00000512264.2,ENST00000513189.1,ENST00000698351.2,ENST00000698352.1,ENST00000698353.1,ENST00000698354.2,ENST00000949725.2,ENST00000949726.2,ENST00000949727.2,ENST00001139769.1	6	ENST00000296795.8,ENST00000698352.1,ENST00000949725.2,ENST00000949726.2,ENST00000949727.2,ENST00001139769.1	2	multiple_isoforms_differential_probe_coverage
TLR4	5	5	5	0	4	ENST00000355622.8,ENST00000394487.6,ENST00000472304.3,ENST00001119368.1	4	ENST00000355622.8,ENST00000394487.6,ENST00000472304.3,ENST00001119368.1	1	multiple_isoforms_same_probe_coverage
TLR5	5	24	5	0	21	ENST00000407096.8,ENST00000484766.3,ENST00000642603.2,ENST00000645434.3,ENST00000714229.2,ENST00000860817.2,ENST00000860818.2,ENST00000860819.2,ENST00000860820.2,ENST00000860821.2,ENST00000860822.2,ENST00000860823.2,ENST00000911266.2,ENST00000964751.2,ENST00000964752.2,ENST00000964753.2,ENST00000964754.2,ENST00000964755.2,ENST00000964756.2,ENST00000964757.2,ENST00001145554.1	21	ENST00000407096.8,ENST00000484766.3,ENST00000642603.2,ENST00000645434.3,ENST00000714229.2,ENST00000860817.2,ENST00000860818.2,ENST00000860819.2,ENST00000860820.2,ENST00000860821.2,ENST00000860822.2,ENST00000860823.2,ENST00000911266.2,ENST00000964751.2,ENST00000964752.2,ENST00000964753.2,ENST00000964754.2,ENST00000964755.2,ENST00000964756.2,ENST00000964757.2,ENST00001145554.1	1	multiple_isoforms_same_probe_coverage
TLR7	5	3	5	0	2	ENST00000380659.4,ENST00001132251.1	2	ENST00000380659.4,ENST00001132251.1	1	multiple_isoforms_same_probe_coverage
TLR8	5	2	5	0	2	ENST00000218032.7,ENST00000311912.6	2	ENST00000218032.7,ENST00000311912.6	1	multiple_isoforms_same_probe_coverage
TM4SF1	5	9	5	0	9	ENST00000305366.8,ENST00000472441.1,ENST00000493298.1,ENST00000493348.1,ENST00000868324.1,ENST00000984864.1,ENST00001096357.1,ENST00001123911.1,ENST00001142438.1	4	ENST00000305366.8,ENST00000868324.1,ENST00001123911.1,ENST00001142438.1	4	multiple_isoforms_differential_probe_coverage
TNF	5	10	5	0	10	ENST00000376122.3,ENST00000383496.4,ENST00000412275.2,ENST00000420425.2,ENST00000443707.2,ENST00000445232.2,ENST00000448781.2,ENST00000449264.3,ENST00000699334.1,ENST00001140822.1	9	ENST00000376122.3,ENST00000383496.4,ENST00000412275.2,ENST00000420425.2,ENST00000443707.2,ENST00000448781.2,ENST00000449264.3,ENST00000699334.1,ENST00001140822.1	2	multiple_isoforms_differential_probe_coverage
TNFAIP6	5	4	5	0	4	ENST00000243347.5,ENST00000460812.1,ENST00001114223.1,ENST00001138323.1	2	ENST00000243347.5,ENST00001138323.1	4	multiple_isoforms_differential_probe_coverage
TNFRSF10A	5	9	5	0	9	ENST00000221132.8,ENST00000519862.1,ENST00000524158.5,ENST00000613472.1,ENST00000901503.2,ENST00001007035.1,ENST00001061157.1,ENST00001114178.1,ENST00001133264.1	5	ENST00000221132.8,ENST00000901503.2,ENST00001007035.1,ENST00001061157.1,ENST00001133264.1	5	multiple_isoforms_differential_probe_coverage
TNFRSF10B	5	21	5	0	20	ENST00000276431.9,ENST00000347739.4,ENST00000518531.5,ENST00000519910.1,ENST00000520109.1,ENST00000523504.5,ENST00000523752.5,ENST00000867256.2,ENST00000867257.2,ENST00000867258.2,ENST00000931215.2,ENST00000931216.2,ENST00000945966.2,ENST00000983837.1,ENST00000983838.1,ENST00001058570.1,ENST00001058571.1,ENST00001113532.1,ENST00001113533.1,ENST00001136788.1	11	ENST00000276431.9,ENST00000347739.4,ENST00000523504.5,ENST00000867256.2,ENST00000867257.2,ENST00000867258.2,ENST00000931215.2,ENST00000983837.1,ENST00000983838.1,ENST00001058570.1,ENST00001136788.1	4	multiple_isoforms_differential_probe_coverage
TNFRSF10D	5	9	5	0	8	ENST00000312584.4,ENST00000870290.1,ENST00001040776.1,ENST00001071045.1,ENST00001071046.1,ENST00001071047.1,ENST00001099015.1,ENST00001136714.1	5	ENST00000312584.4,ENST00001040776.1,ENST00001071045.1,ENST00001099015.1,ENST00001136714.1	3	multiple_isoforms_differential_probe_coverage
TNFRSF11A	5	15	5	0	14	ENST00000269485.12,ENST00000586569.3,ENST00000587697.1,ENST00000903841.2,ENST00000903842.2,ENST00000903843.2,ENST00000903844.2,ENST00000938972.2,ENST00000938973.2,ENST00000985933.1,ENST00001076931.1,ENST00001076932.1,ENST00001114841.1,ENST00001132723.1	9	ENST00000269485.12,ENST00000586569.3,ENST00000903841.2,ENST00000903842.2,ENST00000903843.2,ENST00000903844.2,ENST00000938972.2,ENST00000985933.1,ENST00001132723.1	5	multiple_isoforms_differential_probe_coverage
TNFRSF11B	5	9	5	0	9	ENST00000297350.9,ENST00000517352.1,ENST00000521597.1,ENST00000903853.2,ENST00000915466.2,ENST00000966248.2,ENST00000966249.2,ENST00001044334.1,ENST00001137829.1	5	ENST00000297350.9,ENST00000903853.2,ENST00000966249.2,ENST00001044334.1,ENST00001137829.1	3	multiple_isoforms_differential_probe_coverage
TNFRSF12A	5	12	5	0	11	ENST00000326577.9,ENST00000341627.6,ENST00000571351.1,ENST00000573001.6,ENST00000574699.1,ENST00000575124.1,ENST00000917163.2,ENST00000917164.2,ENST00000917165.2,ENST00000979912.1,ENST00001140282.1	6	ENST00000326577.9,ENST00000341627.6,ENST00000917163.2,ENST00000917164.2,ENST00000979912.1,ENST00001140282.1	4	multiple_isoforms_differential_probe_coverage
TNFRSF13B	5	7	5	0	7	ENST00000261652.7,ENST00000579009.1,ENST00000579315.5,ENST00000581616.2,ENST00000582931.5,ENST00000583789.2,ENST00000584950.5	1	ENST00000261652.7	5	multiple_isoforms_differential_probe_coverage
TNFRSF14	5	74	5	0	72	ENST00000355716.5,ENST00000409119.6,ENST00000426449.5,ENST00000434817.5,ENST00000435221.6,ENST00000442392.6,ENST00000451778.5,ENST00000463471.6,ENST00000463835.5,ENST00000466750.5,ENST00000471768.1,ENST00000475523.5,ENST00000480305.1,ENST00000482074.6,ENST00000496064.5,ENST00000617968.3,ENST00000621877.3,ENST00000625292.2,ENST00000625516.2,ENST00000625695.2,ENST00000626042.2,ENST00000626465.2,ENST00000627750.1,ENST00000627817.2,ENST00000628337.2,ENST00000629075.2,ENST00000629542.2,ENST00000629696.1,ENST00000630160.2,ENST00000631202.2,ENST00000860781.2,ENST00000860782.2,ENST00000860783.2,ENST00000860784.2,ENST00000860785.2,ENST00000860786.2,ENST00000860787.2,ENST00000860788.2,ENST00000860789.2,ENST00000860790.2,ENST00000860791.2,ENST00000972443.2,ENST00000972444.2,ENST00000972445.2,ENST00000972446.2,ENST00000992717.1,ENST00000992718.1,ENST00000992719.1,ENST00000992720.1,ENST00000992721.1,ENST00000992722.1,ENST00000992723.1,ENST00000992724.1,ENST00000992725.1,ENST00001038729.1,ENST00001038730.1,ENST00001038731.1,ENST00001038732.1,ENST00001038733.1,ENST00001038734.1,ENST00001038735.1,ENST00001038736.1,ENST00001038737.1,ENST00001038738.1,ENST00001038739.1,ENST00001038740.1,ENST00001038741.1,ENST00001038742.1,ENST00001038743.1,ENST00001038744.1,ENST00001038745.1,ENST00001145652.1	44	ENST00000355716.5,ENST00000463471.6,ENST00000621877.3,ENST00000630160.2,ENST00000860781.2,ENST00000860782.2,ENST00000860783.2,ENST00000860784.2,ENST00000860785.2,ENST00000860786.2,ENST00000860787.2,ENST00000860788.2,ENST00000860789.2,ENST00000860791.2,ENST00000972443.2,ENST00000972444.2,ENST00000972445.2,ENST00000972446.2,ENST00000992717.1,ENST00000992718.1,ENST00000992719.1,ENST00000992720.1,ENST00000992721.1,ENST00000992722.1,ENST00000992723.1,ENST00000992724.1,ENST00000992725.1,ENST00001038729.1,ENST00001038730.1,ENST00001038731.1,ENST00001038732.1,ENST00001038733.1,ENST00001038734.1,ENST00001038735.1,ENST00001038736.1,ENST00001038737.1,ENST00001038738.1,ENST00001038739.1,ENST00001038740.1,ENST00001038741.1,ENST00001038742.1,ENST00001038744.1,ENST00001038745.1,ENST00001145652.1	5	multiple_isoforms_differential_probe_coverage
TNFRSF17	5	4	5	0	4	ENST00000053243.6,ENST00000396495.4,ENST00000562385.1,ENST00001135427.1	2	ENST00000053243.6,ENST00001135427.1	3	multiple_isoforms_differential_probe_coverage
TNFRSF18	5	6	5	0	6	ENST00000328596.10,ENST00000379265.5,ENST00000379268.7,ENST00000486728.5,ENST00001012818.1,ENST00001144580.1	2	ENST00000379268.7,ENST00001144580.1	4	multiple_isoforms_differential_probe_coverage
TNFRSF19	5	27	5	0	25	ENST00000248484.9,ENST00000382258.9,ENST00000382263.4,ENST00000403372.7,ENST00000862810.2,ENST00000862811.2,ENST00000862812.2,ENST00000862813.2,ENST00000862814.2,ENST00000862815.2,ENST00000862816.2,ENST00000862817.2,ENST00000862818.2,ENST00000912233.2,ENST00000960865.2,ENST00001000013.1,ENST00001106260.1,ENST00001114595.1,ENST00001118969.1,ENST00001118970.1,ENST00001129082.1,ENST00001129083.1,ENST00001129084.1,ENST00001129085.1,ENST00001132323.1	13	ENST00000248484.9,ENST00000382258.9,ENST00000382263.4,ENST00000403372.7,ENST00000862813.2,ENST00000862814.2,ENST00000862815.2,ENST00000862816.2,ENST00000862817.2,ENST00000960865.2,ENST00001118969.1,ENST00001118970.1,ENST00001132323.1	4	multiple_isoforms_differential_probe_coverage
TNFRSF1A	5	37	5	0	35	ENST00000162749.7,ENST00000366159.9,ENST00000437813.8,ENST00000440083.8,ENST00000534885.5,ENST00000535038.2,ENST00000535958.2,ENST00000536194.1,ENST00000537842.5,ENST00000539372.5,ENST00000540022.6,ENST00000543995.5,ENST00000698337.1,ENST00000698338.1,ENST00000698339.1,ENST00000698340.1,ENST00000898686.2,ENST00000898687.2,ENST00000898688.2,ENST00000898689.2,ENST00000947891.2,ENST00000947892.2,ENST00000947893.2,ENST00000995987.1,ENST00000995988.1,ENST00000995989.1,ENST00000995991.1,ENST00001033634.1,ENST00001033635.1,ENST00001033636.1,ENST00001033639.1,ENST00001033640.1,ENST00001033642.1,ENST00001117300.1,ENST00001142879.1	21	ENST00000162749.7,ENST00000366159.9,ENST00000437813.8,ENST00000440083.8,ENST00000534885.5,ENST00000535958.2,ENST00000698339.1,ENST00000698340.1,ENST00000898687.2,ENST00000898688.2,ENST00000947892.2,ENST00000947893.2,ENST00000995987.1,ENST00000995988.1,ENST00000995989.1,ENST00001033635.1,ENST00001033636.1,ENST00001033640.1,ENST00001033642.1,ENST00001117300.1,ENST00001142879.1	5	multiple_isoforms_differential_probe_coverage
TNFRSF1B	5	29	5	0	28	ENST00000376259.7,ENST00000489921.1,ENST00000492361.1,ENST00000536782.2,ENST00000857300.2,ENST00000857301.2,ENST00000857303.2,ENST00000857304.2,ENST00000941754.2,ENST00000941755.2,ENST00000941756.2,ENST00000941757.2,ENST00000941758.2,ENST00000990323.1,ENST00000990324.1,ENST00001017723.1,ENST00001017724.1,ENST00001017725.1,ENST00001017726.1,ENST00001017727.1,ENST00001075145.1,ENST00001105673.1,ENST00001115455.1,ENST00001115456.1,ENST00001120425.1,ENST00001128523.1,ENST00001128524.1,ENST00001145547.1	19	ENST00000376259.7,ENST00000492361.1,ENST00000857300.2,ENST00000857301.2,ENST00000857303.2,ENST00000857304.2,ENST00000941756.2,ENST00000941757.2,ENST00000941758.2,ENST00001017723.1,ENST00001017726.1,ENST00001017727.1,ENST00001105673.1,ENST00001115455.1,ENST00001115456.1,ENST00001120425.1,ENST00001128523.1,ENST00001128524.1,ENST00001145547.1	5	multiple_isoforms_differential_probe_coverage
TNFRSF21	5	10	5	0	8	ENST00000296861.2,ENST00000877798.2,ENST00000952535.2,ENST00000952536.2,ENST00001034404.1,ENST00001034405.1,ENST00001083408.1,ENST00001135162.1	7	ENST00000296861.2,ENST00000877798.2,ENST00000952536.2,ENST00001034404.1,ENST00001034405.1,ENST00001083408.1,ENST00001135162.1	2	multiple_isoforms_differential_probe_coverage
TNFRSF4	5	15	5	0	15	ENST00000379236.4,ENST00000453580.1,ENST00000497869.5,ENST00000699969.1,ENST00000699970.1,ENST00000699971.2,ENST00000699972.1,ENST00000699973.1,ENST00000699974.1,ENST00000699975.2,ENST00000699976.2,ENST00000699977.2,ENST00000699978.1,ENST00000699979.1,ENST00001145899.1	10	ENST00000379236.4,ENST00000497869.5,ENST00000699970.1,ENST00000699971.2,ENST00000699972.1,ENST00000699973.1,ENST00000699974.1,ENST00000699976.2,ENST00000699977.2,ENST00001145899.1	4	multiple_isoforms_differential_probe_coverage
TNFRSF9	5	5	5	0	5	ENST00000377507.8,ENST00000474475.1,ENST00000492571.1,ENST00000674210.1,ENST00000875592.2	2	ENST00000377507.8,ENST00000875592.2	4	multiple_isoforms_differential_probe_coverage
TNFSF10	5	19	5	0	19	ENST00000241261.7,ENST00000420541.7,ENST00000430881.1,ENST00000466777.1,ENST00000472804.1,ENST00000494851.5,ENST00000855868.2,ENST00000855869.2,ENST00000855870.2,ENST00000855871.2,ENST00000855872.2,ENST00000967485.1,ENST00001000917.1,ENST00001000918.1,ENST00001000919.1,ENST00001040999.1,ENST00001102936.1,ENST00001102937.1,ENST00001144641.1	12	ENST00000241261.7,ENST00000420541.7,ENST00000855868.2,ENST00000855869.2,ENST00000855870.2,ENST00000967485.1,ENST00001000917.1,ENST00001000918.1,ENST00001040999.1,ENST00001102936.1,ENST00001102937.1,ENST00001144641.1	3	multiple_isoforms_differential_probe_coverage
TNFSF12	5	27	5	0	23	ENST00000293825.11,ENST00000322272.11,ENST00000462619.6,ENST00000462811.2,ENST00000700014.1,ENST00000700015.2,ENST00000700047.1,ENST00000700048.1,ENST00000700049.1,ENST00000700050.1,ENST00000700052.2,ENST00000700053.2,ENST00000700054.1,ENST00000700056.1,ENST00000700057.1,ENST00000700058.1,ENST00000700059.1,ENST00000946751.2,ENST00000988323.1,ENST00000988324.1,ENST00001057654.1,ENST00001057655.1,ENST00001140329.1	18	ENST00000293825.11,ENST00000322272.11,ENST00000462619.6,ENST00000462811.2,ENST00000700015.2,ENST00000700047.1,ENST00000700048.1,ENST00000700049.1,ENST00000700050.1,ENST00000700053.2,ENST00000700054.1,ENST00000700058.1,ENST00000946751.2,ENST00000988323.1,ENST00000988324.1,ENST00001057654.1,ENST00001057655.1,ENST00001140329.1	5	multiple_isoforms_differential_probe_coverage
TNFSF13B	5	8	5	0	7	ENST00000375887.9,ENST00000430559.5,ENST00000479435.1,ENST00000493765.1,ENST00000542136.1,ENST00001046446.1,ENST00001132394.1	4	ENST00000375887.9,ENST00000430559.5,ENST00001046446.1,ENST00001132394.1	4	multiple_isoforms_differential_probe_coverage
TNFSF14	5	7	5	0	7	ENST00000245912.8,ENST00000599359.2,ENST00000675206.1,ENST00000850589.1,ENST00000896417.1,ENST00000896418.1,ENST00001004815.1	2	ENST00000245912.8,ENST00000675206.1	3	multiple_isoforms_differential_probe_coverage
TNFSF15	5	3	5	0	3	ENST00000374044.1,ENST00000374045.5,ENST00001136653.1	2	ENST00000374045.5,ENST00001136653.1	2	multiple_isoforms_differential_probe_coverage
TNFSF18	5	1	5	0	1	ENST00000404377.5	1	ENST00000404377.5	1	single_isoform
TNFSF4	5	13	5	0	13	ENST00000281834.4,ENST00000367718.5,ENST00000488053.1,ENST00000714429.2,ENST00000714430.2,ENST00000714452.1,ENST00000714453.1,ENST00000714469.1,ENST00000714470.2,ENST00000714471.1,ENST00000899982.1,ENST00000963049.1,ENST00001145780.1	8	ENST00000281834.4,ENST00000367718.5,ENST00000714430.2,ENST00000714470.2,ENST00000714471.1,ENST00000899982.1,ENST00000963049.1,ENST00001145780.1	2	multiple_isoforms_differential_probe_coverage
TNFSF8	5	5	5	0	5	ENST00000223795.3,ENST00000474301.1,ENST00000618336.5,ENST00000872160.2,ENST00001138231.1	4	ENST00000223795.3,ENST00000618336.5,ENST00000872160.2,ENST00001138231.1	2	multiple_isoforms_differential_probe_coverage
TNFSF9	5	3	5	0	3	ENST00000245817.5,ENST00001122907.1,ENST00001136559.1	3	ENST00000245817.5,ENST00001122907.1,ENST00001136559.1	1	multiple_isoforms_same_probe_coverage
TOP2A	5	11	5	0	7	ENST00000423485.6,ENST00000917864.1,ENST00000917865.2,ENST00001060014.1,ENST00001060015.1,ENST00001060016.1,ENST00001060017.1	5	ENST00000423485.6,ENST00000917864.1,ENST00001060014.1,ENST00001060015.1,ENST00001060016.1	3	multiple_isoforms_differential_probe_coverage
TOX	5	7	5	0	7	ENST00000361421.2,ENST00000890858.2,ENST00000966263.2,ENST00000966264.2,ENST00001020049.1,ENST00001114865.1,ENST00001138406.1	4	ENST00000361421.2,ENST00000890858.2,ENST00001020049.1,ENST00001138406.1	3	multiple_isoforms_differential_probe_coverage
TP53	5	40	5	0	38	ENST00000269305.9,ENST00000359597.8,ENST00000413465.6,ENST00000420246.7,ENST00000445888.7,ENST00000455263.7,ENST00000503591.3,ENST00000504290.5,ENST00000504937.5,ENST00000505014.5,ENST00000508793.6,ENST00000509690.6,ENST00000510385.5,ENST00000514944.7,ENST00000576024.3,ENST00000604348.7,ENST00000610292.4,ENST00000610538.4,ENST00000610623.4,ENST00000618944.4,ENST00000619186.4,ENST00000619485.4,ENST00000620739.4,ENST00000622645.4,ENST00000635293.1,ENST00000714356.1,ENST00000714357.1,ENST00000714358.1,ENST00000714359.1,ENST00000714408.2,ENST00000714409.2,ENST00000905353.1,ENST00000923566.1,ENST00000923567.2,ENST00000923568.1,ENST00000923569.1,ENST00000949117.2,ENST00001075976.1	33	ENST00000269305.9,ENST00000420246.7,ENST00000445888.7,ENST00000455263.7,ENST00000503591.3,ENST00000504290.5,ENST00000504937.5,ENST00000508793.6,ENST00000509690.6,ENST00000510385.5,ENST00000514944.7,ENST00000576024.3,ENST00000604348.7,ENST00000610292.4,ENST00000610538.4,ENST00000610623.4,ENST00000618944.4,ENST00000619186.4,ENST00000619485.4,ENST00000620739.4,ENST00000622645.4,ENST00000714357.1,ENST00000714358.1,ENST00000714359.1,ENST00000714408.2,ENST00000714409.2,ENST00000905353.1,ENST00000923566.1,ENST00000923567.2,ENST00000923568.1,ENST00000923569.1,ENST00000949117.2,ENST00001075976.1	4	multiple_isoforms_differential_probe_coverage
TPM1	5	168	5	0	161	ENST00000267996.12,ENST00000288398.11,ENST00000317516.12,ENST00000334895.10,ENST00000357980.10,ENST00000358278.8,ENST00000403994.9,ENST00000404484.10,ENST00000558072.5,ENST00000558264.5,ENST00000558314.5,ENST00000558347.5,ENST00000558400.1,ENST00000558544.5,ENST00000558868.6,ENST00000558910.3,ENST00000559108.1,ENST00000559281.6,ENST00000559397.7,ENST00000559556.6,ENST00000559831.6,ENST00000560131.2,ENST00000560615.6,ENST00000560679.1,ENST00000560959.5,ENST00000560970.6,ENST00000560975.5,ENST00000561242.1,ENST00000561266.7,ENST00000561395.6,ENST00000644204.1,ENST00000651344.1,ENST00000651577.1,ENST00000651590.1,ENST00000651622.2,ENST00000651704.1,ENST00000705544.1,ENST00000714013.2,ENST00000714014.2,ENST00000714015.1,ENST00000714016.1,ENST00000714017.2,ENST00000893958.2,ENST00000893959.2,ENST00000893960.2,ENST00000940173.2,ENST00000940174.2,ENST00000940175.2,ENST00000940176.2,ENST00000940177.2,ENST00000942068.2,ENST00000942069.2,ENST00000942070.2,ENST00000942071.2,ENST00000942072.2,ENST00000942073.2,ENST00000942074.2,ENST00000942075.2,ENST00000942076.2,ENST00000942077.2,ENST00000942078.2,ENST00000942079.2,ENST00000942080.2,ENST00000983552.1,ENST00000983553.1,ENST00000983555.1,ENST00000983556.1,ENST00000983557.1,ENST00000983558.1,ENST00000983559.1,ENST00000983560.1,ENST00000983561.1,ENST00000983565.1,ENST00001024743.1,ENST00001024745.1,ENST00001024749.1,ENST00001024750.1,ENST00001024752.1,ENST00001024753.1,ENST00001024756.1,ENST00001024757.1,ENST00001024758.1,ENST00001024764.1,ENST00001024765.1,ENST00001024768.1,ENST00001024770.1,ENST00001024777.1,ENST00001024786.1,ENST00001024790.1,ENST00001024794.1,ENST00001024804.1,ENST00001024806.1,ENST00001024808.1,ENST00001024809.1,ENST00001024816.1,ENST00001024820.1,ENST00001024832.1,ENST00001024836.1,ENST00001024842.1,ENST00001024853.1,ENST00001024854.1,ENST00001024855.1,ENST00001024858.1,ENST00001024861.1,ENST00001024863.1,ENST00001024880.1,ENST00001024883.1,ENST00001078126.1,ENST00001078127.1,ENST00001078128.1,ENST00001078129.1,ENST00001078130.1,ENST00001078132.1,ENST00001078135.1,ENST00001078138.1,ENST00001078139.1,ENST00001078141.1,ENST00001078142.1,ENST00001078143.1,ENST00001078146.1,ENST00001078147.1,ENST00001078148.1,ENST00001078149.1,ENST00001078150.1,ENST00001078151.1,ENST00001078152.1,ENST00001078154.1,ENST00001078156.1,ENST00001078158.1,ENST00001078162.1,ENST00001078166.1,ENST00001078169.1,ENST00001105448.1,ENST00001105449.1,ENST00001105450.1,ENST00001105451.1,ENST00001105452.1,ENST00001105453.1,ENST00001105454.1,ENST00001105455.1,ENST00001105456.1,ENST00001105457.1,ENST00001105458.1,ENST00001105459.1,ENST00001105460.1,ENST00001105461.1,ENST00001113260.1,ENST00001118990.1,ENST00001118991.1,ENST00001123209.1,ENST00001123210.1,ENST00001123211.1,ENST00001123212.1,ENST00001123213.1,ENST00001123214.1,ENST00001123215.1,ENST00001123216.1,ENST00001123217.1,ENST00001123218.1,ENST00001123219.1,ENST00001130595.1	39	ENST00000267996.12,ENST00000357980.10,ENST00000358278.8,ENST00000404484.10,ENST00000558264.5,ENST00000558868.6,ENST00000559397.7,ENST00000559556.6,ENST00000559831.6,ENST00000560615.6,ENST00000644204.1,ENST00000651344.1,ENST00000714014.2,ENST00000983552.1,ENST00000983553.1,ENST00000983556.1,ENST00000983557.1,ENST00000983558.1,ENST00001024743.1,ENST00001024745.1,ENST00001024749.1,ENST00001024753.1,ENST00001024757.1,ENST00001024758.1,ENST00001024765.1,ENST00001024768.1,ENST00001024770.1,ENST00001078127.1,ENST00001078129.1,ENST00001078132.1,ENST00001078138.1,ENST00001118990.1,ENST00001123209.1,ENST00001123211.1,ENST00001123212.1,ENST00001123213.1,ENST00001123214.1,ENST00001123215.1,ENST00001123216.1	5	multiple_isoforms_differential_probe_coverage
TPM2	5	66	5	0	66	ENST00000329305.7,ENST00000378292.10,ENST00000471212.5,ENST00000486018.1,ENST00000604975.1,ENST00000607559.1,ENST00000643485.1,ENST00000644325.1,ENST00000645482.3,ENST00000647435.2,ENST00000951577.2,ENST00000951578.2,ENST00000951579.2,ENST00000951580.2,ENST00000951581.2,ENST00000951582.2,ENST00000951583.2,ENST00000951584.2,ENST00000951585.2,ENST00000996934.1,ENST00000996935.1,ENST00000996940.1,ENST00001050753.1,ENST00001050757.1,ENST00001050759.1,ENST00001050760.1,ENST00001050762.1,ENST00001050763.1,ENST00001050764.1,ENST00001050765.1,ENST00001050766.1,ENST00001050767.1,ENST00001050769.1,ENST00001050771.1,ENST00001050779.1,ENST00001050781.1,ENST00001050784.1,ENST00001050785.1,ENST00001050786.1,ENST00001050789.1,ENST00001050792.1,ENST00001050793.1,ENST00001050794.1,ENST00001050795.1,ENST00001050796.1,ENST00001050797.1,ENST00001067985.1,ENST00001067986.1,ENST00001067987.1,ENST00001067989.1,ENST00001067990.1,ENST00001067991.1,ENST00001067992.1,ENST00001067995.1,ENST00001067997.1,ENST00001104849.1,ENST00001104850.1,ENST00001104851.1,ENST00001104852.1,ENST00001104853.1,ENST00001104854.1,ENST00001104855.1,ENST00001104856.1,ENST00001125147.1,ENST00001125148.1,ENST00001125149.1	46	ENST00000329305.7,ENST00000378292.10,ENST00000471212.5,ENST00000645482.3,ENST00000647435.2,ENST00000951580.2,ENST00000951582.2,ENST00000996934.1,ENST00000996935.1,ENST00000996940.1,ENST00001050753.1,ENST00001050757.1,ENST00001050759.1,ENST00001050760.1,ENST00001050762.1,ENST00001050763.1,ENST00001050764.1,ENST00001050765.1,ENST00001050766.1,ENST00001050767.1,ENST00001050769.1,ENST00001050771.1,ENST00001050779.1,ENST00001050781.1,ENST00001050784.1,ENST00001050786.1,ENST00001050792.1,ENST00001050793.1,ENST00001050794.1,ENST00001050796.1,ENST00001067985.1,ENST00001067986.1,ENST00001067987.1,ENST00001067989.1,ENST00001067990.1,ENST00001067991.1,ENST00001067992.1,ENST00001067995.1,ENST00001067997.1,ENST00001104851.1,ENST00001104853.1,ENST00001104855.1,ENST00001104856.1,ENST00001125147.1,ENST00001125148.1,ENST00001125149.1	5	multiple_isoforms_differential_probe_coverage
TPSAB1	5	15	5	0	15	ENST00000338844.8,ENST00000461509.7,ENST00000561736.4,ENST00000562432.2,ENST00000677899.2,ENST00000711395.1,ENST00000711396.2,ENST00000907588.2,ENST00000907589.2,ENST00000907590.2,ENST00000907591.2,ENST00000960445.1,ENST00000960446.2,ENST00000985898.1,ENST00001138749.1	13	ENST00000338844.8,ENST00000461509.7,ENST00000561736.4,ENST00000677899.2,ENST00000711395.1,ENST00000711396.2,ENST00000907589.2,ENST00000907590.2,ENST00000907591.2,ENST00000960445.1,ENST00000960446.2,ENST00000985898.1,ENST00001138749.1	3	multiple_isoforms_differential_probe_coverage
TPSB2	5	10	5	0	10	ENST00000606293.5,ENST00000611196.4,ENST00000612142.2,ENST00000711420.1,ENST00000711421.1,ENST00000905921.2,ENST00000905922.2,ENST00000905923.1,ENST00000955802.1,ENST00000955803.1	9	ENST00000606293.5,ENST00000612142.2,ENST00000711420.1,ENST00000711421.1,ENST00000905921.2,ENST00000905922.2,ENST00000905923.1,ENST00000955802.1,ENST00000955803.1	2	multiple_isoforms_differential_probe_coverage
TSC22D1	5	20	5	0	11	ENST00000261489.7,ENST00000458659.3,ENST00000611198.4,ENST00000622051.1,ENST00000871365.2,ENST00000871366.2,ENST00000871367.2,ENST00001057312.1,ENST00001057313.1,ENST00001125370.1,ENST00001131788.1	8	ENST00000261489.7,ENST00000458659.3,ENST00000611198.4,ENST00000622051.1,ENST00000871365.2,ENST00000871366.2,ENST00000871367.2,ENST00001131788.1	2	multiple_isoforms_differential_probe_coverage
TSHZ2	5	4	5	0	2	ENST00000371497.10,ENST00000603338.3	2	ENST00000371497.10,ENST00000603338.3	1	multiple_isoforms_same_probe_coverage
TSLP	5	3	5	0	3	ENST00000344895.4,ENST00000379706.5,ENST00000420978.7	3	ENST00000344895.4,ENST00000379706.5,ENST00000420978.7	1	multiple_isoforms_same_probe_coverage
TTR	5	24	5	0	22	ENST00000237014.8,ENST00000432547.7,ENST00000541025.2,ENST00000610404.6,ENST00000649620.2,ENST00000858988.1,ENST00000858989.2,ENST00000858990.2,ENST00000858991.2,ENST00000858992.2,ENST00001007062.1,ENST00001094872.1,ENST00001094873.1,ENST00001121377.1,ENST00001121378.1,ENST00001121379.1,ENST00001121380.1,ENST00001121381.1,ENST00001121382.1,ENST00001121383.1,ENST00001121384.1,ENST00001132669.1	9	ENST00000237014.8,ENST00000858992.2,ENST00001007062.1,ENST00001121377.1,ENST00001121378.1,ENST00001121379.1,ENST00001121380.1,ENST00001121381.1,ENST00001132669.1	5	multiple_isoforms_differential_probe_coverage
TUBB	5	58	5	0	58	ENST00000327892.13,ENST00000330914.8,ENST00000383564.8,ENST00000396384.2,ENST00000396389.6,ENST00000400530.1,ENST00000400531.5,ENST00000400534.5,ENST00000412136.5,ENST00000413547.5,ENST00000419551.5,ENST00000419792.6,ENST00000420400.5,ENST00000420618.1,ENST00000421473.6,ENST00000422650.6,ENST00000422674.6,ENST00000424734.5,ENST00000425102.1,ENST00000425136.5,ENST00000426754.5,ENST00000427480.5,ENST00000432462.6,ENST00000435546.5,ENST00000436335.5,ENST00000436628.6,ENST00000437490.5,ENST00000444441.1,ENST00000446385.1,ENST00000453350.1,ENST00000454454.5,ENST00000454620.1,ENST00000680530.1,ENST00000681421.1,ENST00000681435.1,ENST00000940306.2,ENST00000940307.2,ENST00000940308.2,ENST00000940309.2,ENST00001056069.1,ENST00001076412.1,ENST00001076427.1,ENST00001076432.1,ENST00001105049.1,ENST00001105050.1,ENST00001105051.1,ENST00001105052.1,ENST00001105053.1,ENST00001105054.1,ENST00001105055.1,ENST00001105056.1,ENST00001105057.1,ENST00001105058.1,ENST00001105059.1,ENST00001105060.1,ENST00001105061.1,ENST00001105062.1,ENST00001136864.1	39	ENST00000327892.13,ENST00000330914.8,ENST00000383564.8,ENST00000396384.2,ENST00000396389.6,ENST00000400530.1,ENST00000400531.5,ENST00000400534.5,ENST00000412136.5,ENST00000413547.5,ENST00000419551.5,ENST00000419792.6,ENST00000420618.1,ENST00000421473.6,ENST00000422650.6,ENST00000424734.5,ENST00000425102.1,ENST00000425136.5,ENST00000426754.5,ENST00000427480.5,ENST00000432462.6,ENST00000436335.5,ENST00000436628.6,ENST00000437490.5,ENST00000444441.1,ENST00000446385.1,ENST00000454454.5,ENST00000454620.1,ENST00000680530.1,ENST00000681421.1,ENST00000681435.1,ENST00000940306.2,ENST00000940309.2,ENST00001056069.1,ENST00001076412.1,ENST00001076427.1,ENST00001105049.1,ENST00001105050.1,ENST00001136864.1	4	multiple_isoforms_differential_probe_coverage
TUBB4B	5	15	5	0	15	ENST00000340384.5,ENST00000604929.1,ENST00000938213.2,ENST00000938214.2,ENST00000938215.2,ENST00001028113.1,ENST00001028115.1,ENST00001101184.1,ENST00001101185.1,ENST00001101186.1,ENST00001101187.1,ENST00001101188.1,ENST00001101189.1,ENST00001101190.1,ENST00001134395.1	7	ENST00000340384.5,ENST00000938213.2,ENST00001101185.1,ENST00001101188.1,ENST00001101189.1,ENST00001101190.1,ENST00001134395.1	5	multiple_isoforms_differential_probe_coverage
TWIST1	5	5	5	0	5	ENST00000242261.6,ENST00000354571.5,ENST00000443687.5,ENST00001128824.1,ENST00001143229.1	2	ENST00000242261.6,ENST00001143229.1	3	multiple_isoforms_differential_probe_coverage
TWIST2	5	10	5	0	10	ENST00000448943.3,ENST00000612363.2,ENST00000671947.1,ENST00000673387.1,ENST00000710607.1,ENST00000710608.1,ENST00000935934.2,ENST00000941615.2,ENST00001125769.1,ENST00001144003.1	2	ENST00000448943.3,ENST00000671947.1	3	multiple_isoforms_differential_probe_coverage
TXK	5	12	5	0	10	ENST00000264316.9,ENST00000506073.3,ENST00000507351.2,ENST00000509681.1,ENST00000510457.1,ENST00000514937.5,ENST00000960124.2,ENST00001096933.1,ENST00001126622.1,ENST00001137620.1	4	ENST00000264316.9,ENST00000506073.3,ENST00001096933.1,ENST00001137620.1	4	multiple_isoforms_differential_probe_coverage
TYK2	5	64	5	0	47	ENST00000524462.6,ENST00000524470.2,ENST00000525621.6,ENST00000525976.7,ENST00000527481.3,ENST00000529370.6,ENST00000529739.2,ENST00000530829.2,ENST00000531620.1,ENST00000531836.8,ENST00000533334.2,ENST00000534228.2,ENST00000699354.1,ENST00000699355.1,ENST00000699356.1,ENST00000699357.1,ENST00000699358.1,ENST00000699360.2,ENST00000907161.2,ENST00000907162.2,ENST00000907163.2,ENST00000913938.2,ENST00000955973.2,ENST00000955974.2,ENST00000955975.2,ENST00000955976.2,ENST00000955977.2,ENST00000955978.2,ENST00000973704.1,ENST00000973705.1,ENST00000973706.1,ENST00001029329.1,ENST00001029330.1,ENST00001029331.1,ENST00001029332.1,ENST00001029333.1,ENST00001029334.1,ENST00001029335.1,ENST00001029336.1,ENST00001029337.1,ENST00001029339.1,ENST00001029340.1,ENST00001029341.1,ENST00001071933.1,ENST00001071934.1,ENST00001071935.1,ENST00001135476.1	39	ENST00000524462.6,ENST00000525621.6,ENST00000525976.7,ENST00000527481.3,ENST00000529370.6,ENST00000529739.2,ENST00000530829.2,ENST00000531836.8,ENST00000533334.2,ENST00000534228.2,ENST00000699355.1,ENST00000699356.1,ENST00000699357.1,ENST00000699358.1,ENST00000699360.2,ENST00000907162.2,ENST00000907163.2,ENST00000913938.2,ENST00000955973.2,ENST00000955974.2,ENST00000955975.2,ENST00000955976.2,ENST00000955977.2,ENST00000973704.1,ENST00000973705.1,ENST00000973706.1,ENST00001029329.1,ENST00001029330.1,ENST00001029331.1,ENST00001029332.1,ENST00001029333.1,ENST00001029335.1,ENST00001029336.1,ENST00001029337.1,ENST00001029339.1,ENST00001071933.1,ENST00001071934.1,ENST00001071935.1,ENST00001135476.1	5	multiple_isoforms_differential_probe_coverage
TYMS	5	14	5	0	12	ENST00000323224.7,ENST00000323250.9,ENST00000323274.15,ENST00000581920.1,ENST00000918013.2,ENST00000918014.2,ENST00001086243.1,ENST00001086244.1,ENST00001086246.1,ENST00001086247.1,ENST00001086248.1,ENST00001131929.1	9	ENST00000323224.7,ENST00000323274.15,ENST00000918013.2,ENST00000918014.2,ENST00001086243.1,ENST00001086244.1,ENST00001086247.1,ENST00001086248.1,ENST00001131929.1	4	multiple_isoforms_differential_probe_coverage
TYROBP	5	26	5	0	26	ENST00000262629.9,ENST00000424586.8,ENST00000544690.7,ENST00000585626.1,ENST00000585901.7,ENST00000586946.1,ENST00000587837.5,ENST00000588439.1,ENST00000589517.2,ENST00000895009.2,ENST00000956527.2,ENST00000956528.2,ENST00000956529.2,ENST00000956530.2,ENST00000991447.1,ENST00001009071.1,ENST00001102813.1,ENST00001102814.1,ENST00001102815.1,ENST00001102816.1,ENST00001102817.1,ENST00001102818.1,ENST00001102819.1,ENST00001102820.1,ENST00001102821.1,ENST00001139044.1	17	ENST00000262629.9,ENST00000585901.7,ENST00000587837.5,ENST00000589517.2,ENST00000956527.2,ENST00000956528.2,ENST00000956529.2,ENST00000956530.2,ENST00000991447.1,ENST00001102813.1,ENST00001102814.1,ENST00001102816.1,ENST00001102817.1,ENST00001102818.1,ENST00001102819.1,ENST00001102820.1,ENST00001139044.1	5	multiple_isoforms_differential_probe_coverage
UBE2C	5	23	5	0	23	ENST00000243893.11,ENST00000335046.8,ENST00000352551.10,ENST00000356455.9,ENST00000372568.4,ENST00000405520.5,ENST00000496085.1,ENST00000617055.5,ENST00000934111.2,ENST00000934112.2,ENST00000934113.2,ENST00001066699.1,ENST00001066700.1,ENST00001066703.1,ENST00001066704.1,ENST00001066705.1,ENST00001066708.1,ENST00001066709.1,ENST00001066710.1,ENST00001066712.1,ENST00001092594.1,ENST00001092595.1,ENST00001133164.1	9	ENST00000352551.10,ENST00000356455.9,ENST00000934113.2,ENST00001066703.1,ENST00001066704.1,ENST00001066705.1,ENST00001066708.1,ENST00001092594.1,ENST00001133164.1	4	multiple_isoforms_differential_probe_coverage
UCP1	5	3	5	0	3	ENST00000262999.4,ENST00000956211.2,ENST00001134831.1	3	ENST00000262999.4,ENST00000956211.2,ENST00001134831.1	1	multiple_isoforms_same_probe_coverage
UPK3A	5	6	5	0	6	ENST00000216211.9,ENST00000396082.3,ENST00000938588.2,ENST00000957030.2,ENST00001075462.1,ENST00001131885.1	5	ENST00000216211.9,ENST00000396082.3,ENST00000957030.2,ENST00001075462.1,ENST00001131885.1	2	multiple_isoforms_differential_probe_coverage
VCAM1	5	16	5	0	15	ENST00000294728.7,ENST00000347652.7,ENST00000370115.2,ENST00000370119.9,ENST00000650339.1,ENST00000855907.2,ENST00000949395.2,ENST00000949396.2,ENST00000988852.1,ENST00001011558.1,ENST00001011559.1,ENST00001112640.1,ENST00001120419.1,ENST00001125052.1,ENST00001143533.1	11	ENST00000294728.7,ENST00000347652.7,ENST00000370119.9,ENST00000650339.1,ENST00000855907.2,ENST00000949395.2,ENST00000988852.1,ENST00001011558.1,ENST00001011559.1,ENST00001125052.1,ENST00001143533.1	4	multiple_isoforms_differential_probe_coverage
VCAN	5	13	5	0	11	ENST00000265077.8,ENST00000342785.9,ENST00000343200.10,ENST00000502527.3,ENST00000505615.1,ENST00000512590.7,ENST00000513016.5,ENST00000513960.5,ENST00000513984.6,ENST00000515397.1,ENST00001132471.1	6	ENST00000265077.8,ENST00000342785.9,ENST00000343200.10,ENST00000502527.3,ENST00000512590.7,ENST00001132471.1	4	multiple_isoforms_differential_probe_coverage
VEGFA	5	26	5	0	25	ENST00000230480.11,ENST00000324450.11,ENST00000372055.9,ENST00000372064.9,ENST00000372067.9,ENST00000372077.9,ENST00000413642.8,ENST00000417285.7,ENST00000425836.9,ENST00000457104.6,ENST00000476772.5,ENST00000480614.1,ENST00000482630.7,ENST00000497139.5,ENST00000512683.1,ENST00000518538.5,ENST00000518689.5,ENST00000518824.5,ENST00000519767.5,ENST00000520265.1,ENST00000520948.6,ENST00000523125.5,ENST00000523873.6,ENST00000523950.6,ENST00000672860.3	10	ENST00000230480.11,ENST00000372064.9,ENST00000372067.9,ENST00000372077.9,ENST00000425836.9,ENST00000480614.1,ENST00000520948.6,ENST00000523873.6,ENST00000523950.6,ENST00000672860.3	3	multiple_isoforms_differential_probe_coverage
VEGFB	5	34	5	0	31	ENST00000309422.7,ENST00000426086.4,ENST00000868565.2,ENST00000970131.1,ENST00000970132.2,ENST00000970133.2,ENST00000970134.2,ENST00001042187.1,ENST00001042188.1,ENST00001042189.1,ENST00001042190.1,ENST00001042191.1,ENST00001042192.1,ENST00001042194.1,ENST00001042195.1,ENST00001042196.1,ENST00001042197.1,ENST00001042198.1,ENST00001042199.1,ENST00001042200.1,ENST00001042201.1,ENST00001042202.1,ENST00001042203.1,ENST00001042205.1,ENST00001042207.1,ENST00001042208.1,ENST00001042209.1,ENST00001071019.1,ENST00001071020.1,ENST00001127272.1,ENST00001141387.1	3	ENST00000309422.7,ENST00000426086.4,ENST00001141387.1	4	multiple_isoforms_differential_probe_coverage
VEGFC	5	3	5	0	3	ENST00000507638.1,ENST00000618562.2,ENST00001135725.1	2	ENST00000618562.2,ENST00001135725.1	2	multiple_isoforms_differential_probe_coverage
VEGFD	5	6	5	0	6	ENST00000297904.4,ENST00000488351.1,ENST00000948564.2,ENST00001119040.1,ENST00001126755.1,ENST00001132583.1	3	ENST00000297904.4,ENST00000948564.2,ENST00001132583.1	3	multiple_isoforms_differential_probe_coverage
VHL	5	15	5	0	15	ENST00000256474.3,ENST00000345392.4,ENST00000477538.2,ENST00000696142.2,ENST00000696143.3,ENST00000696153.3,ENST00000713811.2,ENST00000713812.1,ENST00000713813.1,ENST00000713814.1,ENST00000713815.1,ENST00000713816.1,ENST00000713982.2,ENST00001104678.1,ENST00001142295.1	11	ENST00000256474.3,ENST00000345392.4,ENST00000477538.2,ENST00000696142.2,ENST00000696143.3,ENST00000696153.3,ENST00000713811.2,ENST00000713813.1,ENST00000713814.1,ENST00000713982.2,ENST00001142295.1	3	multiple_isoforms_differential_probe_coverage
VIM	5	26	5	0	26	ENST00000224237.10,ENST00000421459.2,ENST00000469543.5,ENST00000478746.1,ENST00000485947.1,ENST00000487938.5,ENST00000495528.1,ENST00000497849.1,ENST00000544301.7,ENST00000637053.1,ENST00000881961.2,ENST00000881962.2,ENST00000881963.2,ENST00000946784.2,ENST00000946785.2,ENST00000946786.2,ENST00000946787.2,ENST00000978705.1,ENST00001031270.1,ENST00001031271.1,ENST00001031276.1,ENST00001031281.1,ENST00001031282.1,ENST00001124066.1,ENST00001124067.1,ENST00001141527.1	16	ENST00000224237.10,ENST00000487938.5,ENST00000544301.7,ENST00000881961.2,ENST00000881962.2,ENST00000881963.2,ENST00000946784.2,ENST00000946785.2,ENST00000946787.2,ENST00000978705.1,ENST00001031270.1,ENST00001031271.1,ENST00001031276.1,ENST00001031281.1,ENST00001031282.1,ENST00001141527.1	4	multiple_isoforms_differential_probe_coverage
VPREB3	5	5	5	0	5	ENST00000248948.4,ENST00000398465.4,ENST00001100753.1,ENST00001100754.1,ENST00001134489.1	4	ENST00000248948.4,ENST00000398465.4,ENST00001100753.1,ENST00001134489.1	2	multiple_isoforms_differential_probe_coverage
VSIR	5	20	5	0	19	ENST00000394957.8,ENST00000470317.2,ENST00000481568.2,ENST00000866267.2,ENST00000866268.2,ENST00000866269.2,ENST00000866270.2,ENST00000866271.2,ENST00000866272.2,ENST00000954601.2,ENST00000954602.2,ENST00001020068.1,ENST00001020069.1,ENST00001020070.1,ENST00001121036.1,ENST00001121037.1,ENST00001123920.1,ENST00001123921.1,ENST00001136604.1	10	ENST00000394957.8,ENST00000866269.2,ENST00000866270.2,ENST00000954601.2,ENST00000954602.2,ENST00001020068.1,ENST00001020069.1,ENST00001020070.1,ENST00001123921.1,ENST00001136604.1	4	multiple_isoforms_differential_probe_coverage
VTN	5	29	5	0	29	ENST00000226218.9,ENST00000539746.1,ENST00000542029.1,ENST00000886528.2,ENST00000886529.2,ENST00000886530.2,ENST00000886531.2,ENST00000886532.2,ENST00000886533.2,ENST00000886534.2,ENST00000886535.2,ENST00000886536.2,ENST00000886537.2,ENST00000954238.2,ENST00001004085.1,ENST00001004086.1,ENST00001004087.1,ENST00001004088.1,ENST00001004089.1,ENST00001004093.1,ENST00001004094.1,ENST00001004097.1,ENST00001004099.1,ENST00001004101.1,ENST00001004105.1,ENST00001014539.1,ENST00001014540.1,ENST00001014541.1,ENST00001143453.1	16	ENST00000226218.9,ENST00000886529.2,ENST00000886530.2,ENST00000886531.2,ENST00000886532.2,ENST00000886533.2,ENST00000954238.2,ENST00001004086.1,ENST00001004087.1,ENST00001004089.1,ENST00001004094.1,ENST00001004097.1,ENST00001004099.1,ENST00001004101.1,ENST00001014539.1,ENST00001143453.1	5	multiple_isoforms_differential_probe_coverage
VWF	5	16	5	0	11	ENST00000261405.10,ENST00000321023.5,ENST00000538563.1,ENST00000538635.5,ENST00000895679.2,ENST00000895680.2,ENST00001002509.1,ENST00001108887.1,ENST00001114699.1,ENST00001114700.1,ENST00001139594.1	3	ENST00000261405.10,ENST00000895679.2,ENST00001139594.1	3	multiple_isoforms_differential_probe_coverage
WIF1	5	16	5	0	16	ENST00000286574.9,ENST00000543094.1,ENST00000546001.1,ENST00000904761.2,ENST00000904762.2,ENST00000904763.2,ENST00000904764.2,ENST00000954483.2,ENST00000954484.2,ENST00000954485.2,ENST00000954486.2,ENST00001018321.1,ENST00001018323.1,ENST00001018325.1,ENST00001115522.1,ENST00001138748.1	8	ENST00000286574.9,ENST00000954483.2,ENST00000954485.2,ENST00000954486.2,ENST00001018321.1,ENST00001018323.1,ENST00001018325.1,ENST00001138748.1	5	multiple_isoforms_differential_probe_coverage
WNT10B	5	9	5	0	6	ENST00000301061.9,ENST00000403957.6,ENST00000407467.6,ENST00000974795.1,ENST00001038382.1,ENST00001136496.1	5	ENST00000301061.9,ENST00000403957.6,ENST00000407467.6,ENST00001038382.1,ENST00001136496.1	2	multiple_isoforms_differential_probe_coverage
WNT11	5	21	5	0	19	ENST00000322563.8,ENST00000864022.2,ENST00000864023.2,ENST00000864024.2,ENST00000961017.2,ENST00000961018.2,ENST00000961019.2,ENST00000961020.2,ENST00000961021.2,ENST00000961022.2,ENST00000961023.2,ENST00000961024.2,ENST00000961025.2,ENST00000961026.2,ENST00000961027.2,ENST00000961028.2,ENST00001017246.1,ENST00001017247.1,ENST00001017248.1	19	ENST00000322563.8,ENST00000864022.2,ENST00000864023.2,ENST00000864024.2,ENST00000961017.2,ENST00000961018.2,ENST00000961019.2,ENST00000961020.2,ENST00000961021.2,ENST00000961022.2,ENST00000961023.2,ENST00000961024.2,ENST00000961025.2,ENST00000961026.2,ENST00000961027.2,ENST00000961028.2,ENST00001017246.1,ENST00001017247.1,ENST00001017248.1	1	multiple_isoforms_same_probe_coverage
WNT2	5	13	5	0	13	ENST00000265441.8,ENST00000449446.5,ENST00000461427.1,ENST00000491214.1,ENST00000647844.1,ENST00000950642.2,ENST00000994342.1,ENST00001013500.1,ENST00001112536.1,ENST00001112537.1,ENST00001128326.1,ENST00001128327.1,ENST00001134104.1	8	ENST00000265441.8,ENST00000449446.5,ENST00000647844.1,ENST00000994342.1,ENST00001013500.1,ENST00001128326.1,ENST00001128327.1,ENST00001134104.1	3	multiple_isoforms_differential_probe_coverage
WNT2B	5	8	5	0	8	ENST00000256640.10,ENST00000369684.5,ENST00000369686.10,ENST00000478360.1,ENST00000870348.2,ENST00000941629.2,ENST00000941630.2,ENST00000941631.2	7	ENST00000256640.10,ENST00000369684.5,ENST00000369686.10,ENST00000870348.2,ENST00000941629.2,ENST00000941630.2,ENST00000941631.2	2	multiple_isoforms_differential_probe_coverage
WNT3	5	18	5	0	14	ENST00000225512.6,ENST00000573788.5,ENST00000611547.1,ENST00000616347.2,ENST00000632508.1,ENST00000706483.1,ENST00000706484.1,ENST00000706485.1,ENST00000706495.1,ENST00000867601.1,ENST00000931041.2,ENST00001065826.1,ENST00001065827.1,ENST00001143752.1	9	ENST00000225512.6,ENST00000611547.1,ENST00000616347.2,ENST00000706495.1,ENST00000867601.1,ENST00000931041.2,ENST00001065826.1,ENST00001065827.1,ENST00001143752.1	3	multiple_isoforms_differential_probe_coverage
WNT5A	5	9	5	0	7	ENST00000264634.9,ENST00000474267.5,ENST00000482079.1,ENST00000497027.5,ENST00000497817.1,ENST00001031900.1,ENST00001108514.1	3	ENST00000264634.9,ENST00000474267.5,ENST00000497027.5	2	multiple_isoforms_differential_probe_coverage
WNT5B	5	25	5	0	24	ENST00000310594.8,ENST00000397196.7,ENST00000537031.6,ENST00000539198.5,ENST00000542408.2,ENST00000543071.5,ENST00000543563.1,ENST00000545747.1,ENST00000545811.5,ENST00000861256.2,ENST00000861257.2,ENST00000861258.1,ENST00000861259.2,ENST00000861260.2,ENST00000861261.2,ENST00000861262.2,ENST00000861263.2,ENST00000861264.2,ENST00000861265.2,ENST00000935027.2,ENST00000969384.2,ENST00000969385.2,ENST00000969386.2,ENST00001135403.1	17	ENST00000310594.8,ENST00000397196.7,ENST00000537031.6,ENST00000861256.2,ENST00000861257.2,ENST00000861258.1,ENST00000861259.2,ENST00000861260.2,ENST00000861261.2,ENST00000861262.2,ENST00000861263.2,ENST00000861264.2,ENST00000861265.2,ENST00000935027.2,ENST00000969385.2,ENST00000969386.2,ENST00001135403.1	4	multiple_isoforms_differential_probe_coverage
WNT7A	5	4	5	0	4	ENST00000285018.5,ENST00000489346.1,ENST00000497808.1,ENST00001138497.1	2	ENST00000285018.5,ENST00001138497.1	3	multiple_isoforms_differential_probe_coverage
WNT7B	5	6	5	0	6	ENST00000339464.9,ENST00000409496.8,ENST00000410058.2,ENST00000410089.6,ENST00000428540.1,ENST00001131649.1	4	ENST00000339464.9,ENST00000409496.8,ENST00000410089.6,ENST00001131649.1	3	multiple_isoforms_differential_probe_coverage
WNT9A	5	2	5	0	2	ENST00000272164.6,ENST00001143907.1	2	ENST00000272164.6,ENST00001143907.1	1	multiple_isoforms_same_probe_coverage
XBP1	5	14	5	0	14	ENST00000216037.11,ENST00000344347.6,ENST00000403532.8,ENST00000405219.8,ENST00000482720.1,ENST00000484256.1,ENST00000877101.2,ENST00000933819.2,ENST00000977384.1,ENST00000977385.1,ENST00000977387.1,ENST00001119358.1,ENST00001119359.1,ENST00001131974.1	10	ENST00000216037.11,ENST00000344347.6,ENST00000403532.8,ENST00000933819.2,ENST00000977384.1,ENST00000977385.1,ENST00000977387.1,ENST00001119358.1,ENST00001119359.1,ENST00001131974.1	4	multiple_isoforms_differential_probe_coverage
XCL1	5	3	5	0	3	ENST00000367818.4,ENST00001101069.1,ENST00001144405.1	3	ENST00000367818.4,ENST00001101069.1,ENST00001144405.1	1	multiple_isoforms_same_probe_coverage
XCL2	5	4	5	0	4	ENST00000367819.3,ENST00001101058.1,ENST00001101059.1,ENST00001143305.1	4	ENST00000367819.3,ENST00001101058.1,ENST00001101059.1,ENST00001143305.1	1	multiple_isoforms_same_probe_coverage
YBX3	5	74	5	0	66	ENST00000228251.9,ENST00000279550.12,ENST00000536107.5,ENST00000539204.5,ENST00000540447.5,ENST00000540975.5,ENST00000542002.5,ENST00000542641.5,ENST00000544622.4,ENST00000546298.5,ENST00000895010.2,ENST00000895011.2,ENST00000895012.2,ENST00000895013.2,ENST00000895014.2,ENST00000895015.2,ENST00000895016.2,ENST00000895017.2,ENST00000895018.2,ENST00000932591.2,ENST00000932592.2,ENST00000932593.2,ENST00000932594.2,ENST00000955201.2,ENST00000955202.2,ENST00000955203.2,ENST00000955204.2,ENST00000955205.2,ENST00000955206.2,ENST00000955207.2,ENST00000955208.2,ENST00000955209.2,ENST00000955210.2,ENST00000955211.2,ENST00000955212.2,ENST00000955213.2,ENST00000955214.2,ENST00000955215.2,ENST00001026689.1,ENST00001026690.1,ENST00001026693.1,ENST00001026694.1,ENST00001026695.1,ENST00001026696.1,ENST00001026697.1,ENST00001026698.1,ENST00001026699.1,ENST00001026700.1,ENST00001026703.1,ENST00001026704.1,ENST00001026706.1,ENST00001026707.1,ENST00001026709.1,ENST00001026718.1,ENST00001026722.1,ENST00001026723.1,ENST00001058719.1,ENST00001058720.1,ENST00001058721.1,ENST00001058722.1,ENST00001058723.1,ENST00001058724.1,ENST00001058725.1,ENST00001113770.1,ENST00001122097.1,ENST00001135776.1	46	ENST00000228251.9,ENST00000279550.12,ENST00000895010.2,ENST00000895011.2,ENST00000895012.2,ENST00000895013.2,ENST00000895014.2,ENST00000895015.2,ENST00000895016.2,ENST00000895017.2,ENST00000932591.2,ENST00000932592.2,ENST00000932593.2,ENST00000955202.2,ENST00000955203.2,ENST00000955204.2,ENST00000955205.2,ENST00000955206.2,ENST00000955207.2,ENST00000955208.2,ENST00000955209.2,ENST00000955210.2,ENST00000955212.2,ENST00000955213.2,ENST00000955214.2,ENST00001026694.1,ENST00001026695.1,ENST00001026696.1,ENST00001026697.1,ENST00001026698.1,ENST00001026699.1,ENST00001026703.1,ENST00001026704.1,ENST00001026706.1,ENST00001026707.1,ENST00001026709.1,ENST00001026718.1,ENST00001026722.1,ENST00001058719.1,ENST00001058721.1,ENST00001058722.1,ENST00001058723.1,ENST00001058724.1,ENST00001058725.1,ENST00001113770.1,ENST00001135776.1	5	multiple_isoforms_differential_probe_coverage
YES1	5	30	5	0	30	ENST00000314574.5,ENST00000577611.1,ENST00000577961.5,ENST00000581960.1,ENST00000584307.5,ENST00000892684.2,ENST00000892685.2,ENST00000892686.2,ENST00000892687.2,ENST00000892688.2,ENST00000892689.2,ENST00000925072.2,ENST00000925073.2,ENST00000925074.1,ENST00000925075.2,ENST00000925076.2,ENST00000925077.2,ENST00000925078.2,ENST00000925079.2,ENST00000925080.2,ENST00000945836.2,ENST00000945837.2,ENST00000945838.2,ENST00000945839.2,ENST00000978960.1,ENST00001019592.1,ENST00001019593.1,ENST00001019594.1,ENST00001019595.1,ENST00001111220.1	25	ENST00000314574.5,ENST00000577961.5,ENST00000584307.5,ENST00000892684.2,ENST00000892685.2,ENST00000892686.2,ENST00000892687.2,ENST00000892688.2,ENST00000892689.2,ENST00000925072.2,ENST00000925073.2,ENST00000925074.1,ENST00000925075.2,ENST00000925076.2,ENST00000925077.2,ENST00000925078.2,ENST00000925080.2,ENST00000945836.2,ENST00000945837.2,ENST00000945839.2,ENST00000978960.1,ENST00001019592.1,ENST00001019593.1,ENST00001019594.1,ENST00001019595.1	3	multiple_isoforms_differential_probe_coverage
ZFP36	5	9	5	0	8	ENST00000594045.2,ENST00000597629.3,ENST00000600033.1,ENST00000652583.1,ENST00000918416.2,ENST00001102433.1,ENST00001122778.1,ENST00001122779.1	5	ENST00000597629.3,ENST00000652583.1,ENST00001102433.1,ENST00001122778.1,ENST00001122779.1	3	multiple_isoforms_differential_probe_coverage
